tree
version=v4
num_class=1
num_tree_per_iteration=1
label_index=0
max_feature_idx=40
objective=binary sigmoid:1
feature_names=amount_diff_abs amount_diff_rel amount_exact_match payment_covers_invoice amount_ratio is_typical_discount is_bank_fee_gap is_retention_gap days_to_due days_since_creation is_before_creation days_to_due_zscore ref_exact_in_label ref_partial_in_label invoice_id_in_label name_jaro_winkler name_token_set_ratio label_length label_has_no_alpha iban_route iban_matches_invoice_debtor bankroll_code channel payment_type same_agreement assignor_active_at_value_date agreement_active_at_creation debtor_mean_payment_delay debtor_std_payment_delay debtor_partial_payment_rate debtor_grouping_rate debtor_open_invoice_count debtor_open_invoice_amount debtor_ref_citation_rate debtor_payment_count market product recourse rank_in_payment score_margin_to_second n_candidates
feature_infos=[-5807212:7774290] [-0.99996434725770988:5557.6940509915012] [0:1] [0:1] [3.565274229009448e-05:5558.6940509915012] [0:1] [0:1] [0:1] [-55:92] [0:147] none [-198.69700551341984:53] [0:1] [0:1] none [0:1] [0:1] [0:47] [0:1] -1:1:0:2 [0:1] -1:2:0:3:1 -1:2:0:3:1 -1:3:2:1:0 [0:1] [0:1] none [-10:47.516129032258064] [0:21.525783957849246] [0:1] [0:0.80000000000000004] [1:76] [41410:40251766] [0:1] [0:134] -1:2:0:3:1 -1:2:1:0 [0:1] [1:158] [0:0.73976716653457464] [1:158]
tree_sizes=3401 3412 3408 3424 3434 3420 3467 3440 3454 3457 3446 3473 3475 3470 3472 3482 3495 3463 3483 3505 3501 3490 3511 3484 3488 3465 3506 3489 3502 3464 3500 3507 3509 3488 3492 3493 3518 3486 3465 3513 3484 3503 3505 3515 3505 3494 3506 3508 3498 3496 3521 3502 3493 3517 3522 3523 3504 3511 3468 3534 3497 3527 3495 3509 3519 3465 3536 3463 3475 3517 3492 3467 3474 3495 3494 3495 3504 3455 3511 3519 3485 3472 3491 3469 3510 3481 3492 3499 3483 3465 3492 3518 3491 3470 3463 3485 3433 3482 3478 3482

Tree=0
num_leaves=31
num_cat=2
split_feature=38 38 39 38 39 39 8 39 8 20 19 8 39 8 11 38 15 39 11 0 38 11 8 1 11 20 19 38 38 4
split_gain=2.4295e+06 186095 283457 48204.6 67795.3 30683.4 8505.03 7734.01 19451.1 18269.6 8384.88 6011.01 5566.09 4243 4080.56 3836.51 3272.7 2982.8 2914.12 2747.22 2569.31 2526.73 2163.29 1999.44 1842.51 1753.07 4843.27 1561.94 1503.93 1345.77
threshold=5.5000000000000009 1.5000000000000002 0.16791846413940573 7.5000000000000009 0.034736829262521807 0.034736829262521807 -1.4999999999999998 0.027765599897217611 -1.4999999999999998 1.0000000180025095e-35 0 -2.4999999999999996 0.31125046940057105 -4.4999999999999991 -0.87881339783382795 3.5000000000000004 0.99583333333333346 0.18050099971253739 -0.26047384478338809 266894.00000000006 3.5000000000000004 -0.13980543333932158 3.5000000000000004 2.8932492472191522 -1.2901528235043045 1.0000000180025095e-35 1 2.5000000000000004 9.5000000000000018 0.87602919171390992
decision_type=2 2 2 2 2 2 2 2 2 2 1 2 2 2 8 2 2 2 10 2 2 8 2 2 8 2 1 2 2 2
left_child=1 -1 5 4 6 13 -2 8 -5 10 -10 -7 15 -3 28 18 -12 22 27 -15 23 -18 -6 -13 -8 26 -26 -4 -11 -20
right_child=3 2 12 7 17 11 24 -9 9 14 16 20 -14 19 -16 -17 21 -19 29 -21 -22 -23 -24 -25 25 -27 -28 -29 -30 -31
leaf_value=-0.72531151202691246 -2.6160520604107806 -2.5020215337233203 -1.6467055173419858 -3.2273518156290786 -3.083508605177474 -2.6768691135186797 -1.8475163685707534 -3.2439603050483869 -3.254616685539649 -1.7053958967256986 -3.1380376602823583 -1.2692969176304694 -3.076671348227118 -1.1253882279528962 -1.2189028936649675 -2.9596385996851247 -2.4081404141533493 -3.2107659978142702 -3.1152888667450385 -0.79775514148600957 -1.8582787905114451 -1.0632770428894118 -2.360093631203168 -1.8015595373647795 -3.254616685539649 -0.96194169211425296 -1.0776098255456801 -2.3438425257421791 -2.6153777154504048 -2.4582447372325689
leaf_weight=7786.7998035289347 47.523748483508825 15.508892316371201 56.620636578649282 1113.0434414185584 81.856453366577625 52.526373289525509 36.498062659054995 7448.029544647783 217.00362249091268 33.149849206209183 20.024043161422014 276.31826153770089 682.16419926285744 296.01498363912106 98.617485463619232 197.84380140528083 24.81989349424839 479.11337292566895 50.263833604753017 1889.8454658165574 188.91224604099989 31.958306070417166 83.50849037244916 94.785413462668657 13.314072318375111 217.89309701323509 43.963904079049826 74.329205371439457 40.169981759041548 82.075638495385647
leaf_count=9166 916 282 566 27966 1944 1043 435 188321 5509 350 486 1764 16156 1482 582 4464 429 11962 1209 3535 2271 141 1405 1088 338 750 200 1239 774 1458
internal_value=-1.98528 -1.00909 -1.56748 -3.12824 -2.47081 -1.02801 -1.36992 -3.20134 -3.0003 -2.45768 -2.9368 -1.65401 -2.89526 -0.853818 -1.63896 -2.62689 -2.03883 -3.08438 -2.37686 -0.842124 -1.55807 -1.65117 -2.71819 -1.40524 -1.1799 -1.09135 -1.58365 -2.04241 -2.20395 -2.7078
internal_weight=21774.5 11744 3957.21 10030.5 1003.67 2813.91 359.193 9026.82 1578.79 465.743 293.806 612.542 1143.3 2201.37 171.937 461.133 76.8022 644.478 263.289 2185.86 560.016 56.7782 165.365 371.104 311.669 275.171 57.278 130.95 73.3198 132.339
internal_count=288231 45723 36557 242508 17950 11465 2639 224558 36237 8271 6565 6166 25092 5299 1706 8936 1056 15311 4472 5017 5123 570 3349 2852 1723 1288 538 1805 1124 2667
cat_boundaries=0 1 2
cat_threshold=2 2
is_linear=0
shrinkage=1


Tree=1
num_leaves=31
num_cat=1
split_feature=38 8 8 39 15 4 38 39 20 38 9 29 31 19 11 2 34 39 0 40 11 17 39 34 11 1 40 29 32 27
split_gain=98114.8 6666.31 2948.77 4332.19 1367.69 1208.69 2169.45 4548.9 921.013 570.995 448.524 693.506 992.205 649.043 321.278 319.371 289.056 621.074 250.24 238.115 231.966 346.138 505.14 403.305 225.707 224.672 214.315 245.166 212.983 205.048
threshold=8.5000000000000018 -8.4999999999999982 -3.4999999999999996 0.044248002164940632 0.99583333333333346 0.93990192158917441 2.5000000000000004 0.19501475604699692 1.0000000180025095e-35 22.500000000000004 39.500000000000007 0.13172353961827649 20.500000000000004 0 -1.6083918585847752 1.0000000180025095e-35 107.50000000000001 0.062319588556741141 647283.50000000012 35.500000000000007 0.10792626073760574 41.500000000000007 0.42313505250873645 36.500000000000007 -4.7293038001258827 3.6184023992641943 99.500000000000014 0.040408163265306128 6654143.0000000009 1.0000000180025095e-35
decision_type=2 2 2 2 2 2 2 2 2 2 2 10 2 1 8 2 2 2 2 2 8 2 2 2 8 2 2 8 2 8
left_child=1 15 -2 4 8 6 -3 14 -4 10 11 25 24 -14 -8 -1 -5 -18 -10 -15 -9 29 23 -23 -13 26 27 -6 -12 -22
right_child=2 5 3 16 9 -7 7 20 18 -11 28 12 13 19 -16 -17 17 -19 -20 -21 21 22 -24 -25 -26 -27 -28 -29 -30 -31
leaf_value=-0.10471682058528309 -0.10275003432504981 0.29694834957328292 -0.10392108339747319 -0.081051375950903282 0.45849520377986019 0.30694258149649767 0.11551853809082396 -0.076145648304933866 0.037530955486163919 -0.10654801994934714 -0.018342936777876611 1.1165135054000144 2.4811872636543355 1.4406574287766047 0.30325231242898687 0.39811855965048065 1.893445790237362 -0.10390090740138785 0.3932235405128377 0.45511697827839304 0.53161479250954879 0.42104657185054367 -0.10435644735944234 1.8478632036634719 -0.10823949744852378 -0.10854386011869761 1.1613928344657594 -0.10841480166976902 0.28575402038337622 -0.010347125764669974
leaf_weight=424.41438144817948 6029.9004297815263 4833.1385471001267 191.79043879359961 1430.2861530743539 52.162844572216272 54449.725442852825 99.622439343482256 488.20036362484097 28.856299225240946 34.870904784649611 24.258807558566332 1.9084516204893587 4.5148773565888405 6.0347657352685911 1072.9109130240977 13.018617585301397 2.3374844864010802 4.6614062525331974 62.877643436193466 4.1287831552326679 7.3251224458217639 4.4243024438619596 6.9669291861355296 3.5873588062822819 7.1122602038085478 9.1734307631850225 3.6797992698848239 8.9350395835936052 455.224907618016 148.60304138436913
leaf_count=10384 166395 4738 5288 39269 182 37725 916 11522 201 753 419 12 11 20 3248 21 20 129 130 48 110 65 175 24 147 186 23 184 2415 3471
internal_value=0.255573 0.299238 -0.0658155 0.0296534 0.202295 0.302022 0.261826 0.169148 0.020728 0.286409 0.310152 0.505498 0.976253 1.48349 0.287302 -0.0897517 -0.0779143 0.563172 0.281335 1.0403 -0.041045 0.059221 0.518389 1.05993 0.150873 0.354636 0.420228 0.375589 0.270369 0.0151129
internal_weight=69914.7 61551.9 8362.71 2332.81 895.529 61114.5 6664.78 1831.64 283.524 612.005 577.134 97.6503 23.6991 14.6784 1172.53 437.433 1437.29 6.99889 91.7339 10.1635 659.107 170.907 14.9786 8.01166 9.02071 73.9511 64.7777 61.0979 479.484 155.928
internal_count=288231 72399 215832 49437 10019 61994 24269 19531 5619 4400 3647 813 238 79 4164 10405 39418 149 331 68 15367 3845 264 89 159 575 389 366 2834 3581
cat_boundaries=0 1
cat_threshold=1
is_linear=0
shrinkage=0.1


Tree=2
num_leaves=31
num_cat=0
split_feature=38 8 38 39 8 39 4 38 39 38 31 39 15 9 27 31 27 33 1 9 32 2 8 39 27 1 20 24 17 17
split_gain=66786.9 5681.44 1494.97 2688.51 1452.39 1930.1 567.913 974.446 2426.56 536.555 331.842 253.669 396.354 579.281 683.595 675.575 485.486 423.863 540.905 360.024 250.579 245.511 215.82 204.277 190.068 187.329 185.698 172.241 284.044 497.818
threshold=9.5000000000000018 -8.4999999999999982 6.5000000000000009 0.07351394618042785 -3.4999999999999996 0.020772423680825287 0.93990192158917441 2.5000000000000004 0.19501475604699692 17.500000000000004 20.500000000000004 0.10927202653146546 0.99583333333333346 71.500000000000014 27.469987995198082 28.500000000000004 26.869932432432435 0.13104996096799379 -0.53515420623559662 66.500000000000014 6654143.0000000009 1.0000000180025095e-35 -4.4999999999999991 0.022055663637435555 7.2071428571428582 -0.86399321942245955 1.0000000180025095e-35 1.0000000180025095e-35 34.500000000000007 35.500000000000007
decision_type=2 2 2 2 2 2 2 2 2 2 2 2 2 2 8 2 10 8 2 2 2 2 2 2 8 2 2 2 2 2
left_child=1 21 6 20 -2 9 7 -3 22 10 26 12 -7 17 15 16 -15 18 -14 -20 23 -1 -9 -4 -19 -22 -6 -5 -29 -30
right_child=4 2 3 27 5 11 -8 8 -10 -11 -12 -13 13 14 -16 -17 -18 24 19 -21 25 -23 -24 -25 -26 -27 -28 28 29 -31
leaf_value=-0.10409824866801379 -0.10221815519134166 0.24130187591940438 0.17539855138267568 -0.03954503857309935 -0.021427569688490578 -0.10389371311668148 0.25043818385686201 -0.10828415275484778 -0.033749625787481106 -0.024411641167132583 0.23544830239544157 -0.094780458100400644 1.5209617997199174 -0.10503581058287254 -0.10423540003430626 2.2883196417483225 2.5352028805750577 0.23353737724649745 -0.10724410095005546 1.6958998290031078 -0.030354800659167194 0.30405765161965914 0.23607847879198998 -0.10892046795878796 -0.07809209592767373 0.25974372020590092 0.20810409471524138 0.057072517034193387 2.0491249072547641 -0.10917135897757824
leaf_weight=489.98006281629205 5340.1792041175067 5321.4225246794522 128.97320396825671 532.64945973828435 98.903273038566113 139.0291800647974 58887.313282702118 18.485256791114807 488.55923599749804 162.5862889662385 366.40744392201304 1059.0951929353178 4.306793797761201 3.2739172056317312 5.477134007960557 3.9037007950246334 0.88463568687438954 26.08272668346763 7.5962314009666425 1.2962720915675161 22.738013725727797 15.194351032376288 1177.1707073263824 31.427986543625593 78.40555964410305 1057.5050582811236 54.763584174215794 14.430677816271784 2.1676780208945265 2.1078900471329689
leaf_count=13555 162106 4738 759 12468 1950 4124 30940 276 11125 3460 1424 31511 37 88 146 26 4 218 186 7 158 21 2682 574 1895 3172 194 335 8 44
internal_value=0.211417 0.242292 0.244785 0.154665 -0.0749365 -0.00252685 0.247236 0.22032 0.154027 0.134149 0.183719 -0.0727139 0.0137618 0.138413 0.757852 1.34352 0.456614 0.067149 0.601105 0.155603 0.23632 -0.091822 0.230755 0.119691 -0.000302071 0.253637 0.0603726 -0.0290708 0.269178 0.985067
internal_weight=75542.3 68190.1 67685 1792 7352.19 2012.01 65893 7005.64 1684.22 682.661 520.074 1329.35 270.256 131.227 13.5394 8.06225 4.15855 117.688 13.1993 8.8925 1240.64 505.174 1195.66 160.401 104.488 1080.24 153.667 551.356 18.7062 4.27557
internal_count=288231 80855 67279 17518 207376 45270 49761 18821 14083 7028 3568 38242 6731 2607 264 118 92 2343 230 193 4663 13576 2958 1333 2113 3330 2144 12855 387 52
is_linear=0
shrinkage=0.1


Tree=3
num_leaves=31
num_cat=2
split_feature=38 8 38 39 39 8 38 39 19 39 20 11 9 28 4 38 39 39 17 33 17 20 19 2 4 0 0 8 9 39
split_gain=49305.7 4140.48 1553.92 4359.22 1338.11 1417.53 395.67 359.049 790.999 630.568 407.764 337.522 295.317 294.457 255.723 455.922 1932.64 271.474 231.711 225.44 268.651 214.075 1659.9 199.883 196.162 255.608 247.64 195.102 357.971 291.266
threshold=9.5000000000000018 -8.4999999999999982 4.5000000000000009 0.20777378277073297 0.011831586556072084 -3.4999999999999996 18.500000000000004 0.07351394618042785 0 0.1635089551718085 1.0000000180025095e-35 -1.5795652589638265 26.500000000000004 7.2652593227386353 0.93990192158917441 1.5000000000000002 0.19501475604699692 0.43032549276539267 27.500000000000004 0.41955396256471528 39.500000000000007 1.0000000180025095e-35 1 1.0000000180025095e-35 2.2884261392412744 215794.00000000003 -387793.99999999994 1.5000000000000002 46.500000000000007 0.023649553675079708
decision_type=2 2 2 2 2 2 2 2 1 2 2 10 2 10 2 2 2 2 2 10 2 2 1 2 2 2 2 2 2 2
left_child=1 23 14 7 5 -2 18 21 10 -10 -9 -12 13 -13 15 -3 -17 -18 -7 20 -11 22 -4 -1 26 -26 -14 28 29 -23
right_child=4 2 3 -5 -6 6 -8 8 9 19 11 12 24 -15 -16 16 17 -19 -20 -21 -22 27 -24 -25 25 -27 -28 -29 -30 -31
leaf_value=-0.10369662715924965 -0.091407883973804852 0.21321413448011142 -0.1202818989587896 -0.050043016645637067 -0.094302651157962908 0.18952507158073251 -0.046825959416407166 -0.11102813195158463 0.13735405665061312 -0.10796158976666054 -0.055082260562443058 1.2060595245645374 -0.11483143276959207 -0.10786427208088166 0.2163345328799037 0.21358745033175561 0.044292879582296191 -0.105993511189787 0.018869197450848991 0.95507517711304901 0.80745371951915568 0.20340844545395056 0.22161122308191084 0.25077470605567481 1.0323714768756729 -0.11749009984231121 0.24887402092162936 0.22104098915360462 -0.12966646104668192 -0.018327141905871026
leaf_weight=444.98188150860369 592.31758129224181 4649.2807871997356 173.75947611406446 837.63775702938437 5599.9505486004055 438.06640702858567 113.76531478017569 105.75357428565621 36.532269112765789 5.5558422803878766 82.350764505565166 5.3269772939383975 21.344156697392464 2.5089426822960377 57721.446477353573 1556.3466331586242 359.12638473138213 180.66082743182778 97.218554992228746 19.707179974764585 7.5796570479869843 575.84917040541768 777.03464922122657 16.497685790061951 2.0497344173490992 34.012789513915777 152.3060413710773 3552.0941874515265 39.473402014002204 66.033818013966084
leaf_count=13555 19468 1131 2286 18678 182047 1996 2613 1701 289 102 1203 16 283 42 22900 2174 5305 3700 1252 56 10 1070 1063 21 17 360 930 2952 371 640
internal_value=0.182978 0.207542 0.209484 0.16287 -0.0734801 0.0204527 0.122536 0.194384 0.111173 0.423209 0.0578088 0.117346 0.182617 0.785361 0.214181 0.195758 0.157039 -0.00600632 0.158531 0.741177 0.420266 0.202009 0.15913 -0.0910244 0.160095 -0.0521339 0.204169 0.211639 0.162623 0.180597
internal_weight=78266.6 71425.3 70963.8 6496.91 6841.32 1241.37 649.05 5659.27 475.028 69.3749 405.653 299.899 217.549 7.83592 64466.9 6745.41 2096.13 539.787 535.285 32.8427 13.1355 5184.24 950.794 461.48 209.713 36.0625 173.65 4233.45 681.356 641.883
internal_count=288231 80855 67279 32069 207376 25329 5861 13391 5009 457 4552 2851 1648 58 35210 12310 11179 9005 3248 168 112 8382 3349 13576 1590 377 1213 5033 2081 1710
cat_boundaries=0 1 2
cat_threshold=2 2
is_linear=0
shrinkage=0.1


Tree=4
num_leaves=31
num_cat=2
split_feature=38 8 38 39 8 39 31 39 19 38 20 19 24 28 34 20 11 11 38 39 0 8 39 39 0 30 28 32 29 39
split_gain=38084.7 3179.73 1466.32 4292.45 1301.07 1345.4 474.833 403.144 767.331 319.481 261.723 1898.2 252.32 239.339 241.709 233.047 221.245 209.219 192.36 1177.99 476.322 377.356 298.636 347.669 270.617 388.657 369.017 324.533 251.303 244.972
threshold=9.5000000000000018 -8.4999999999999982 3.5000000000000004 0.24071298925050191 -3.4999999999999996 0.060221011926027808 20.500000000000004 0.15096026006289212 0 22.500000000000004 1.0000000180025095e-35 1 1.0000000180025095e-35 3.2003415458669284 26.500000000000004 1.0000000180025095e-35 -0.33324588557734375 -2.1689900122646151 1.5000000000000002 0.22169515860335534 85993.000000000015 13.500000000000002 0.60594598349637396 0.38323408392590957 318744.00000000006 0.26220238095238102 8.2448020087751761 5418170.0000000009 0.052177858439201454 0.36540597674335024
decision_type=2 2 2 2 2 2 2 2 1 2 2 1 2 8 2 2 8 8 2 2 2 2 2 2 2 10 8 2 10 2
left_child=1 -1 18 7 -2 6 12 10 -9 17 11 -4 15 -10 -15 -6 -12 -8 -3 -20 29 22 23 -22 25 -25 -26 28 -27 -21
right_child=4 2 3 -5 5 -7 9 8 13 -11 16 -13 -14 14 -16 -17 -18 -19 19 20 21 -23 -24 24 26 27 -28 -29 -30 -31
leaf_value=-0.090283709733995271 -0.10132458636204141 0.19400625374036065 -0.12086511902795094 -0.048764471648118465 -0.087754101211115765 -0.084497210944165013 -0.062430362983352784 0.0081486533386884111 0.87338457542383496 -0.10546091301769181 0.16242927205438248 0.18564472351516118 0.32549627988086099 -0.11072030832284152 0.33659236432820777 0.11949933604940564 0.19668592166153359 0.17360406415752219 0.18955973326597986 0.079704298617259139 0.15609073041333577 0.0055603711913454453 -0.10999628641263492 -0.10999628641263492 0.68252557352734444 -0.10999628641263481 -0.10999628641263492 0.11723343087376331 0.79144461197614424 -0.055010462921046513
leaf_weight=421.24362228065729 4442.7530769910663 49381.075256958604 239.36986844055355 975.45426483266056 228.49976608529687 979.80622983910143 40.469102082774043 351.43114597722888 7.1324563287198535 50.721065329387784 3140.1491091363132 1295.8479600846767 20.331211963668466 14.051559178158639 86.100958149880171 71.148673316463828 4717.8621935192496 521.2473441939801 10876.380335655063 272.59250685200095 223.10117171704769 134.4653190523386 28.338504910469055 21.150604248046875 38.291669368743896 3.6352601051330593 6.94004201889038 20.546462774276733 20.716907501220703 267.3974717669189
leaf_count=13576 162106 9162 3202 20919 6288 34114 572 5300 55 1443 5785 1621 61 235 407 349 2830 2443 7397 2556 999 1116 343 256 173 44 84 204 72 4519
internal_value=0.163098 0.183662 0.185262 0.151336 -0.0716396 -0.00267106 0.0833138 0.171148 0.0796096 0.134896 0.175619 0.137854 -0.015413 0.313693 0.273834 -0.0385437 0.182997 0.156599 0.191255 0.179849 0.0780215 0.148646 0.20169 0.228105 0.372484 0.243435 0.560926 0.409927 0.656879 0.0129949
internal_weight=78898.3 72543.3 72122 10827.4 6354.98 1912.22 932.417 9851.95 458.716 612.438 9393.23 1535.22 319.98 107.285 100.153 299.648 7858.01 561.716 61294.6 11913.6 1037.18 497.186 362.721 334.382 111.281 66.0492 45.2317 44.8986 24.3522 539.99
internal_count=288231 80855 67279 40354 207376 45270 11156 19435 5997 4458 13438 4823 6698 697 642 6637 8615 3015 26925 17763 10366 3291 2175 1832 833 576 257 320 116 7075
cat_boundaries=0 1 2
cat_threshold=2 2
is_linear=0
shrinkage=0.1


Tree=5
num_leaves=31
num_cat=0
split_feature=38 8 38 39 8 39 15 39 8 20 39 0 20 5 16 15 1 4 33 11 1 40 32 28 27 38 28 34 27 27
split_gain=30383.1 2531.31 1450.51 3818.84 1221.58 1144.87 471.344 427.278 383.123 356.062 317.992 260.63 318.29 349.59 275.05 341.952 415.971 457.19 264.795 252.07 251.806 245.52 317.093 322.023 256.018 559.778 238.827 302.579 234.927 245.958
threshold=9.5000000000000018 -8.4999999999999982 2.5000000000000004 0.20777378277073297 -3.4999999999999996 0.10927202653146546 0.99583333333333346 0.023649553675079708 -1.0000000180025095e-35 1.0000000180025095e-35 0.47713735876905189 -276601.49999999994 1.0000000180025095e-35 1.0000000180025095e-35 0.088932806324110714 0.45851139601139607 -0.28334450428514352 0.69250479068685578 0.16823899371069184 -1.4628635305509567 -0.46919780536886485 18.500000000000004 6516087.0000000009 18.056811378586413 33.808163265306128 4.5000000000000009 2.9024654192864809 13.500000000000002 16.019230769230774 11.15587044534413
decision_type=2 2 2 2 2 2 2 2 2 2 2 2 2 2 2 2 2 2 8 10 2 2 2 10 8 2 8 2 10 10
left_child=1 -1 -3 7 -2 6 9 20 19 -6 11 -5 -13 14 -14 16 17 -16 -15 -9 -4 -17 24 26 28 -26 27 -24 29 -23
right_child=4 2 3 10 5 -7 -8 8 -10 -11 -12 12 13 18 15 21 -18 -19 -20 -21 -22 22 23 -25 25 -27 -28 -29 -30 -31
leaf_value=-0.088565424756287342 -0.10088643199662098 0.17528443587835343 0.099711201480493672 -0.082800763512885012 -0.10323125719125958 -0.091337139463310305 0.11201982789671926 -0.034689520765316367 0.1392170701982684 0.12396207911907586 -0.087486435111452404 -0.036813614192972154 -0.10955312813139664 1.0951760323337936 0.59798904333839442 -0.052624269442948547 0.21196135062392349 2.3592921346369438 0.19614879133848814 0.11525950931329768 0.16969915095929022 0.17529085543434916 0.070535967407014788 0.844135646816493 -0.11070478435593617 2.1907271686597323 -0.0041678444577283079 0.88268119341774887 -0.10940330797490128 0.50600438604130049
leaf_weight=388.18155732564628 4036.5487169083208 55181.089327346534 539.328085642308 210.13044305145741 224.29856573417783 819.16059349663556 715.92463441751897 224.24528727680445 3075.0651934426278 99.619216756895185 371.1829971820116 350.9425910115242 74.49418075568974 5.8139740489423248 6.6295385174453241 120.71636975556612 35.660129476338625 1.8950389120727775 7.5054387655109176 224.184415159747 10975.160709297284 88.35754313878715 13.07680105045438 4.9053520839661351 2.1995422467589369 2.0343643818050623 222.04411356523633 7.0664161145687094 20.210366733372211 30.166035545989871
leaf_count=13576 162106 18190 1008 5562 7755 31511 5606 2358 9152 398 8245 6164 1253 17 96 1824 306 5 63 1290 6316 801 215 42 31 12 3717 51 354 207
internal_value=0.14828 0.166108 0.167485 0.14158 -0.0699953 -0.00291966 0.0667333 0.157096 0.126625 -0.0333591 -0.00656652 0.0183835 0.0397799 0.0815984 0.0708706 0.0950894 0.361978 0.989532 0.588578 0.0402748 0.166421 0.0720022 0.110572 0.0419888 0.229104 0.995118 0.0257418 0.355444 0.205727 0.259462
internal_weight=78077.8 72182.3 71794.1 16613 5895.55 1859 1039.84 15038 3523.49 323.918 1575.03 1203.85 993.718 642.775 629.456 554.962 44.1847 8.52458 13.3194 448.43 11514.5 510.777 390.061 247.093 142.968 4.23391 242.187 20.1432 138.734 118.524
internal_count=288231 80855 67279 49089 207376 45270 13759 20124 12800 8153 28965 20720 15158 8994 8914 7661 407 101 80 3648 7324 7254 5430 4025 1405 43 3983 266 1362 1008
is_linear=0
shrinkage=0.1


Tree=6
num_leaves=31
num_cat=1
split_feature=38 38 39 8 39 38 39 8 8 0 31 28 39 0 38 39 34 20 19 24 16 15 8 39 34 30 17 32 8 11
split_gain=24736.2 2160.65 2951.68 1150.39 971.356 734.229 1866.21 568.305 413.117 393.613 366.545 332.07 330.539 260.834 256.833 254.65 244.91 229.528 691.921 225.929 215.083 260.263 289.061 211.767 288.181 209.298 1556.06 191.11 189.818 174.583
threshold=9.5000000000000018 4.5000000000000009 0.15096026006289212 -3.4999999999999996 0.10927202653146546 1.5000000000000002 0.20301992371167196 -6.4999999999999991 5.5000000000000009 335287.50000000006 20.500000000000004 7.577864883437595 0.48141265712005821 1185975.5000000002 18.500000000000004 0.022055663637435555 50.500000000000007 1.0000000180025095e-35 0 1.0000000180025095e-35 0.088932806324110714 0.50035612535612539 10.500000000000002 0.42313505250873645 15.500000000000002 0.55684754521963831 11.500000000000002 5737345.5000000009 1.0000000180025095e-35 -1.4938812631644052
decision_type=2 2 2 2 2 2 2 2 2 2 2 8 2 2 2 2 2 2 1 2 2 2 2 2 2 10 2 2 2 10
left_child=1 5 7 -2 10 -1 15 -3 19 12 -5 -11 16 17 -12 -7 20 18 -9 -4 -8 -22 -23 24 -10 -6 -27 -17 -19 -21
right_child=3 2 8 4 25 6 9 13 23 11 14 -13 -14 -15 -16 27 -18 28 -20 29 21 22 -24 -25 -26 26 -28 -29 -30 -31
leaf_value=0.16446707520750317 -0.10046010488951172 -0.1059468877344973 -0.10154911356499829 -0.023453001450236571 -0.096197802242355496 0.15977426707722001 -0.11236667779416953 -0.11762087219509942 -0.10762685719216088 0.20405474339904328 0.12602420655241761 0.0028937519925226387 -0.082172905034067129 0.15620558450066852 -0.044078893776491379 0.15921364587260387 -0.11480062762293948 0.052418759048822788 0.12355404874861629 -0.10414317103351343 0.21850821198627657 0.093264280392498122 -0.029682752805864378 -0.085633820718962403 0.11265536307165605 3.6972665604050157 -0.10249737370739274 0.11423720088375972 0.1370844111468161 0.28095865825350952
leaf_weight=47346.273808270693 3667.140682451427 100.79234071262181 698.84045324474573 359.9632019251585 741.14387523382902 10512.357614364475 70.785106241703033 162.88014067150652 74.314550373703241 237.24308340065181 596.29908798448741 125.45764040388167 268.48627696186304 2721.8733798786998 104.28532987087965 1474.7291350904852 91.853378765285015 300.23882079869509 441.1369914598763 20.083614422008395 102.85871242545545 542.93658967874944 295.20235315151513 117.60125214792788 295.69794045761228 1.228699168190359 8.771724818274377 2628.8184262402356 2243.6351762674749 28.445184923708439
leaf_count=9166 162106 2954 20947 8446 31135 3519 1019 2299 1590 982 2855 890 4839 2512 2458 2079 1190 1567 944 670 676 4677 3092 3082 4374 7 369 4487 3146 154
internal_value=0.136467 0.152286 0.100384 -0.0682527 -0.00305987 0.158158 0.139888 0.129493 -0.0403432 0.0418269 0.0585633 0.134473 0.0173371 0.133536 0.100704 0.151527 0.0415453 0.113934 0.0585185 -0.0870604 0.055739 0.0683845 0.0499609 0.0312605 0.0684131 -0.0900661 0.36436 0.130401 0.127092 0.121584
internal_weight=76381.4 70902.5 7205.54 5478.83 1811.69 63697 16350.7 5970.56 1234.98 1734.82 1060.55 362.701 1372.12 5869.76 700.584 14615.9 1103.64 3147.89 604.017 747.369 1011.78 940.998 838.139 487.614 370.012 751.144 10.0004 4103.55 2543.87 48.5288
internal_count=288231 80855 44239 207376 45270 36616 27450 13422 30817 17365 13759 1872 15493 10468 5313 10085 10654 7956 3243 21771 9464 8445 7769 9046 5964 31511 376 6566 4713 824
cat_boundaries=0 1
cat_threshold=2
is_linear=0
shrinkage=0.1


Tree=7
num_leaves=31
num_cat=0
split_feature=38 38 39 8 39 39 38 8 15 11 16 1 20 1 0 39 34 17 15 16 40 1 0 40 31 40 11 11 28 17
split_gain=20603.7 2243.31 3790.29 1062.3 858.756 603.711 493.855 417.588 324.439 302.925 302.46 316.202 274.249 240.106 215.859 231.032 214.262 208.567 203.196 524.428 196.413 189.204 234.714 187.306 311.689 241.211 192.824 186.758 211.063 176.881
threshold=9.5000000000000018 1.5000000000000002 0.18727117496336229 -3.4999999999999996 0.10927202653146546 0.027765599897217611 3.5000000000000004 3.5000000000000004 0.99583333333333346 -2.3462643783075454 0.065591397849462399 -0.031986122888937388 1.0000000180025095e-35 -0.46154607043955981 -2321923.9999999995 0.26861174168148566 68.500000000000014 36.500000000000007 0.99583333333333346 0.47809523809523818 6.5000000000000009 2.9827951711791196 388092.00000000006 42.500000000000007 18.500000000000004 41.500000000000007 -0.84771541225350167 0.47118106014024608 6.893014533444032 34.500000000000007
decision_type=2 2 2 2 2 2 2 2 2 8 2 2 2 2 2 2 2 2 2 2 2 2 2 2 2 2 8 8 10 2
left_child=1 -1 5 -2 8 13 10 -8 12 -7 -4 -12 -5 -3 -9 23 18 21 19 -11 -17 22 -13 24 -16 26 -26 28 -28 -25
right_child=3 2 6 4 -6 9 7 14 -10 16 11 17 -14 -15 15 20 -18 -19 -20 -21 -22 -23 -24 29 25 -27 27 -29 -30 -31
leaf_value=0.15439449358108698 -0.1000411169131902 0.089719825823949773 -0.11599877354628257 -0.10297050553004183 -0.090697853287877592 -0.028605586317600226 -0.083512678267344084 1.062040330238045 0.08653076415479044 0.096685019607455999 -0.0037741937501831069 0.061561408636710294 0.096070951663125251 0.14424975955732086 0.053149161680795878 0.89180427255517847 -0.022646025866985942 0.20114953276544414 0.11966950478955461 -0.1279578234299765 -0.028572735296030185 -0.069524195618386589 0.20271164966562943 -0.10727697175361002 -0.10701935681499333 1.1071085806579983 1.0241019010024879 0.047338117013569221 0.37913814498296411 0.19903175243734342
leaf_weight=45486.095707595348 3331.3654008023441 854.55609041824937 102.87499902397394 202.6395328771323 697.0645563043654 174.43572185002267 746.61320577561855 2.0019641779363146 768.3475596960634 770.38457282073796 490.29197139106691 566.61397552862763 105.14186283200979 14658.249717660248 98.839729709550738 2.3316819667816153 126.69669245555997 155.14068177342415 3643.099062634632 120.12450611032546 415.47290590777993 81.928178239613771 148.73191965930164 63.888895494863391 10.132580649107693 3.8439080137759438 6.1808820702135554 12.794126044958828 28.330557838082314 26.743597224354744
leaf_count=9166 162106 1540 1347 7755 31511 2958 22472 35 5606 1892 5978 3158 398 8470 1375 9 587 636 7839 1396 9131 584 366 1241 213 20 25 126 191 100
internal_value=0.127085 0.141468 0.116243 -0.0667589 -0.00423043 0.13163 0.0105681 -0.0320688 0.051779 0.100775 0.0496628 0.0614756 -0.0349755 0.141246 0.0252096 0.0221049 0.105618 0.0950654 0.109203 0.066382 -0.0234363 0.0744227 0.0909088 0.0979852 0.163008 0.340196 0.288873 0.373671 0.494649 -0.0168922
internal_weight=73901 68796.4 23310.3 5104.56 1773.19 20347.5 2962.76 1417.17 1076.13 4834.74 1545.58 1442.71 307.781 15512.8 670.561 668.559 4660.3 952.415 4533.61 890.509 417.805 797.274 715.346 250.754 160.122 61.2821 57.4381 47.3056 34.5114 90.6325
internal_count=288231 80855 71689 207376 45270 24682 47007 34938 13759 14672 12069 10722 8153 10010 12466 12431 11714 4744 11127 3288 9140 4108 3524 3291 1950 575 555 342 216 1341
is_linear=0
shrinkage=0.1


Tree=8
num_leaves=31
num_cat=2
split_feature=38 38 39 8 39 39 8 39 16 0 38 11 38 31 19 20 32 34 0 40 39 0 11 1 34 34 11 11 32 36
split_gain=17284.6 2397.24 3236.48 1001.51 736.613 623.136 465.363 323.74 275.634 274.099 272.714 249.599 243.198 226.485 231.64 354.871 209.155 197.732 189.681 179.844 175.15 168.33 152.727 152.798 149.619 177.284 149.422 190.541 172.945 160.84
threshold=9.5000000000000018 1.5000000000000002 0.18050099971253739 -3.4999999999999996 0.10927202653146546 0.027765599897217611 -4.4999999999999991 0.53767681480778606 0.065591397849462399 335287.50000000006 22.500000000000004 -1.2337346924803325 6.5000000000000009 28.500000000000004 0 1.0000000180025095e-35 11565816.500000002 68.500000000000014 -351763.49999999994 6.5000000000000009 0.4516456975855368 369395.00000000006 -4.0310629177535526 25.542628900871311 5.5000000000000009 52.500000000000007 -1.4938812631644052 -1.4057885745531939 23751260.500000004 1
decision_type=2 2 2 2 2 2 2 2 2 2 2 8 2 2 1 2 2 2 2 2 2 2 8 2 2 2 8 10 2 1
left_child=1 -1 5 -2 10 11 -4 8 -8 19 13 -3 17 14 -5 -16 20 22 -15 -10 -11 -13 -7 -24 -21 26 28 29 -26 -28
right_child=3 2 6 4 -6 12 7 -9 9 16 -12 21 -14 18 15 -17 -18 -19 -20 24 -22 -23 23 -25 25 -27 27 -29 -30 -31
leaf_value=0.14630327886946226 -0.099625168812431886 0.084566703002891958 -0.088409641746353088 0.152205482664764 -0.089296709877418903 -0.12323730110587539 -0.11214861741555121 -0.080672351251769983 0.22555636645772681 0.10990078186026175 -0.10428763250311045 0.10916176048206755 0.013799159774454721 -0.14704703452604292 -0.098640752644203716 0.080858722541018432 -0.075167807713886634 -0.042252992033784492 0.13356511179754793 -0.06438740088530974 0.29322180959322325 0.13938387641239658 0.10260461762029545 -0.15786745528224422 -0.050344867343988492 -0.078068349623658981 0.37621043336454429 0.045497375803489892 0.75643705299275821 0.070613581934978936
leaf_weight=43312.924521178007 3026.2987088039517 1070.4252896942198 408.98221836797893 106.652463035658 640.13266280665994 30.528550634160638 117.11949846148491 256.50099182873964 44.737859774380922 359.25933009572327 108.78223022259772 2183.6954128220677 387.71950451098382 25.611677156761289 228.24133035354316 212.85398596897721 52.519914893433452 100.50266749039292 405.04836284928024 178.12479922920465 60.961587419733405 11810.524480707943 4258.1783818006516 22.641182538121939 192.45591877214611 133.56999133341014 32.919004678726196 1202.9056150391698 2.6942199505865565 36.119546668604016
leaf_count=9166 162106 3051 14759 694 31511 473 2077 5415 124 1719 4096 2149 5090 224 6553 1091 581 372 1101 2775 204 4810 7833 108 4166 2302 229 12964 17 471
internal_value=0.119244 0.132459 0.106324 -0.0649478 -0.00419255 0.121111 0.0109236 0.0261398 0.037492 0.0451243 0.0459164 0.131108 0.0897322 0.0626165 0.019955 -0.0120219 0.11298 0.0964053 0.116877 0.027533 0.136495 0.134668 0.0996376 0.101227 0.0225526 0.0322274 0.0422692 0.0547697 -0.0392065 0.216328
internal_weight=71009.6 66256 22943.1 4753.62 1727.32 19864.2 3078.87 2669.89 2413.39 2296.27 1087.19 15064.6 4799.57 978.408 547.748 441.095 472.741 4411.85 430.66 1823.53 420.221 13994.2 4311.35 4280.82 1778.79 1600.66 1467.09 1271.94 195.15 69.0386
internal_count=288231 80855 71689 207376 45270 23886 47803 33044 27629 25552 13759 10010 13876 9663 8338 7644 2504 8786 1325 23048 1923 6959 8414 7941 22924 20149 17847 13664 4183 700
cat_boundaries=0 1 2
cat_threshold=1 4
is_linear=0
shrinkage=0.1


Tree=9
num_leaves=31
num_cat=0
split_feature=38 38 39 8 39 39 39 38 8 15 20 16 0 8 11 16 11 0 38 9 11 39 17 28 38 8 32 34 30 24
split_gain=14670.7 2304.96 2535.52 1431.11 852.744 663.606 361.024 288.534 318.835 285.936 239.059 228.468 212.107 201.269 194.961 194.406 184.506 184.502 175.242 160.813 150.643 170.701 152.628 182.041 148.304 206.805 164.832 175.689 158.453 157.146
threshold=8.5000000000000018 1.5000000000000002 0.18050099971253739 -3.4999999999999996 0.10927202653146546 0.023649553675079708 0.53767681480778606 4.5000000000000009 6.5000000000000009 0.99583333333333346 1.0000000180025095e-35 0.065591397849462399 565092.00000000012 13.500000000000002 -4.0310629177535526 0.18898809523809529 0.16225657108394378 175819.00000000003 3.5000000000000004 48.500000000000007 1.2695803988760279 0.20301992371167196 38.500000000000007 10.402036796091112 4.5000000000000009 3.5000000000000004 6785900.5000000009 76.500000000000014 0.52786377708978338 1.0000000180025095e-35
decision_type=2 2 2 2 2 2 2 2 2 2 2 2 2 2 8 2 8 2 2 2 8 2 2 10 2 2 2 2 10 2
left_child=1 -1 5 -2 9 12 7 11 -9 10 -5 -4 18 17 -7 -15 19 -13 -3 -11 21 -17 -23 -24 26 29 27 -16 -28 -26
right_child=3 2 6 4 -6 14 -8 8 -10 16 -12 13 -14 15 24 20 -18 -19 -20 -21 -22 22 23 -25 25 -27 28 -29 -30 -31
leaf_value=0.13967554806373358 -0.099340765306422246 0.12386498016220593 -0.11303372920062267 -0.10285972227431091 -0.083245981629390356 -0.11832010548059391 -0.085315305296446306 -0.088377138415614107 0.043287900709144587 0.086417248269770652 0.068444005435722599 0.041934083532747787 0.13061360242347506 0.18298894637522395 0.11847877023891079 0.16955741800490992 0.13031095980337368 0.11827916018989509 0.073583254965231465 -0.011640667473465113 -0.10305431401357781 -0.049710939487608553 0.38817155605253317 -0.1167850780618523 -0.028566725624316721 0.07923414129737931 0.066823898001931586 -0.17517492506720844 0.19274537228037375 0.23002955073145004
leaf_weight=40952.751544892788 2844.8068331833929 1441.165868293494 85.682825367897749 187.50669948011637 676.00376529060304 47.91791327483952 330.75344417057931 396.48684695363045 343.04767462238669 403.79725176654756 144.0490526035428 731.93227217718959 10998.276572978124 51.977542694658041 1874.3249675780535 60.690019082278013 413.24986083246768 557.77603456377983 1335.396196378395 285.49138262867928 149.78269837237895 203.65885123796761 18.354105297476057 11.684400832280515 327.65435016900301 981.37159258127213 1819.3427596241236 20.597778610885143 105.73932901024818 25.315038073807955
leaf_count=9166 166395 837 1392 8145 34340 1064 8957 13013 5841 2826 495 6809 5245 238 2196 172 1260 1948 2300 2371 1486 2156 68 146 3141 3008 2982 92 66 76
internal_value=0.112611 0.125668 0.0994957 -0.0530555 0.00934579 0.112887 0.0131123 0.0255805 -0.0273017 0.0529917 -0.0284344 0.0464768 0.124379 0.0541298 0.0824579 3.85086e-06 0.0774782 0.074952 0.0996818 0.0458034 -0.0214094 0.0201311 -0.0186741 0.191753 0.0843244 0.055624 0.0943496 0.115287 0.0737404 -0.0100201
internal_weight=67826.6 62871.7 21918.9 4954.9 2110.1 18977.1 2941.83 2611.07 739.535 1434.09 331.556 1871.54 13774.8 1785.86 5202.26 496.148 1102.54 1289.71 2776.56 689.289 444.17 294.387 233.697 30.0385 5154.35 1334.34 3820 1894.92 1925.08 352.969
internal_count=288231 72399 63233 215832 49437 21007 42226 33269 18854 15097 8640 14415 8382 13023 12625 4266 6457 8757 3137 5197 4028 2542 2370 214 11561 6225 5336 2288 3048 3217
is_linear=0
shrinkage=0.1


Tree=10
num_leaves=31
num_cat=3
split_feature=38 8 38 39 39 39 20 19 39 11 35 11 24 19 15 33 38 8 33 17 11 30 31 8 12 11 29 8 39 40
split_gain=12655.9 2300.5 1823.53 1924.73 991.136 563.831 265.03 799.513 208.946 197.145 192.398 187.417 184.592 179.94 209.079 175.389 174.796 191.326 176.31 164.242 163.075 163.853 203.998 161.468 176.866 153.403 196.608 1076.3 145.656 143.036
threshold=6.5000000000000009 -3.4999999999999996 1.5000000000000002 0.038472415098611275 0.076693608096733965 0.24071298925050191 1.0000000180025095e-35 0 0.53767681480778606 0.16225657108394378 1 -1.1451887660719862 1.0000000180025095e-35 2 0.99583333333333346 0.31180555555555561 3.5000000000000004 4.5000000000000009 0.2991228070175439 18.500000000000004 -1.1151207970746626 0.40967365967365971 13.500000000000002 -4.4999999999999991 1.0000000180025095e-35 -1.5795652589638265 0.19836065573770495 13.500000000000002 0.29274299614278254 85.500000000000014
decision_type=2 2 2 2 2 2 2 1 2 8 1 8 2 1 2 10 2 2 10 2 8 10 2 2 2 10 10 2 2 2
left_child=2 -2 -1 11 6 12 7 -3 16 10 -8 -4 23 -6 -15 -16 20 -18 19 -19 28 -22 -23 24 -5 -17 -27 -28 -7 -12
right_child=1 4 3 5 13 8 9 -9 -10 -11 29 -13 -14 14 15 25 17 18 -20 -21 21 22 -24 -25 -26 26 27 -29 -30 -31
leaf_value=0.13415833070360739 -0.094100745376592673 -0.10636244456808307 0.072152082315860164 -0.076829011666405045 -0.076649394515967362 -0.13482543452226964 -0.019373035390043751 0.091540984053218588 -0.079459009578378537 0.12973650986716329 0.067249613464717306 0.12178625312170427 0.15686673805723164 -0.10362928523987117 -0.064825818864052157 -0.10398020663762185 -0.096183577499285425 -0.107366292678447 -0.048098023908859207 0.16312735694452696 0.0044080516800481251 0.21452024814391249 -0.060706382220615675 0.068899672866342285 0.3824532857459445 0.18736827930138678 3.2340930563536987 0.19714516039620009 0.16089267976294594 0.20131332561428913
leaf_weight=38499.543152421713 2830.0114856362343 331.40933629870415 810.80586046539247 119.81843794509768 826.6439686845988 18.609885532408953 249.85012886300683 531.55193207971752 257.02975854836404 598.80092368088663 721.83374500833452 12325.246964028105 233.34347745776176 75.253713620826602 40.628183113411069 14.98846319131553 232.47023873589933 28.239447070285678 153.95233370177448 109.44783137738705 677.07999061234295 86.450388358905911 39.115593770518899 4370.2744650971144 9.0155458450317365 63.27744041569531 1.3994172196835259 7.0253243334591389 158.64468184672296 89.444642428308725
leaf_count=9166 174258 10060 1371 2057 36727 136 1131 2237 6552 524 1979 5612 343 3624 1494 668 6412 575 2778 1313 5577 370 387 11150 2 543 32 72 960 121
internal_value=0.106835 -0.0268376 0.121511 0.0967067 0.0267519 0.0521694 0.0604905 0.0155387 0.00386425 0.08386 0.0579716 0.118723 0.0701448 -0.0559508 0.0285147 0.10662 0.0181039 -0.0285105 0.0254326 0.10765 0.0430361 0.0238653 0.128783 0.065647 -0.0446894 0.18697 0.247789 0.701607 0.129845 0.0810315
internal_weight=64511.2 6382.12 58129.1 19629.5 3552.11 6493.49 2522.89 862.961 1761.04 1659.93 1061.13 13136.1 4732.45 1029.22 202.573 127.319 1504.01 524.11 291.64 137.687 979.901 802.646 125.566 4499.11 128.834 86.6906 71.7022 8.42474 177.255 811.278
internal_count=288231 233470 54761 45595 59212 38612 16052 12297 25060 3755 3231 6983 13552 43160 6433 2809 18508 11078 4666 1888 7430 6334 757 13209 2059 1315 647 104 1096 2100
cat_boundaries=0 1 2 3
cat_threshold=2 1 2
is_linear=0
shrinkage=0.1


Tree=11
num_leaves=31
num_cat=2
split_feature=38 8 38 39 39 39 0 38 39 11 35 16 4 32 4 11 28 17 5 0 11 16 4 28 19 15 30 29 8 12
split_gain=10971.2 2031.93 1971.17 1864.87 853.001 474.498 218.126 215.592 190.372 180.676 175.606 156.091 155.006 150.771 148.028 140.97 136.554 181.61 256.622 170.74 155.388 136.52 136.225 135.799 133.679 141.018 128.541 127.861 124.737 148.761
threshold=6.5000000000000009 -3.4999999999999996 1.5000000000000002 0.034736829262521807 0.076693608096733965 0.22169515860335534 326354.00000000006 22.500000000000004 0.53767681480778606 0.16225657108394378 0 0.065591397849462399 13.47680427031535 6691752.0000000009 0.23533120480195402 -2.5229142566489018 5.0108581940761825 32.500000000000007 1.0000000180025095e-35 -1120376.4999999998 -0.99656842520356792 0.28919860627177701 2.1536771189725803 9.9409842008362777 1 0.99583333333333346 0.093073593073593086 0.064866760168302964 -5.4999999999999991 1.0000000180025095e-35
decision_type=2 2 2 2 2 2 2 2 2 8 1 2 2 2 2 8 8 2 2 2 8 2 2 8 1 2 10 8 2 2
left_child=2 -2 -1 6 7 12 22 9 11 10 -3 -7 28 -12 -13 -16 20 18 19 -18 -17 23 -4 -21 -6 -26 -15 -19 29 -5
right_child=1 4 3 5 24 8 -8 -9 -10 -11 13 14 -14 26 15 16 17 27 -20 21 -22 -23 -24 -25 25 -27 -28 -29 -30 -31
leaf_value=0.12950221624625971 -0.093132786861185757 -0.021346668733292468 0.086872896940385996 -0.11172144868063046 -0.074295362714253479 -0.1087319401667823 0.11889874390560735 -0.10443714126597543 -0.077000143655773512 0.095067775402407129 -0.038074935026264634 -0.089796021356404354 -0.055591602221826956 -0.11483473881701514 -0.10972277929923624 0.1894554065122411 0.42691252348645947 -0.044267525776126797 0.25876122873936741 0.12213656803234794 0.050075529810187647 -0.04181014936050878 -0.10977882253319707 -0.11724495019778347 -0.10331428947833339 0.070976515652236824 0.079803408167991322 0.11760765142760765 0.069563996108538806 0.29268564636744276
leaf_weight=36022.901972025633 2585.9882273394614 366.20421012677252 2064.4966212958097 67.965830957517028 770.48115143924952 92.1032346598804 10226.101494600996 81.938984400592744 239.62117832712829 929.11200395226479 140.45005617756397 105.26065367646515 104.76553686708212 35.204033406451344 66.527025490067899 111.66168658714741 8.5817683106288296 60.668499989435077 35.42375108320266 106.1704776249826 281.96968839690089 613.54900807421654 35.837259311228991 30.507731671445072 68.289440783672035 144.97158455755562 937.70358066633344 249.33299679495394 4557.6684076655656 10.501436233520506
leaf_count=9166 174258 2887 2100 1464 36727 2156 4416 3639 6552 3280 2033 2361 377 287 1896 578 45 721 107 604 2363 7132 107 392 3624 2809 3926 2014 10208 2
internal_value=0.101691 -0.0260162 0.11574 0.0897415 0.0239392 0.0474571 0.11287 0.0550797 0.00662712 0.0605061 0.0388027 0.0180015 0.0646936 0.0582554 0.0249925 0.0327161 0.0390424 0.0210151 -0.0043214 -0.016603 0.0896135 -0.0216763 0.0835175 0.0687046 -0.0549015 0.0151659 0.0727606 0.085928 0.0674117 -0.0575988
internal_weight=61152 6060.34 55091.6 19068.7 3474.36 6742.28 12326.4 2490.61 2001.38 2408.67 1479.56 1761.76 4740.9 1113.36 1669.65 1564.39 1497.87 1104.23 794.233 758.809 393.631 750.227 2100.33 136.678 983.742 213.261 972.908 310.001 4636.14 78.4673
internal_count=288231 233470 54761 45595 59212 38972 6623 16052 26921 12413 9133 20369 12051 6246 18213 15852 13956 11015 8280 8173 2941 8128 2207 996 43160 6433 4213 2735 11674 1466
cat_boundaries=0 1 2
cat_threshold=1 2
is_linear=0
shrinkage=0.1


Tree=12
num_leaves=31
num_cat=2
split_feature=38 38 8 39 39 39 20 19 0 9 11 11 30 16 15 15 0 4 33 34 28 15 40 8 11 27 32 19 20 8
split_gain=9531.66 2106.41 1816.93 1790.75 794.505 393.868 288.177 749.065 214.912 179.996 186.274 165.12 152.655 151.988 138.288 216.396 167.352 191.401 137.355 141.172 136.843 119.646 349.174 156.038 178.055 128.825 118.388 131.008 220.829 145.577
threshold=6.5000000000000009 1.5000000000000002 -6.4999999999999991 0.031048519012524593 0.14339493266938824 0.22169515860335534 1.0000000180025095e-35 0 318744.00000000006 24.500000000000004 -0.33324588557734375 -2.5229142566489018 0.14371772805507746 0.065591397849462399 0.47752525252525263 0.99583333333333346 154210.00000000003 1.8916764014389222 0.31857366771159884 44.500000000000007 6.2958100084098154 0.99583333333333346 18.500000000000004 22.500000000000004 -1.5795652589638265 12.010869565217392 4487288.0000000009 1 1.0000000180025095e-35 -3.4999999999999996
decision_type=2 2 2 2 2 2 2 1 2 2 8 8 10 2 2 2 2 2 8 2 8 2 2 2 10 10 2 1 2 2
left_child=1 -1 -2 8 6 21 7 -4 -3 -8 12 -7 -11 -13 -15 -16 18 -18 19 -17 -19 22 23 24 -5 -26 -23 28 -28 -30
right_child=2 3 4 5 -6 11 9 -9 -10 10 -12 13 -14 14 15 16 17 20 -20 -21 -22 26 -24 -25 25 -27 27 -29 29 -31
leaf_value=0.12552548435733987 -0.098154193852327251 0.077351104253888942 -0.10540620080438148 -0.041564972693200392 -0.063773072493086919 -0.10629717507019498 0.37657771056410172 0.073609553858760793 0.1136938860601789 -0.086333230430672217 0.10287448574580421 -0.10786313358697171 0.049441428717358585 0.10419566742664572 -0.083401509616291697 0.068861772262718432 0.15381151430728138 0.090022067034911724 -0.039619327961234289 -0.11246927303392638 -0.028568310163695501 0.10459798227362378 -0.10360712546787253 -0.079379092123681022 0.054158233522780368 0.15012532052857649 -0.13209497946953508 0.10556867087336418 -0.093029004451771855 0.057838271579652961
leaf_weight=33573.7701690346 2131.1040831841528 1958.6996769197285 393.87749093212187 119.46657392475754 894.59884713962674 123.49939610343426 18.776681529358029 574.92549536097795 9612.1820889227092 91.037830400280654 754.83454631082714 98.41466264333576 916.04056198801845 175.02678010426462 212.46281955670565 302.65161010250449 174.80006667599082 185.72026405856013 464.94224925432354 50.031617707572877 204.38218890689313 663.01211756374687 169.4210159201175 78.048537023365498 350.69838794786483 232.69143898226321 65.118326792493463 497.88891368173063 65.525701097212732 2675.5211294554174
leaf_count=9166 162800 2106 14884 926 46642 4695 124 3120 4362 783 1008 2347 4109 1404 3761 3212 819 819 7324 894 1646 1343 1007 263 729 307 516 724 879 5512
internal_value=0.0970782 0.110601 -0.0248079 0.0834872 0.0180858 0.0432035 0.0447202 0.000828733 0.107542 0.0685997 0.0653176 0.00569 0.0371677 0.0130921 0.0198173 0.0105581 0.0249975 0.0668546 -0.00392184 0.0431382 0.0278903 0.0583994 0.0265296 0.0547634 0.0696593 0.0924358 0.066034 0.0582955 0.0499079 0.0542317
internal_weight=57829.2 52054 5775.2 18480.2 3644.09 6909.32 2749.49 968.803 11570.9 1780.69 1761.91 1991.93 1007.08 1868.43 1770.02 1594.99 1382.53 564.903 817.625 352.683 390.102 4917.39 950.326 780.905 702.856 583.39 3967.07 3304.05 2806.17 2741.05
internal_count=288231 54761 233470 45595 70670 39127 24028 18004 6468 6024 5900 26921 4892 22226 19879 18475 14714 3284 11430 4106 2465 12206 3232 2225 1962 1036 8974 7631 6907 6391
cat_boundaries=0 1 2
cat_threshold=2 2
is_linear=0
shrinkage=0.1


Tree=13
num_leaves=31
num_cat=1
split_feature=38 38 39 8 39 39 0 38 11 16 1 4 40 0 19 17 11 8 15 0 27 11 27 4 0 30 33 1 38 11
split_gain=8310.4 2227.25 1702.31 1637 665.815 326.849 221.553 183.2 180.988 163.145 152.493 143.81 172.633 293.791 196.455 187.763 135.503 143.105 134.107 133.133 159.695 132.559 210.939 131.888 158.248 153.105 126.666 125.092 116.066 113.423
threshold=6.5000000000000009 1.5000000000000002 0.031048519012524593 -6.4999999999999991 0.076693608096733965 0.18727117496336229 326354.00000000006 22.500000000000004 -2.5229142566489018 0.065591397849462399 -0.031986122888937388 0.63360491597969337 19.500000000000004 -245001.49999999997 0 18.500000000000004 1.2695803988760279 21.500000000000004 0.99583333333333346 -105646.49999999999 29.219806763285025 0.16225657108394378 4.0757142857142865 6.2750918530288269 1460743.5000000002 0.25150602409638562 0.48863049095607242 -0.23686786339547886 3.5000000000000004 -1.5795652589638265
decision_type=2 2 2 2 2 2 2 2 8 2 2 2 2 2 1 2 8 2 2 2 10 8 10 2 2 10 10 2 2 10
left_child=1 -1 6 -2 7 23 28 21 -7 -10 19 -6 13 -13 -14 -15 -12 -18 -16 20 27 22 26 -4 -25 -26 -5 -11 -3 -20
right_child=3 2 5 4 11 8 -8 -9 9 10 16 12 14 15 18 -17 17 -19 29 -21 -22 -23 -24 24 25 -27 -28 -29 -30 -31
leaf_value=0.12209237625005043 -0.097692255958348406 0.093101745871892724 0.061356213943942965 0.16667767973261927 -0.10296648635756918 -0.106575147988138 0.10882420924839382 -0.10390160685777719 -0.10901913577602895 -0.019940287738146933 0.056107783574942428 1.5572831030059875 -0.07706239890090541 -0.10782575604073862 -0.10328298081980843 0.23459107521606248 0.027068700970101611 -0.11835307652910787 -0.10385936295659647 -0.078617131855348465 0.15881644528672068 0.079223004605773611 0.018508196030692186 -0.039417386086974121 -0.16979463938827474 0.11285345509848577 -0.14101811726045868 0.19617530147839968 0.043627806260216596 0.14974432718915723
leaf_weight=31188.725964218378 1936.9667249601334 1085.3136100172997 3915.7420468274504 147.94020818732679 357.11362700536847 126.4094421826303 9054.8387499526143 81.18017740175128 99.64291032962501 459.91317051649094 1175.4499570578337 1.4059702036902297 428.39600388053805 26.830372409895062 41.471114260144532 39.723370322026312 221.28569414000958 97.479198798537254 21.4129120958969 226.91889284178615 65.602480028755963 904.54477256629616 1393.6426152419299 295.92880828306079 21.766422346234322 160.32029506750405 14.709042943082748 28.438966886140406 842.12255103886127 99.974223166704178
leaf_count=9166 162800 798 7875 494 22494 5081 4352 4483 2453 8334 7077 31 23136 842 2493 580 1559 982 1088 3589 734 3495 10390 910 111 223 286 199 1318 858
internal_value=0.092901 0.105962 0.0778207 -0.0237162 0.0165522 0.0388757 0.102271 0.0439037 0.0100182 0.0162246 0.02171 -0.0518586 -0.0241721 0.12677 -0.0415216 0.0965497 0.0404258 -0.0174017 0.0519678 -0.0141031 0.0123241 0.0487796 0.0310854 0.0553028 0.00571558 0.079066 0.138851 -0.00735489 0.0714859 0.105008
internal_weight=54561.2 49065.9 17877.2 5495.31 3558.34 6894.9 10982.3 2542.02 2501.14 2374.73 2275.09 1016.33 659.214 67.9597 591.254 66.5537 1494.21 318.765 162.858 780.874 553.955 2460.84 1556.29 4393.76 478.016 182.087 162.649 488.352 1927.44 121.387
internal_count=288231 54761 45595 233470 70670 39127 6468 19148 30008 24927 22474 51522 29028 1453 27575 1422 9618 2541 4439 12856 9267 14665 11170 9119 1244 334 780 8533 2116 1946
cat_boundaries=0 1
cat_threshold=2
is_linear=0
shrinkage=0.1


Tree=14
num_leaves=31
num_cat=2
split_feature=38 38 39 8 39 39 11 20 19 0 39 35 39 8 1 16 15 15 0 4 27 28 31 15 16 11 30 11 40 11
split_gain=7288.19 2345.44 1616.06 1473.11 568.428 269.28 238.002 227.153 606.503 169.256 147.614 134.297 162.272 129.889 128.701 119.712 137.962 178.499 144.529 130.483 125.634 119.829 117.357 116.492 282.179 132.242 125.06 135.507 128.253 117.918
threshold=6.5000000000000009 1.5000000000000002 0.031048519012524593 -6.4999999999999991 0.14339493266938824 0.21411150379538327 -1.1451887660719862 1.0000000180025095e-35 0 461656.00000000006 0.60594598349637396 1 0.12582739548899899 1.5000000000000002 -0.3185754425131706 0.065591397849462399 0.50035612535612539 0.99583333333333346 154210.00000000003 1.3530536947157856 17.552678571428576 8.9428131921613705 14.500000000000002 0.99583333333333346 0.47809523809523818 1.2695803988760279 0.26120401337792648 -1.5795652589638265 18.500000000000004 -0.1790097718281862
decision_type=2 2 2 2 2 2 8 2 1 2 2 1 2 2 2 2 2 2 2 2 8 8 2 2 2 10 10 8 2 8
left_child=1 -1 6 -2 7 23 14 8 -5 -8 15 12 -9 -13 -3 -7 21 -18 -19 -20 -21 22 -17 24 25 26 29 -28 -29 -4
right_child=3 2 5 4 -6 10 9 11 -10 -11 -12 13 -14 -15 -16 16 17 18 19 20 -22 -23 -24 -25 -26 -27 27 28 -30 -31
leaf_value=0.11909908986706241 -0.097210774007900735 -0.076103338398134102 -0.11363909777615713 -0.10515526605441777 -0.059331579081800701 -0.10674269428040449 0.075091095628812277 0.073203678255005469 0.060485467276619888 0.10813730816426642 -0.10464087809096181 -0.091469266583568118 0.32813750537084907 0.038519080149353138 0.057091910960150843 0.033883432802864252 -0.0899103274799255 -0.0089874519308101516 0.26400884120682794 0.067393608953193448 -0.045410577993348293 -0.040805857525225933 0.19774782396842891 0.055600316210491933 -0.1399945441389501 -0.11834816191240578 -0.13798407423386957 0.098099721030724618 -0.11173638424070653 0.037604500898171439
leaf_weight=28893.316601529717 1760.8888958813623 81.833742551505566 79.867938216775656 358.30354879517108 795.34312062058598 82.076690862886608 1937.2564181834459 1113.483938052319 577.08542866911739 7751.0298575013876 115.83091234229505 89.811504445038736 25.541079985909164 533.51503656059504 639.08370628207922 75.941256938502192 172.14222220238298 862.54391491319984 28.254814757965505 478.89320157188922 124.37358036730438 54.811324237845838 102.96472382359207 3880.4501684075221 103.03472096752375 52.095747327432036 28.800382815301418 469.45573912467808 31.054598055779934 145.38949333876371
leaf_count=9166 162800 327 504 14884 46642 2537 1742 3214 3120 3469 3976 1126 103 1581 930 709 3319 12410 56 2309 1167 673 535 8395 863 206 361 668 117 322
internal_value=0.0889697 0.101664 0.0725403 -0.0226326 0.0149628 0.0349649 0.0974047 0.0368662 -0.00296371 0.101529 0.00508734 0.0580064 0.0782334 0.0194773 0.0419725 0.0115 0.0166081 0.00651572 0.0176257 0.0539744 0.0441371 0.0885582 0.128191 0.0480497 0.0158415 0.0357464 0.0463851 0.0729431 0.0850803 -0.0160209
internal_weight=51444.5 46190.5 17297.2 5253.97 3493.08 6887.98 10409.2 2697.74 935.389 9688.29 2097.83 1762.35 1139.03 623.327 720.917 1982 1899.93 1666.21 1494.07 631.522 603.267 233.717 178.906 4790.15 909.699 806.664 754.568 529.311 500.51 225.257
internal_count=288231 54761 45595 233470 70670 39127 6468 24028 18004 5211 27691 6024 3317 2707 1257 23715 21178 19261 15942 3532 3476 1917 1244 11436 3041 2178 1972 1146 785 826
cat_boundaries=0 1 2
cat_threshold=2 12
is_linear=0
shrinkage=0.1


Tree=15
num_leaves=31
num_cat=1
split_feature=38 38 39 8 39 0 39 20 19 8 0 4 40 38 34 33 8 8 27 29 0 11 9 15 16 27 29 30 27 8
split_gain=6400.2 2441.72 1524.11 1327.93 481.262 243.109 223.895 148.663 481.57 140.79 138.791 137.617 153.459 135.252 131.452 126.669 150.172 126.379 155.65 150.453 133.419 125.52 243.764 123.786 352.206 144.368 175.141 154.346 121.078 139.255
threshold=6.5000000000000009 1.5000000000000002 0.034736829262521807 -6.4999999999999991 0.076693608096733965 565092.00000000012 0.48141265712005821 1.0000000180025095e-35 0 -5.4999999999999991 318744.00000000006 0.63360491597969337 50.500000000000007 2.5000000000000004 64.500000000000014 0.48499849984998505 4.5000000000000009 6.5000000000000009 4.573214285714287 0.13472342264477097 -358883.49999999994 0.16225657108394378 87.500000000000014 0.99583333333333346 0.47809523809523818 5.817254174397033 0.22540322580645164 0.10620300751879701 9.0121951219512209 22.500000000000004
decision_type=2 2 2 2 2 2 2 2 1 2 2 2 2 2 2 10 2 2 8 10 2 10 2 2 2 8 10 8 8 2
left_child=1 -1 5 -2 7 -3 9 8 -5 13 -8 -6 15 -4 23 -13 -17 18 -9 -20 -21 22 -18 24 -11 26 -25 -27 -10 -30
right_child=3 2 6 4 11 -7 10 17 28 14 -12 12 -14 -15 -16 16 21 -19 19 20 -22 -23 -24 25 -26 27 -28 -29 29 -31
leaf_value=0.11646473716778534 -0.096705687711375277 0.064926022102785697 0.16907075169833641 -0.10509743646216657 -0.10271054294892486 0.10130900818680957 -0.087067226955933441 0.099178526805836539 0.11325753774551102 0.032753004549096743 0.052288697119590589 -0.025855064834464005 -0.076469144074545969 -0.10865636791337939 -0.046092750650281775 -0.054433153102090494 0.19470561652219512 0.074178526013429683 -0.061905888220192856 0.28828095380577812 0.024411775843584213 -0.10694765602233776 1.5015187152927818 0.076919234358937424 -0.12610589246766596 -0.038236417968797606 -0.15080570071802499 0.041382698292793993 -0.038260995717802539 0.093226083140650853
leaf_weight=26704.611855059862 1601.2263642931357 2424.8727867007256 20.720633311197162 279.20645222999156 307.17541571427137 7569.7270946744829 249.0203262604773 164.95452722348273 221.61133486405015 994.28901725914329 100.23514423985034 204.88066202308983 274.48217561002821 114.05601230729371 183.25392116419971 43.783655248582363 77.892009385861456 1072.5251544192433 263.92453044373542 22.152451103553176 141.94421945605427 13.916318614967166 1.4540350651368488 1529.4461925979704 162.35283434670419 264.49870391376317 34.535380723886192 3063.6903658360243 189.36853516753763 140.16319116763771
leaf_count=9166 162800 2611 40 11679 22494 4012 7951 380 742 4460 1108 8176 16970 3940 1200 2137 1115 1787 1862 66 674 597 33 4416 2025 1579 282 11971 1646 312
internal_value=0.0853433 0.0977048 0.0677255 -0.0215508 0.0136422 0.0924818 0.0308842 0.0364636 0.00189885 0.0351606 -0.0470725 -0.0480293 -0.02078 -0.0659585 0.0373474 0.0239246 0.0983441 0.0536962 0.0166494 -0.0151564 0.0600332 0.170068 0.218653 0.0398753 0.0104547 0.0468312 0.0718907 0.0350552 0.0561027 0.0176658
internal_weight=48436 43415.3 16710.7 5020.66 3419.43 9994.6 6716.1 2495.85 830.35 6366.84 349.255 923.584 616.409 134.777 6232.07 341.927 137.046 1665.5 592.976 428.021 164.097 93.2624 79.346 6048.81 1156.64 4892.17 1563.98 3328.19 551.143 329.532
internal_count=288231 54761 45595 233470 70670 6623 38972 19148 14379 29913 9059 51522 29028 3980 25933 12058 3882 4769 2982 2602 740 1745 1148 24733 6485 18248 4698 13550 2700 1958
cat_boundaries=0 1
cat_threshold=2
is_linear=0
shrinkage=0.1


Tree=16
num_leaves=31
num_cat=1
split_feature=38 8 38 39 39 0 20 19 11 15 30 11 0 34 33 4 39 32 0 17 30 8 8 11 4 11 39 31 1 17
split_gain=5756.68 2109.98 1677.69 1160.11 734.582 241.543 215.289 445.926 206.443 180.711 179.111 176.327 163.453 161.653 148.957 151.042 147.81 158.952 132.539 126.168 172.572 115.426 114.255 123.381 118.983 114.408 136.615 152.123 121.882 126.366
threshold=4.5000000000000009 -4.4999999999999991 1.5000000000000002 0.034736829262521807 0.07351394618042785 1460743.5000000002 1.0000000180025095e-35 0 0.16225657108394378 0.99583333333333346 0.15873460246360585 -1.5795652589638265 -358883.49999999994 68.500000000000014 0.50238095238095248 3.6264445200011939 0.17729937798499204 5507850.0000000009 369395.00000000006 11.500000000000002 0.26500600240096045 3.5000000000000004 13.500000000000002 -2.5229142566489018 0.85470077533717437 -0.84771541225350167 0.43032549276539267 22.500000000000004 -0.59015884404228347 32.500000000000007
decision_type=2 2 2 2 2 2 2 1 8 2 10 10 2 2 8 2 2 2 2 2 10 2 2 8 2 10 2 2 2 2
left_child=2 -2 -1 18 5 6 7 -3 10 -6 -8 -11 -13 16 15 -9 17 -5 -4 -14 -21 -10 23 -18 25 26 27 28 -25 -30
right_child=1 4 3 13 9 -7 8 14 21 11 -12 12 19 -15 -16 -17 22 -19 -20 20 -22 -23 -24 24 -26 -27 -28 -29 29 -31
leaf_value=0.11412511045117964 -0.088512676787919201 -0.11926390930966296 0.068530463975610439 0.082465740912257085 -0.070807121407079204 0.081499169891458223 -0.064715536917416563 0.078664823719575533 -0.099774262477728082 -0.075068017649207244 0.0403301062641023 -0.09798952512563254 0.15675651683102912 -0.089552238997504086 -0.085334046054276858 -0.09694647850341058 -0.11063754682703436 0.034186157050225312 0.10269447910258833 0.074149867801922439 -0.029990468204031291 0.092464422660297391 -0.023207677671427885 0.13818664084902085 0.051842900080027579 -0.061957149511692844 -0.10483635855623732 0.5349388498346932 -0.11756020926772588 0.23193178151479557
leaf_weight=24633.211050838232 1782.8636677963659 251.13426253385842 1426.7161399200559 1027.3767291586846 564.59240528102964 1800.6633862471208 183.45099255442619 456.08304358273745 32.277898480184376 245.76655642036349 1409.0329914335161 100.35870006214827 79.859415538609028 104.18688871711493 82.06780699826777 54.86936532985419 60.385846318677068 2028.0687888413668 5564.0839306004345 326.62757710646838 310.28279057238251 965.31398942321539 547.57389780227095 92.236159442923963 1139.8135738791898 212.74818606860936 48.617716069333255 7.2226095534861079 48.678051922470331 13.137795640155671
leaf_count=9166 175969 8864 1319 1277 30335 4017 827 1259 130 10441 3307 3736 714 814 543 369 1822 3419 2656 4465 5813 826 5015 716 5379 2508 1666 54 721 84
internal_value=0.0818705 0.00841079 0.0990561 0.0689285 0.0335917 0.0518344 0.0362803 -0.00757697 0.0505742 -0.0250866 0.0282291 -0.000800606 0.0215367 0.0337864 0.0397206 0.0598065 0.0362454 0.0504199 0.0957221 0.0382722 0.023416 0.0862444 0.016291 0.0296185 0.0350391 -0.0102788 0.0421027 0.0863988 0.0653693 -0.0432823
internal_weight=45599.3 8645.24 36954.1 12320.8 6862.38 5234.89 3434.23 844.154 2590.08 1627.49 1592.48 1062.9 817.128 5330.05 593.02 510.952 5225.86 3055.45 6990.8 716.77 636.91 997.592 2170.41 1622.84 1562.45 422.641 209.892 161.275 154.052 61.8158
internal_count=288231 251615 36616 27450 75646 20142 16125 11035 5090 55504 4134 25169 14728 23475 2171 1628 22661 4696 3975 10992 10278 956 17965 12950 11128 5749 3241 1575 1521 805
cat_boundaries=0 1
cat_threshold=2
is_linear=0
shrinkage=0.1


Tree=17
num_leaves=31
num_cat=3
split_feature=38 8 39 38 38 0 39 8 35 24 20 19 40 15 1 32 23 27 11 31 32 17 38 11 40 0 8 0 20 17
split_gain=5380.33 2959.62 1411.92 414.205 383.35 244.592 217.402 168.265 197.402 143.418 199.187 464.355 172.342 161.982 158.469 194.497 154.018 142.891 140.936 134.307 1002.67 440.036 2059.25 130.847 129.478 127.171 127.108 134.719 126.267 167.491
threshold=1.5000000000000002 -4.4999999999999991 0.031048519012524593 4.5000000000000009 16.500000000000004 -118138.49999999999 0.31962515253360213 -10.499999999999998 0 1.0000000180025095e-35 1.0000000180025095e-35 1 60.500000000000007 0.99583333333333346 1.3423310261760961 8743758.0000000019 2 16.753787878787882 -1.5795652589638265 42.500000000000007 20275394.000000004 1.0000000180025095e-35 44.500000000000007 -0.1790097718281862 45.500000000000007 352458.00000000006 19.500000000000004 326354.00000000006 1.0000000180025095e-35 17.500000000000004
decision_type=2 2 2 2 2 2 2 2 1 2 2 1 2 2 2 2 1 8 10 2 2 2 2 8 2 2 2 2 2 2
left_child=-1 7 3 25 6 -5 9 -2 -9 10 11 -4 13 -13 -12 24 17 -17 -15 -10 -21 22 -22 -7 26 -3 27 -16 -8 -30
right_child=1 2 4 5 -6 23 28 8 19 -11 14 12 -14 18 15 16 -18 -19 -20 20 21 -23 -24 -25 -26 -27 -28 -29 29 -31
leaf_value=0.11202843379597667 -0.10104984109952378 0.064449405248410876 -0.11693976135429329 -0.014929256213887344 -0.10243922424165836 0.042864386788550264 -0.065395289833022674 0.042037031726290919 -0.091742274837006463 0.093469134581238247 0.050203315055312038 -0.10286915507812339 -0.087611000701024774 -0.10431840338665294 -0.15545810307716754 0.1028957149665837 -0.070910856547435105 -0.10256592242960205 0.080656348735509933 4.7029595871357648 -0.10089102137586614 -0.10112400369337658 10.770578353065714 0.080111973705489559 0.088325842834144019 0.099659550039994077 -0.082770579838705866 0.039655123668662057 -0.07783531854975588 0.030279265797893667
leaf_weight=22684.793731480837 1243.209215127863 1280.3270770162344 297.86972570884973 478.2217782959342 245.53938439069316 1938.9636500803754 348.18614592216909 207.01255385018885 364.17506478587165 357.43140938598663 3129.6203348375857 62.54935319814831 105.88224631454796 44.609183975495398 37.249609199352562 120.11159523017704 380.11971052456647 47.130908785387874 537.48507448937744 0.48194670584052701 0.92392383236437925 12.961347931064664 0.21472688764333725 1836.3103719358332 331.39612281136215 5159.3476124852896 115.65845343563706 708.03486411552876 184.04856888949871 647.08154990989715
leaf_count=9166 148095 1153 9723 2790 21806 7199 13845 5895 23351 1170 12002 1302 1208 671 264 156 1749 258 1626 7 108 1487 4 3276 494 2607 438 1419 4558 10404
internal_value=0.0785946 0.0410891 0.0531528 0.0766637 0.0205027 0.0524471 0.0245522 -0.0802297 -0.036042 0.0319556 0.0282401 -0.0112988 0.0306281 0.0500488 0.0367531 0.012557 -0.0367924 0.0424556 0.0664807 -0.0777732 0.217762 0.0644549 1.94925 0.0609818 0.0352116 0.0926591 0.0147668 0.0299033 -0.0148409 0.00633797
internal_weight=42906.9 20222.2 18393.2 10693.2 7700 4253.5 7454.46 1828.98 585.77 6275.15 5917.72 1048.4 750.526 644.644 4869.32 1739.7 547.362 167.243 582.094 378.757 14.5819 14.1 1.13865 3775.27 1192.34 6439.67 860.943 745.284 1179.32 831.13
internal_count=288231 279065 100118 17025 83093 13265 61287 178947 30852 32480 31310 14530 4807 3599 16780 4778 2163 414 2297 24957 1606 1599 112 10475 2615 3760 2121 1683 28807 14962
cat_boundaries=0 1 2 3
cat_threshold=8 2 5
is_linear=0
shrinkage=0.1


Tree=18
num_leaves=31
num_cat=2
split_feature=38 8 39 38 38 0 39 12 1 5 40 0 33 23 20 15 1 11 27 27 27 39 20 19 8 11 32 29 28 34
split_gain=5231.69 2610.87 1299.08 424.977 339.539 183.381 148.469 144.29 131.227 112.729 137.369 127.645 162.956 144.778 118.36 111.21 97.6397 96.6846 110.587 129.811 139.656 105.9 105.607 256.151 101.155 96.0882 113.725 203.423 165.019 139.736
threshold=1.5000000000000002 -5.4999999999999991 0.023649553675079708 5.5000000000000009 9.5000000000000018 565092.00000000012 0.21411150379538327 1.0000000180025095e-35 -0.46919780536886485 1.0000000180025095e-35 72.500000000000014 95233.000000000015 0.20185185185185187 0 1.0000000180025095e-35 0.99583333333333346 12.519964165478511 -1.4938812631644052 5.3094017094017101 28.134234234234238 30.358333333333338 0.022055663637435555 1.0000000180025095e-35 1 6.5000000000000009 -0.6010374120535048 9984217.0000000019 0.20881782945736438 12.006488110669336 56.500000000000007
decision_type=2 2 2 2 2 2 2 2 2 2 2 2 10 1 2 2 2 8 10 10 10 2 2 1 2 10 2 10 8 2
left_child=-1 7 3 5 6 -3 16 -2 -5 10 11 -8 -13 -14 -11 -6 25 18 -10 24 -21 -22 23 -19 -20 26 29 28 -28 -4
right_child=1 2 4 8 15 -7 9 -9 17 14 -12 12 13 -15 -16 -17 -18 22 19 20 21 -23 -24 -25 -26 -27 27 -29 -30 -31
leaf_value=0.11013228362627153 -0.091757896650467061 0.056976552674799286 0.035825138263870945 -0.02697303471587505 -0.10170550857118073 0.095196743048266794 -0.019560148048093765 0.19804133727444925 0.13229702901355167 -0.12450216392047958 -0.098637226695325875 -0.056153897682524413 0.062867263382579933 -0.072878426413228989 0.22005157291926816 -0.015212956362306377 -0.054118524788683647 -0.10767495722160728 -0.094464126536156462 0.12220185197790559 -0.15388840942205759 0.17704366135983429 0.0708093428180466 0.056370069930831268 0.052623489192324568 0.047532693755282907 -0.12361177466253709 0.10090440729831861 0.0095390790343701393 -0.16831830671434486
leaf_weight=20861.34952814132 1487.6244270810857 1634.382105819881 1762.2166561326012 265.42236604634672 261.59048203378916 5413.2707464247942 985.57008204329759 17.381479740142822 60.753295068629086 12.887494338676332 133.78383948840201 176.79515139106661 751.42103303316981 80.85839279461652 44.038837803527713 344.33895752299577 122.91637919843197 123.23533717682585 186.58857171004638 109.02057792618871 40.682445761747658 12.684944816865025 1445.821466891095 418.19084404688329 62.389197374694049 3080.5756330434233 187.52691684477031 103.59809782169759 184.80381945706904 34.180630221031606
leaf_count=9166 173805 1590 5670 1981 26788 3022 19972 3 327 219 2743 1998 5336 920 133 15806 477 3931 2211 304 470 9 1562 871 237 6315 1269 202 625 269
internal_value=0.0753033 0.0381278 0.0486847 0.0733667 0.0195084 0.0863333 0.0252078 -0.088411 0.0398288 0.00317177 -0.000542588 0.00603677 0.0310375 0.0495589 0.142048 -0.0525533 0.0340023 0.0470382 0.0063595 -0.0122398 0.057318 -0.0752289 0.0567024 0.0190314 -0.0576067 0.0360258 0.0204259 -0.0230374 -0.0575233 0.0319408
internal_weight=40405.9 19544.6 18039.5 9772.44 8267.1 7047.65 7661.17 1505.01 2724.79 2185.35 2128.43 1994.64 1009.07 832.279 56.9263 605.929 5475.82 2459.37 472.119 411.366 162.388 53.3674 1987.25 541.426 248.978 5352.9 2272.33 475.929 372.331 1796.4
internal_count=288231 279065 105257 16515 88742 4612 46148 173808 11903 31321 30969 28226 8254 6256 352 42594 14827 9922 3558 3231 783 479 6364 4802 2448 14350 8035 2096 1894 5939
cat_boundaries=0 1 2
cat_threshold=12 2
is_linear=0
shrinkage=0.1


Tree=19
num_leaves=31
num_cat=2
split_feature=38 8 39 38 38 4 35 38 39 40 39 39 27 27 1 24 20 19 40 15 1 32 39 30 30 29 33 0 39 29
split_gain=5045.63 2243.22 1153.17 378.896 268.028 177.265 166.77 193.127 163.793 162.648 139.115 131.646 129.192 180.835 110.816 106.067 186.783 435.707 154.431 143.223 116.529 203.333 150.525 194.905 149.517 132.196 115.847 115.598 112.779 112.11
threshold=1.5000000000000002 -4.4999999999999991 0.023649553675079708 5.5000000000000009 16.500000000000004 0.67497521782097414 0 8.5000000000000018 0.3672431523039637 36.500000000000007 0.36068691814843473 0.33250263808425179 19.023477812177507 18.603030303030305 -0.46919780536886485 1.0000000180025095e-35 1.0000000180025095e-35 1 60.500000000000007 0.99583333333333346 1.3423310261760961 8743758.0000000019 0.076693608096733965 0.41588050314465413 0.34580419580419586 0.036038961038961044 0.13104996096799379 -477021.99999999994 0.21113453450672401 0.14729990356798459
decision_type=2 2 2 2 2 2 1 2 2 2 2 2 10 10 2 2 2 1 2 2 2 2 2 10 8 10 8 2 2 8
left_child=-1 6 3 5 8 -3 7 9 10 -2 11 15 13 -10 -5 16 17 -4 19 -19 27 22 26 29 25 -23 -22 -18 -21 -24
right_child=1 2 4 14 -6 -7 -8 -9 12 -11 -12 -13 -14 -15 -16 -17 20 18 -20 28 21 24 23 -25 -26 -27 -28 -29 -30 -31
leaf_value=0.10840145161813014 -0.0097628254289721522 0.029977093642583399 -0.11846109242408487 -0.023647045540741884 -0.088775611028255888 0.087913558228133321 -0.095782526508298493 -0.10087390892832326 -0.0050301266977097166 0.18987082544111766 0.17439706267786731 -0.075922814012529052 -0.079776441040246795 0.28635228400770496 0.044790907113018016 0.079716498855248993 -0.016946060486747263 -0.10388063864903481 -0.087532552052162552 0.084796364293557774 -0.10121511633597856 -0.12435391715865073 -0.017237025790577901 0.11223563518674917 -0.14117143848604544 0.012236814872734101 0.067920255659036949 0.048651524865108313 -0.0091221591336473375 -0.15536514985663671
leaf_weight=19162.120488017797 135.66469110967591 578.76429350674152 290.39618840767071 262.94126405054703 226.99663811735809 6033.3798033297062 1227.5172440966126 149.73445881111547 635.87916063237935 58.37078899005428 63.165899175219238 126.0962948706001 249.51922567002475 22.036945202853531 2361.5165290394798 363.90782932285219 294.04172705300152 60.75407506711781 105.45290953712538 433.08952501928434 42.654131073504686 86.470149349421263 306.13633003365248 101.58311526291072 111.1448810826987 392.38714464614168 800.46240445226431 3110.0631211269647 181.41480284370482 72.717313018627465
leaf_count=9166 3753 717 10319 1882 22144 3828 153929 21053 14104 212 787 2998 9578 200 9372 1215 2084 1376 1270 755 141 454 993 182 568 1289 1040 10754 1669 399
internal_value=0.0722497 0.0355661 0.0459492 0.0700823 0.0183492 0.0828424 -0.0788388 -0.0151111 0.0214471 0.050292 0.0266699 0.0253133 -0.0185071 0.00472975 0.0379342 0.0272038 0.0242126 -0.0138855 0.0250128 0.0425887 0.0318865 0.0121424 0.0339065 -0.0107681 -0.0366809 -0.0124282 0.0593635 0.0429853 0.0570696 -0.0437494
internal_weight=38046.4 18884.3 17313 9236.6 8076.37 6612.14 1571.29 343.77 7849.37 194.035 6941.94 6878.77 907.435 657.916 2624.46 6752.68 6388.77 1071.11 780.711 675.258 5317.66 1913.56 1323.55 480.437 590.002 478.857 843.117 3404.1 614.504 378.854
internal_count=288231 279065 100118 15799 84319 4545 178947 25018 62175 3965 38293 37506 23882 14304 11254 34508 33293 15389 5070 3800 17904 5066 2755 1574 2311 1743 1181 12838 2424 1392
cat_boundaries=0 1 2
cat_threshold=8 2
is_linear=0
shrinkage=0.1


Tree=20
num_leaves=31
num_cat=1
split_feature=38 8 39 11 38 0 39 31 0 12 35 8 15 16 17 30 39 0 11 20 11 34 27 29 11 39 1 9 9 17
split_gain=4869.84 1932.58 1045.51 420.078 277.999 275.393 146.253 135.062 122.488 113.714 113.05 139.431 111.861 376.088 117.312 112.136 127.512 156.958 119.216 111.533 107.244 96.8375 103.207 141.943 125.902 179.066 107.446 100.732 206.83 153.115
threshold=1.5000000000000002 -5.4999999999999991 0.031048519012524593 -0.75360937138197526 16.500000000000004 266894.00000000006 0.48141265712005821 50.500000000000007 318744.00000000006 1.0000000180025095e-35 0 1.5000000000000002 0.99583333333333346 0.47809523809523818 18.500000000000004 0.41223155929038285 0.084703366916279679 417818.50000000006 -0.099431056323676478 1.0000000180025095e-35 2.6222555796247806 55.500000000000007 5.817254174397033 0.22540322580645164 3.0380138637577887 0.042005861145353658 12.519964165478511 60.500000000000007 50.500000000000007 14.500000000000002
decision_type=2 2 2 8 2 2 2 2 2 2 1 2 2 2 2 10 2 2 10 2 8 2 8 10 8 2 2 2 2 2
left_child=-1 9 3 10 6 7 12 19 -8 -2 11 -3 13 14 15 16 -4 18 -18 20 -5 22 23 26 27 -26 -14 28 -24 -30
right_child=1 2 4 5 -6 -7 8 -9 -10 -11 -12 -13 21 -15 -16 -17 17 -19 -20 -21 -22 -23 24 -25 25 -27 -28 -29 29 -31
leaf_value=0.10680624942022346 -0.089344325175137351 -0.14988672278139945 0.035747385987541069 0.0043321384936226082 -0.10205339991010827 0.085308062838843068 -0.085369640470462416 -0.10294253573381806 0.0464947738515002 0.17335777822766862 0.037934893793623269 0.0041853653794298555 0.058748227859483318 -0.11461963788674762 0.080545991071036258 0.088220112354422509 0.014610848773561242 -0.17300420040923592 -0.12253843697618393 0.055419891580915259 -0.20488766404835942 -0.024646982175667926 0.03033289876595582 -0.14619466514976107 0.10422951208240068 -0.070476725591078426 -0.16866263061132239 0.047061176588110099 0.054848658173404896 -0.079241586925725985
leaf_weight=17584.358732178807 1253.4930799137801 67.79337920807302 317.48214025329798 183.55366140697151 199.34926944691688 5854.3406563946046 239.25965809402987 66.489188870415092 99.836923338472843 16.696882724761963 1602.0882915728725 439.69239105703309 1559.4798623840325 254.63861747132614 248.92868199385703 130.57729414710775 262.17485586227849 81.247816415969282 83.585957743227482 1140.5604119822383 28.274112381506711 343.19036761438474 1486.2296759290621 35.60066733835265 73.626313861459494 288.75423614867032 21.056849747896194 1442.447658949066 112.80087312776595 347.49503209069371
leaf_count=9166 173805 1051 705 1198 23006 6310 11067 203 1232 3 5746 1778 5740 11872 1241 522 2824 602 1000 1129 379 3051 9651 394 121 2601 142 6741 605 4346
internal_value=0.0692351 0.0330951 0.0419799 0.064333 0.0144836 0.0757285 0.017611 0.0362028 -0.0465461 -0.0858911 0.0250446 -0.0160798 0.0206798 -0.00488584 0.0199741 0.00274332 -0.0122486 -0.0479337 -0.0185443 0.0430438 -0.0235939 0.0268517 0.0301444 0.0512707 0.0210429 -0.034981 0.0557185 0.0270335 0.0121923 -0.0463812
internal_weight=35865.1 18280.7 17010.6 9382.79 7627.76 7273.22 7428.41 1418.88 339.097 1270.19 2109.57 507.486 7089.32 1378.64 1124 875.068 744.491 427.009 345.761 1352.39 211.828 5710.68 5367.49 1616.14 3751.35 362.381 1580.54 3388.97 1946.53 460.296
internal_count=288231 279065 105257 17794 87463 9219 64457 2909 12299 173808 8575 2829 52158 18766 6894 5653 5131 4426 3824 2706 1577 33392 30341 6276 24065 2722 5882 21343 14602 4951
cat_boundaries=0 1
cat_threshold=1
is_linear=0
shrinkage=0.1


Tree=21
num_leaves=31
num_cat=1
split_feature=38 8 39 38 38 0 39 0 0 11 12 38 20 19 39 11 39 1 40 1 30 40 27 34 31 37 4 34 8 39
split_gain=4695.39 1663.66 957.848 399.514 217.976 172.767 136.432 136.012 106.652 105.482 105.18 103.625 99.2122 561.854 185.468 126.497 95.115 140.462 95.0866 94.2641 92.5027 154.661 218.175 114.783 136.382 108.787 127.389 109.103 108.695 92.1225
threshold=1.5000000000000002 -6.4999999999999991 0.023649553675079708 4.5000000000000009 16.500000000000004 890684.00000000012 0.48141265712005821 461656.00000000006 318744.00000000006 -4.0310629177535526 1.0000000180025095e-35 13.500000000000002 1.0000000180025095e-35 0 0.24845124877109834 -1.6674338433442526 0.036597125351631628 -0.0209594229727782 72.500000000000014 3.0779106071020732 0.26120401337792648 35.500000000000007 1.0227272727272729 6.5000000000000009 39.500000000000007 1.0000000180025095e-35 0.45219515109874581 36.500000000000007 48.500000000000007 0.30197641883565268
decision_type=2 2 2 2 2 2 2 2 2 8 2 2 2 1 2 10 2 2 2 2 8 2 10 2 2 2 2 2 2 2
left_child=16 10 3 7 6 19 9 -3 -8 -4 -2 -7 13 -11 15 -15 17 -1 -17 -5 21 22 -14 24 -24 26 -23 29 -22 -27
right_child=1 2 4 5 -6 11 8 -9 -10 12 -12 -13 20 14 -16 18 -18 -19 -20 -21 28 25 23 -25 -26 27 -28 -29 -30 -31
leaf_value=0.0064590112556082799 -0.095485654180614776 0.049533354894832203 -0.12134093791828143 0.016494230796882337 -0.087042568866595491 0.060288506603234218 -0.08412296221044531 0.089678598593977699 0.037753737474879936 -0.11391773740963183 0.16206604161220337 -0.036293947190498825 0.094679589134224307 -0.070669901585852651 -0.048545835213071688 0.070175840684278706 0.10799814525532191 0.093753193115001576 -0.058243995825694554 -0.10799764563687209 0.037197301463610041 -0.16447542730483844 -0.13786219240990349 -0.016402851830889298 0.21764609689354109 0.039583034294956292 0.086778405709584228 -0.11456202237197198 -0.16154442561955296 -0.11234693319275109
leaf_weight=209.4466627240181 1030.9008037303574 1088.3271308094263 53.0136031890288 1468.1825702227652 208.85070892283693 2073.7120176707394 229.88998786918819 3758.1829244419932 104.41107117244974 349.40647165244445 16.104095935821533 117.37622499465942 162.89125723205507 79.558773488737643 238.61107528628781 810.91145537281409 14377.560226090252 1536.883278042078 62.070729912724346 63.451067173387855 3697.0468936627731 21.153688996564597 139.29165408620611 942.01005719276145 11.697098808363078 427.07902155444026 438.11978782014921 63.176881612278521 27.725250546820462 44.02365496661514
leaf_count=316 168636 1109 1977 6900 24809 3820 11735 2429 1310 16140 3 2536 412 930 4566 2204 7805 1045 437 447 16642 404 1270 5592 9 1240 1623 687 245 953
internal_value=0.0662702 0.0307508 0.0384259 0.0617397 0.0137949 0.0371032 0.01646 0.0806636 -0.0460576 0.0192216 -0.0915242 0.0551146 0.0202133 -0.00241369 0.0302943 0.0500438 0.105321 0.0832835 0.0610449 0.0113369 0.026048 0.0100359 -0.0132865 -0.0293769 -0.110321 0.0395163 0.0752059 0.00883711 0.035718 0.0253855
internal_weight=33851.1 17727.2 16680.2 8569.23 8110.94 3722.72 7902.09 4846.51 334.301 7567.79 1047 2191.09 7514.77 1540.56 1191.15 952.541 16123.9 1746.33 872.982 1531.63 5974.22 2249.44 1255.89 1093 150.989 993.553 459.273 534.28 3724.77 471.103
internal_count=288231 279065 110426 17241 93185 13703 68376 3538 13045 55331 168639 6356 53354 24277 8137 3571 9166 1361 2641 7347 29077 12190 7283 6871 1279 4907 2027 2880 16887 2193
cat_boundaries=0 1
cat_threshold=2
is_linear=0
shrinkage=0.1


Tree=22
num_leaves=31
num_cat=1
split_feature=38 8 39 38 38 0 11 0 39 39 1 15 34 11 11 11 33 24 20 19 40 0 12 30 40 27 39 34 32 39
split_gain=4515.59 1439.46 844.457 392.75 230.219 149.836 151.084 148.375 116.909 99.5467 133.558 97.3204 96.5104 119.226 166.681 100.749 184.089 97.0667 138.297 381.621 112.211 99.5573 92.9491 88.1048 118.855 185.755 98.1159 94.1835 88.4005 127.288
threshold=1.5000000000000002 -6.4999999999999991 0.027765599897217611 4.5000000000000009 16.500000000000004 259963.50000000003 -0.21689423252479087 360648.50000000006 0.60594598349637396 0.036597125351631628 -0.0209594229727782 0.99583333333333346 64.500000000000014 0.10792626073760574 0.71435555233681536 -1.8145275326284749 0.42967032967032975 1.0000000180025095e-35 1.0000000180025095e-35 0 60.500000000000007 303570.50000000006 1.0000000180025095e-35 0.25834260289210237 35.500000000000007 1.0227272727272729 0.42120207719345876 45.500000000000007 8164395.5000000009 0.07351394618042785
decision_type=2 2 2 2 2 2 8 2 2 2 2 2 2 10 10 8 10 2 2 1 2 2 2 10 2 10 2 2 2 2
left_child=9 22 3 7 8 11 -7 -3 12 10 -1 -5 15 -14 -15 16 -4 18 19 -17 21 -21 -2 24 25 -20 27 -26 29 -27
right_child=1 2 4 5 -6 6 -8 -9 -10 -11 -12 -13 13 14 -16 17 -18 -19 23 20 -22 -23 -24 -25 26 28 -28 -29 -30 -31
leaf_value=0.0058456015635346206 -0.094747967800977495 0.043242266999982119 0.011885685815965726 -0.086339455741659479 -0.10172361298499405 0.022717701233930361 0.068285447300219654 0.085867270205655225 -0.10355696471960665 0.10681799008226632 0.091576003838711145 0.010403458904011087 -0.11230431733217208 0.10550589087950123 -0.14231021971856056 -0.11168799695586416 -0.12140545215416237 0.070579295029022979 0.065962761804437414 -0.0064297732622877095 -0.076036174752554031 0.070810997629613542 0.15307857011149159 0.03510732653582109 0.048980169443934976 -0.17402257403425278 -0.10746229258227705 -0.1751515547700723 -0.0018944340375287639 -0.038892466828757716
leaf_weight=208.34320710599422 939.69975840020925 1048.8248181566596 376.95672681229189 120.34180942596868 175.32434868160635 1542.1572576463223 1377.5826672203839 3688.99347217381 83.383774731773883 13145.755947463214 1422.0183871388435 764.97881055576727 129.36201771348715 83.542612317949533 40.201720317825675 294.2952391365543 142.89319634903222 372.16111720865592 238.38546730345115 298.83235096326098 101.53230793122202 377.8845239514485 15.381578445434569 3190.0476191909984 818.19016434624791 85.670077091082931 45.168989957310259 19.188268815167248 454.92522814543918 374.13861703779548
leaf_count=316 168636 1128 8196 2212 24544 6721 2800 2584 4584 7805 1045 2710 2475 418 557 14113 5643 1453 824 3414 1468 1086 3 13184 2861 336 1577 219 2645 2674
internal_value=0.0633832 0.0285527 0.0355672 0.0572159 0.0115553 0.0332902 0.0442173 0.0764312 0.0141939 0.103927 0.0806206 -0.00274682 0.015513 -0.0451778 0.0249961 0.0176494 -0.0247526 0.020954 0.0180216 -0.014687 0.021994 0.0367021 -0.0907567 0.0247349 0.00848042 -0.0126587 0.0361004 0.0438443 -0.0331479 -0.0640695
internal_weight=31976.2 17200 16245 8542.88 7702.08 3805.06 2919.74 4737.82 7526.76 14776.1 1630.36 885.321 7443.38 253.106 123.744 7190.27 519.85 6670.42 6298.26 1072.54 778.249 676.717 955.081 5225.71 2035.67 1153.12 882.547 837.378 914.734 459.809
internal_count=288231 279065 110426 18155 92271 14443 9521 3712 67727 9166 1361 4922 63143 3450 975 59693 13839 45854 44401 20081 5968 4500 168639 24320 11136 6479 4657 3080 5655 3010
cat_boundaries=0 1
cat_threshold=2
is_linear=0
shrinkage=0.1


Tree=23
num_leaves=31
num_cat=1
split_feature=38 8 39 11 38 0 27 39 1 39 31 1 20 19 38 38 0 30 2 4 4 11 29 11 33 31 31 5 8 38
split_gain=4333.04 1249.35 768.154 395.457 211.22 209.468 108.927 104.339 126.735 104.192 99.9311 143.54 100.848 99.7841 98.5263 838.527 97.2697 102.272 91.6697 89.5029 89.2424 115.601 114.641 86.1079 155.37 83.9662 81.3975 81.1685 81.2444 94.4987
threshold=1.5000000000000002 -7.4999999999999991 0.034736829262521807 -0.63059400856473569 16.500000000000004 647283.50000000012 4.0074626865671652 0.036597125351631628 -0.0209594229727782 0.60594598349637396 41.500000000000007 0.60475355784180762 1.0000000180025095e-35 0 17.500000000000004 18.500000000000004 1230336.0000000002 0.16247642991829042 1.0000000180025095e-35 13.47680427031535 26.453578322043423 2.0005789650905945 0.09699820788530468 -1.8145275326284749 0.42967032967032975 56.500000000000007 25.500000000000004 1.0000000180025095e-35 4.5000000000000009 2.5000000000000004
decision_type=2 2 2 8 2 2 10 2 2 2 2 2 2 1 2 2 2 10 2 2 2 8 10 8 10 2 2 2 2 2
left_child=7 18 3 6 9 10 14 8 -1 19 12 -12 13 -5 -3 -16 17 -8 -2 23 -7 -22 -23 24 27 26 -19 28 29 -4
right_child=1 2 4 5 -6 20 16 -9 -10 -11 11 -13 -14 -15 15 -17 -18 25 -20 -21 21 22 -24 -25 -26 -27 -28 -29 -30 -31
leaf_value=0.0052876931737647868 -0.098459287508209953 0.067948629913335362 0.13038780264520566 -0.14572057408209552 -0.10207590869071133 0.081253945770327227 -0.08519962755505911 0.10573252033605703 0.089400193378979032 -0.10319397453159285 -0.0067531113232720437 -0.33606677635275162 0.056571140490963179 0.017048165656135265 4.2439985247684637 0.15394059514159339 0.037655030257393363 0.0061968128912236265 0.19335058479622635 -0.0725015194707294 0.04367817611736545 -0.013641553644924724 -0.50354433310855862 0.017413650065482848 -0.11866240798173454 0.12743267428496738 -0.093028449468741059 0.20833612191305484 0.065855401296780969 -0.060800355772809948
leaf_weight=207.34833319485188 800.72811247315258 260.24437638092786 29.559626599773765 44.227450114674866 167.2285620267503 4093.4185739429668 144.86273407936096 12010.668542891741 1316.4279900491238 78.2003468349576 133.10400587506592 14.697395930998026 1502.9088876005262 253.76875947508961 0.53582857176661303 7.7683568592183292 841.67916003707796 1006.2471080389805 10.91199831292033 120.73564319545403 56.672861573286355 10.331030575558545 8.8843040643259865 6506.6208844543435 132.11243147868663 52.559603310190141 90.074002400971949 19.119694817345589 114.4909877134487 206.14651088090613
leaf_count=316 163507 594 61 1582 26693 4793 1224 7805 1045 4788 273 94 1466 471 18 237 3087 4768 21 888 123 27 102 48373 6073 180 859 114 1284 7365
internal_value=0.0605491 0.0264809 0.0326599 0.0531085 0.00902842 0.0666118 0.0187433 0.102605 0.0779546 0.0116065 0.0395465 -0.0395001 0.0460339 -0.00710934 0.0787685 0.417852 0.0111945 -0.00602002 -0.0945361 0.0128658 0.0792619 -0.0281889 -0.240151 0.0143365 -0.0255932 0.00396376 -0.00195556 0.00769964 -0.0032545 -0.0368237
internal_weight=30242.3 16707.8 15896.2 8521.98 7374.21 6118.01 2403.97 13534.4 1523.78 7206.99 1948.71 147.801 1800.91 297.996 268.549 8.30419 2135.42 1293.74 811.64 7128.79 4169.31 75.8882 19.2153 7008.05 501.429 1148.88 1096.32 369.317 350.197 235.706
internal_count=288231 279065 115537 19898 95639 8931 10967 9166 1361 68946 3886 367 3519 2053 849 255 10118 7031 163528 64158 5045 252 129 63270 14897 5807 5627 8824 8710 7426
cat_boundaries=0 1
cat_threshold=2
is_linear=0
shrinkage=0.1


Tree=24
num_leaves=31
num_cat=0
split_feature=38 8 39 38 38 0 0 2 12 4 39 16 15 40 15 0 9 31 32 34 40 16 11 28 34 27 11 20 30 30
split_gain=4168.56 1092.13 654.316 362.256 140.991 134.17 125.303 111.13 230.337 96.3923 94.9204 100.694 110.556 115.565 122.016 107.867 117.491 103.565 132.935 114.245 132.74 99.7141 146.564 99.2604 94.1748 91.5021 102.523 97.8486 90.935 119.75
threshold=1.5000000000000002 -6.4999999999999991 0.023649553675079708 4.5000000000000009 16.500000000000004 461656.00000000006 1185975.5000000002 1.0000000180025095e-35 1.0000000180025095e-35 4.1539565961357168 0.18050099971253739 0.065591397849462399 0.47752525252525263 72.500000000000014 0.99583333333333346 149082.50000000003 73.500000000000014 9.5000000000000018 3934014.0000000005 20.500000000000004 18.500000000000004 0.39607843137254911 -0.054768455195269648 9.9409842008362777 9.5000000000000018 6.1835016835016843 0.21458201775969413 1.0000000180025095e-35 0.12613636363636366 0.23836580086580089
decision_type=2 2 2 2 2 2 2 2 2 2 2 2 2 2 2 2 2 2 2 2 2 2 8 8 2 8 10 2 10 10
left_child=7 -2 3 5 10 -3 9 8 -1 25 -4 -12 23 14 21 17 -17 18 24 -19 -21 22 -14 -13 -16 -5 27 -27 -22 -30
right_child=1 2 4 6 -6 -7 -8 -9 -10 -11 11 12 13 -15 15 16 -18 19 -20 20 28 -23 -24 -25 -26 26 -28 -29 29 -31
leaf_value=0.053932480269985372 -0.089428391963481332 0.039649598606108866 0.020587839461658305 0.057781576593096656 -0.082343522973938321 0.081748561090164984 0.047985920162615714 0.10711923083100859 0.10728687946872938 -0.057856711362513635 -0.10833531608300195 0.090688542618753504 -0.12376847375373297 -0.080375915718597563 0.11746302277811918 0.044020718666441 -0.12067526774319293 -0.078682352350329568 0.11730599201466585 -0.1055856447475549 0.22360687910056476 -0.10665236076514879 0.11722423803665288 -0.072017734850599965 -0.10013758851732334 -0.079553618404361731 0.048096103592588993 0.0025252236584269935 -0.09208058921891156 0.030408495344158494
leaf_weight=1353.5248357802629 801.57264456013218 1002.7298347502947 4850.3701314020436 425.35318477777764 161.55734450626187 3089.5030497685075 1626.9706415142864 9027.5131585933268 2011.793860912323 187.88487575575709 86.893397131003439 217.77739637624472 43.28673775261268 190.3096393388696 27.874692612327635 837.56553484173492 45.677051567006856 280.87803966877982 127.88359267031774 105.80979870911688 20.420847517903894 177.52159005496651 60.517279408406466 45.292435156647116 69.425002538599074 182.29546130495146 375.20678362064064 714.56005059042946 97.024622422643006 449.96466152649373
leaf_count=1578 168639 1109 17224 1398 24809 2429 4882 6226 1362 1145 3426 1345 1007 5925 216 5029 593 6482 990 1630 327 12075 406 890 999 3486 931 1861 2579 7233
internal_value=0.0576228 0.024391 0.0302769 0.0512127 0.0101141 0.0714329 0.0276536 0.101337 0.0858278 0.0101073 0.0120454 -0.00232091 0.000972328 -0.00543306 0.000651952 0.0090785 0.0355034 -0.0107129 0.0502866 -0.0251098 -0.00275852 -0.0611268 0.0167292 0.0626756 -0.0377987 0.0176302 0.00420431 -0.0141582 0.0164165 0.00868146
internal_weight=28695 16302.1 15500.6 7604.5 7896.05 4092.23 3512.27 12392.8 3365.32 1885.3 7734.49 2884.12 2797.23 2534.16 2343.85 2062.52 883.243 1179.28 225.183 954.098 673.22 281.326 103.804 263.07 97.2997 1697.42 1272.06 896.856 567.41 546.989
internal_count=288231 279065 110426 17241 93185 3538 13703 9166 2940 8821 68376 51152 47726 45491 39566 26078 5622 20456 2205 18251 11769 13488 1413 2235 1215 7676 6278 5347 10139 9812
is_linear=0
shrinkage=0.1


Tree=25
num_leaves=31
num_cat=0
split_feature=38 8 39 11 38 38 0 2 12 0 1 1 11 39 38 29 2 27 8 30 17 40 1 30 4 4 11 29 30 11
split_gain=3985.66 947.16 586.128 365.299 169.707 158.915 126.109 118.007 234.021 110.764 93.193 87.1393 115.455 85.6204 84.3078 92.3517 84.2727 81.9861 92.9475 102.836 106.28 101.215 97.8628 97.064 79.4352 78.6211 89.2509 91.6131 72.0509 121.511
threshold=1.5000000000000002 -7.4999999999999991 0.034736829262521807 -0.1790097718281862 16.500000000000004 3.5000000000000004 259963.50000000003 1.0000000180025095e-35 1.0000000180025095e-35 1185975.5000000002 -0.30985511824521667 0.96121337197007728 0.27496248450141808 0.60594598349637396 5.5000000000000009 0.062114197530864203 1.0000000180025095e-35 4.5220635950681389 1.5000000000000002 0.22305140961857381 21.500000000000004 29.500000000000004 0.40114329780091978 0.35355392156862753 26.453578322043423 26.453578322043423 2.0005789650905945 0.09699820788530468 0.32366946778711492 3.6890622022731456
decision_type=2 2 2 10 2 2 2 2 2 2 2 2 10 2 2 10 2 8 2 10 2 2 2 8 2 2 10 10 10 10
left_child=7 16 3 5 13 10 11 8 -1 17 -3 14 -13 24 -5 -16 -2 -7 19 -19 -21 -20 -22 -23 28 -8 -27 -28 -4 -30
right_child=1 2 4 6 -6 9 25 -9 -10 -11 -12 12 -14 -15 15 -17 -18 18 21 20 22 23 -24 -25 -26 26 27 -29 29 -31
leaf_value=0.050973588355839067 -0.0977706480642863 -0.026829357566554659 0.0030422962920258027 0.056573453535074363 -0.10199120859970784 0.045187107204040303 0.080386270647382588 0.10639384155224021 0.10654562469423123 0.035568420245975264 0.068921385661134746 0.045264934485823138 -0.36954694979435687 -0.10285152416212816 -0.29385519446376934 -0.0023702211834569472 0.18085391168828288 -0.1759190531162933 0.037279898879742167 -0.11053089518725889 0.082793224420859346 -0.055438225764382947 -0.076356568840274808 0.026427283819002952 -0.1409294319248233 0.043560550267401126 0.013177895456971326 -0.42550742421523036 0.026103890210521386 -0.16530874143846108
leaf_weight=1292.1518312767148 665.84493691660464 113.83734983205795 4295.3582595665939 654.64862437546253 139.62708051083609 289.26777424151078 2961.8014154029079 8221.2768423072994 1832.3633584976196 1301.1267547304742 949.3013258036226 14.860628860071303 12.233449737075714 67.398039556108415 11.662867517676203 159.80242010625079 11.035371024161575 61.919708877103403 447.10640527959913 106.05720745096914 95.61668095854111 391.042134210933 64.836635603103787 230.02188412845135 34.520495243370533 48.036779549904168 9.2659088503569382 9.7904815105721337 2718.205601016758 33.574095215182751
leaf_count=1578 163507 200 41317 609 26693 979 3520 6226 1362 4462 858 18 89 4788 235 729 21 1108 704 1218 570 2445 724 1212 358 100 17 101 22063 420
internal_value=0.0548305 0.0225183 0.0276656 0.0464762 0.00719413 0.0254662 0.0683955 0.100107 0.0835637 0.0136487 0.0586687 0.0344366 -0.14203 0.00932661 0.0402242 -0.0221967 -0.0932282 -0.00326853 -0.0133048 -0.0598293 -0.0328576 0.00100008 0.0184833 -0.0251179 0.0103942 0.0779614 -0.0290836 -0.212203 0.0111355 0.0237685
internal_weight=27243.6 15897.8 15220.9 7932.24 7288.68 4050.13 3882.1 11345.8 3124.52 2987 1063.14 853.208 27.0941 7149.06 826.114 171.465 676.88 1685.87 1396.6 328.43 266.511 1068.17 160.453 621.064 7081.66 3028.89 67.0932 19.0564 7047.14 2751.78
internal_count=288231 279065 115537 19898 95639 14480 5418 9166 2940 13422 1058 1680 107 68946 1573 964 163528 8960 7981 3620 2512 4361 1294 3657 64158 3738 218 118 63800 22483
is_linear=0
shrinkage=0.1


Tree=26
num_leaves=31
num_cat=1
split_feature=38 8 0 20 19 39 11 11 38 2 12 1 34 4 27 8 29 28 8 33 0 1 17 11 16 5 27 34 31 32
split_gain=3801.74 825.608 528.464 240.224 832.263 197.227 270.007 158.041 157.29 125.329 237.354 121.775 110.783 108.845 108.697 137.344 137.855 129.679 118.104 138.271 120.129 109.381 107.904 106.506 97.8498 96.7906 96.5809 114.279 92.3575 87.0591
threshold=1.5000000000000002 -7.4999999999999991 1460743.5000000002 1.0000000180025095e-35 0 0.15096026006289212 -0.33324588557734375 -1.7576042897854141 5.5000000000000009 1.0000000180025095e-35 1.0000000180025095e-35 12.519964165478511 52.500000000000007 8.7809072704478037 10.586581709145429 5.5000000000000009 0.13472342264477097 9.4213648466913664 1.0000000180025095e-35 0.63476800976800984 -545836.99999999988 0.96121337197007728 41.500000000000007 -0.50367004698981277 0.088932806324110714 1.0000000180025095e-35 19.023477812177507 51.500000000000007 15.500000000000002 4216863.5000000009
decision_type=2 2 2 2 1 2 10 10 2 2 2 2 2 2 10 2 10 10 2 8 2 2 2 10 2 2 10 2 2 2
left_child=9 -2 3 4 -3 6 14 29 -4 10 -1 -8 24 -9 18 16 -16 -18 19 20 -5 -19 -14 -17 -7 26 -26 -28 -25 -6
right_child=1 2 8 5 7 12 11 13 -10 -11 -12 -13 22 -15 15 23 17 21 -20 -21 -22 -23 -24 28 25 -27 27 -29 -30 -31
leaf_value=0.04806511572760979 -0.092686578152061411 -0.11700444506996531 0.078329337488582174 -0.21563402306864707 0.051875723457795037 -0.088306053432771481 0.054223889139503746 0.035710299669413186 0.029405427299476684 0.10574609779444349 0.10588413266470327 -0.10942722008893027 -0.11573550593322693 -0.11787642544876627 -0.099270131222050917 0.019592444501024497 -0.13609462169759784 0.12780668102027329 0.053132418494012804 -0.13682754194262436 0.021167931261493887 -0.064745738115917426 0.10691509641399254 0.02509319043224132 0.016624946906474283 0.13922206933711387 -0.043921914380466553 0.27788709012747703 -0.15191048688132094 -0.092826186209119463
leaf_weight=1236.2875846400857 616.04020148748532 576.64835517155007 2063.3067001681775 22.088721767533571 54.84761131182313 108.29931265464984 3343.9799673776142 1592.4253128627315 964.24105689185672 7482.1581373922527 1667.819732427597 46.096422750502825 138.04723298782483 47.519314946839586 262.13558468944393 1257.9071370628662 42.867131646722555 88.889699888881296 996.09156950423494 66.252061804523692 710.58188646635972 44.156427951063961 25.840992903802544 50.380249131470919 1683.6783859266434 55.68638130906038 434.05480969697237 11.322811193764208 71.053954816423357 171.85870431107469
leaf_count=1578 163528 47239 1916 164 455 3229 3892 9967 4645 6226 1362 165 4178 297 2035 2751 338 315 1246 375 2085 263 381 72 14778 160 8783 74 256 5478
internal_value=0.0520586 0.0207629 0.025444 0.0159555 -0.0119975 0.0231755 0.0317286 0.0204413 0.0627476 0.0989024 0.0812704 0.0519986 -0.00120145 0.0312599 0.0127061 -0.00453322 -0.0533147 0.0151653 0.0301603 0.00151875 0.0140288 0.0639008 -0.0806292 0.0109587 0.00447541 0.00907465 0.00567059 -0.0357406 -0.0784757 -0.0578181
internal_weight=25932.6 15546.3 14930.3 11902.7 2443.3 9459.41 7002.48 1866.65 3027.55 10386.3 2904.11 3390.08 2456.93 1639.94 3612.4 1817.39 438.049 175.913 1795.01 798.923 732.671 133.046 163.888 1379.34 2293.04 2184.74 2129.06 445.378 121.434 226.706
internal_count=288231 279065 115537 108976 63436 45540 13957 16197 6561 9166 2940 4057 31583 10264 9900 6030 2951 916 3870 2624 2249 578 4559 3079 27024 23795 23635 8857 328 5933
cat_boundaries=0 1
cat_threshold=2
is_linear=0
shrinkage=0.1


Tree=27
num_leaves=31
num_cat=2
split_feature=38 8 39 38 38 4 2 12 27 8 9 8 27 11 11 36 29 28 1 20 0 34 28 23 40 27 32 0 32 1
split_gain=3605.33 725.148 491.219 307.169 140.289 133.687 133.051 240.188 101.48 106.285 108.223 103.61 117.688 99.4382 85.2466 79.5484 85.6281 81.1527 79.5189 80.421 76.1442 73.7337 99.9955 77.6745 101.871 106.038 78.6597 135.95 126.679 96.5713
threshold=1.5000000000000002 -10.499999999999998 0.023649553675079708 4.5000000000000009 16.500000000000004 0.60214157712363636 1.0000000180025095e-35 1.0000000180025095e-35 13.990384615384617 1.5000000000000002 45.500000000000007 8.5000000000000018 21.726539589442819 -1.0571605748192121 -4.0310629177535526 0 0.12778327560613559 13.829094863845205 -0.86399321942245955 1.0000000180025095e-35 -147218.49999999997 64.500000000000014 8.3575926396713065 1 21.500000000000004 1.0000000180025095e-35 7516677.0000000009 143962.50000000003 7894835.5000000009 0.90712880347659142
decision_type=2 2 2 2 2 2 2 2 10 2 2 2 10 8 8 1 10 10 2 2 2 2 10 1 2 8 2 2 2 2
left_child=6 -2 3 5 14 13 7 20 9 10 -5 12 -10 -3 -4 -14 17 -17 -13 -20 -1 23 -23 24 -16 -26 27 -25 -28 -29
right_child=1 2 4 8 -6 -7 -8 -9 11 -11 -12 18 15 -15 21 16 -18 -19 19 -21 -22 22 -24 26 25 -27 28 29 -30 -31
leaf_value=-0.022241842173482327 -0.10048159854231645 -0.20308016358825501 -0.11668625092820434 0.015245555727904253 -0.084734424314790557 0.069782484436764741 0.1051668211732651 0.10529298058591363 -0.14743567269204236 0.055093066078628142 -0.15404734015107088 -0.12964562685652273 -0.11822786041652854 0.018836184125932978 0.017548755264428159 -0.11994118002024928 0.076814118350863866 0.059490917284914929 -0.027789331227551319 0.035719103255911482 0.054737633815140907 -0.14953237571536124 -0.0081086098128121138 6.3467388607843801e-05 0.36008583303795461 -0.11519728065938364 -0.068368516448047242 0.072034068369148191 0.0070715372198556937 0.025581874672298905
leaf_weight=146.63210261613131 490.17583072697744 21.460425097495317 54.483553935308009 633.34585125790909 166.87930307374336 3169.9584033675492 6805.5231496877968 1517.1456552743912 85.725170634919778 1160.3174996450543 40.15491943131201 36.159206965472549 56.873036693548784 341.5628245472908 151.94202813948505 64.139843783807009 109.31596582452767 41.524301846278831 259.42960940068588 861.58799688145518 1038.85122513026 65.809152908623219 208.0677084105555 1556.6422078863252 4.8555087982676923 141.24280382902361 240.5309761990793 622.19488243549131 2983.6952273678035 1594.3788638657425
leaf_count=283 148095 88 3500 4797 36826 3030 6226 1362 1340 2964 786 246 682 440 938 962 910 274 2546 1204 1295 1258 2557 19655 23 2493 2935 2481 29965 8070
internal_value=0.0494376 0.0191653 0.0231625 0.042631 0.00596583 0.0631996 0.0977122 0.0789408 0.0209297 0.0367514 0.00515211 0.00177539 -0.0452729 0.00571741 0.00795118 -0.0130573 0.0147656 -0.0494273 0.0163137 0.0210218 0.0452161 0.00884831 -0.042091 0.0107606 -0.0384884 -0.0994015 0.0128948 0.0227141 0.00144362 0.0386211
internal_weight=24670.6 15162.5 14672.3 6881.56 7790.72 3532.98 9508.15 2702.63 3348.57 1833.82 673.501 1514.76 357.578 363.023 7623.84 271.853 214.98 105.664 1157.18 1121.02 1185.48 7569.36 273.877 7295.48 298.04 146.098 6997.44 3773.22 3224.23 2216.57
internal_count=288231 279065 130970 20269 110701 3558 9166 2940 16711 8547 5583 8164 4168 528 73875 2828 2146 1236 3996 3750 1578 70375 3815 66560 3454 2516 63106 30206 32900 10551
cat_boundaries=0 1 2
cat_threshold=1 1
is_linear=0
shrinkage=0.1


Tree=28
num_leaves=31
num_cat=1
split_feature=38 8 0 8 38 27 1 8 27 38 2 12 1 39 24 8 39 39 17 39 17 23 31 38 33 30 30 38 33 32
split_gain=3415.1 637.696 438.123 168.788 185.132 183.262 194.569 182.648 168.486 168.307 141.028 242.216 121.534 165.275 120.719 107.685 105.221 238.577 126.968 114.002 140.908 99.8713 92.1309 91.0023 90.4144 100.617 89.5891 85.4764 87.3753 83.73
threshold=1.5000000000000002 -10.499999999999998 1185975.5000000002 1.0000000180025095e-35 3.5000000000000004 16.753787878787882 9.1258721683389847 8.5000000000000018 27.728501228501234 6.5000000000000009 1.0000000180025095e-35 1.0000000180025095e-35 -0.064756330423720421 0.15096026006289212 1.0000000180025095e-35 30.500000000000004 0.025182143888875023 0.045729203756284011 9.5000000000000018 0.034736829262521807 43.500000000000007 0 39.500000000000007 5.5000000000000009 0.24845679012345681 0.17425810904071776 0.24559232910609344 4.5000000000000009 0.44543650793650796 7516677.0000000009
decision_type=2 2 2 2 2 8 2 2 8 2 2 2 2 2 2 2 2 2 2 2 2 1 2 2 8 8 10 2 10 2
left_child=10 -2 3 4 -3 6 12 8 -7 16 11 -1 13 -5 22 24 -4 19 -19 -18 -21 27 -6 -16 -9 -26 -20 -10 -29 -14
right_child=1 2 9 5 14 7 -8 15 21 -11 -12 -13 29 -15 23 -17 17 18 26 20 -22 -23 -24 -25 25 -27 -28 28 -30 -31
leaf_value=0.042460152415901425 -0.10043954321146364 0.020184284139967274 0.071364710261312012 0.032612566256766583 -0.058505002792976983 -0.12585683467912995 -0.11569046035309863 -0.036352263760839713 -0.1169552644915697 0.010323238489390608 0.10464810662997047 0.10476403423808614 0.053199583181607217 -0.040254473850681712 -0.17612781251658916 0.033220271370101126 0.038838650849144903 -0.17694444680503749 -0.11218401578863944 -0.20280032341507806 0.13820617417123846 -0.12796829888240122 0.05863702045484797 0.12158802104671305 -0.053251530648574186 0.019551507679477574 0.10734921445453723 0.090934642735563342 -0.139408325851444 0.022513249713858485
leaf_weight=1139.4325674176216 443.70570637984201 851.90902076615021 2366.1324091665447 858.21166659798473 982.26551388343796 207.50017407233827 90.868833124404773 641.05509606585838 31.746634331531823 767.81343353446573 6186.8573625870049 1379.3473727107048 2278.2091949211899 488.43183449259959 12.088126138551159 1131.5630668327212 47.06008617579937 19.160824833670631 20.187033597379923 80.602404383011162 14.26140736043453 39.524021524470299 72.065592425642535 68.154422240331769 223.48835242609493 1260.5873110890388 234.81565813627094 136.45340376114473 18.728137565078214 1458.3932173766661
leaf_count=1578 148095 3776 2345 2308 43546 6549 818 7220 234 6772 6226 1362 7936 11867 180 7003 59 120 119 388 5 1345 3528 1059 3659 10599 247 1958 764 6566
internal_value=0.0468003 0.0176387 0.0212767 0.0113003 -0.0150461 0.0172042 0.0293475 0.000179925 -0.0607631 0.0517712 0.096527 0.0765793 0.0319402 0.00618346 -0.0414993 0.00830054 0.0632096 0.0168349 0.0713159 -0.0884096 -0.151535 -0.00111705 -0.0504981 0.0767387 -0.00496841 0.00858803 0.0899701 0.0308973 0.0631356 0.0412227
internal_weight=23550.6 14845 14401.3 10851.2 1986.48 8864.76 5174.11 3690.65 433.952 3550.03 8705.64 2518.78 5083.25 1346.64 1134.57 3256.69 2782.22 416.087 274.164 141.924 94.8638 226.452 1054.33 80.2425 2125.13 1484.08 255.003 186.928 155.182 3736.6
internal_count=288231 279065 130970 120915 52089 68826 29495 39331 10850 10055 9166 2940 28677 14175 48313 28481 3283 938 486 452 393 4301 47074 1239 21478 14258 366 2956 2722 14502
cat_boundaries=0 1
cat_threshold=8
is_linear=0
shrinkage=0.1


Tree=29
num_leaves=31
num_cat=1
split_feature=38 8 39 38 2 12 20 19 11 4 39 27 40 27 0 8 15 16 33 15 39 9 8 40 17 17 34 29 11 0
split_gain=3224.69 561.578 389.051 273.781 149.389 243.7 141.85 531.102 139.228 135.386 106.268 80.4228 77.4241 76.1964 116.446 87.5729 75.7814 96.9916 112.424 80.8901 78.391 81.4663 74.6447 71.5931 81.2362 68.8965 68.155 68.0008 65.1708 63.5363
threshold=1.5000000000000002 -10.499999999999998 0.011831586556072084 5.5000000000000009 1.0000000180025095e-35 1.0000000180025095e-35 1.0000000180025095e-35 0 -1.7576042897854141 0.67497521782097414 0.49293273141323607 30.358333333333338 9.5000000000000018 24.186147186147192 -86273.499999999985 27.500000000000004 0.99583333333333346 0.26969696969696971 0.68237250554323736 1.0000000180025095e-35 0.24845124877109834 34.500000000000007 34.500000000000007 8.5000000000000018 37.500000000000007 39.500000000000007 57.500000000000007 0.1151635720601238 -0.69079425541176442 -1263577.4999999998
decision_type=2 2 2 2 2 2 2 1 10 2 2 10 2 8 2 2 2 2 8 2 2 2 2 2 2 2 2 10 8 2
left_child=4 -2 3 9 5 13 7 -4 12 28 26 -5 -9 -1 15 -15 17 18 19 -10 -18 27 29 -23 -25 -26 -8 -22 -3 -13
right_child=1 2 6 11 -6 -7 10 8 16 -11 -12 22 -14 14 -16 -17 20 -19 -20 -21 21 23 -24 24 25 -27 -28 -29 -30 -31
leaf_value=0.050881707243085134 -0.10040105420035433 -0.091406630468416517 -0.11193277681037367 0.017283711533416232 0.1041830505257698 0.10429021138478825 0.017129834825853067 0.076318860154489854 -0.15066459733222673 0.064417830716586771 -0.077014053944122973 0.18781224705536306 -0.11372117630465013 -0.59368575830822268 0.0097383233760951083 -0.12484156921375762 0.045798172563114359 -0.13676790246801893 0.60620928377203231 0.075639442762351419 -0.12271171520084348 0.30732133002608447 0.031697686099690876 -0.10546966683131996 0.13823415341769965 -0.12173533247876922 -0.027172028613457185 0.16579610916027779 0.019529795243034411 -0.124731292209859
leaf_weight=931.42831135541201 401.6276479170192 64.304005686193705 455.59245138894767 1844.1915682076942 5621.8146259412169 1253.466244161129 6356.944272988243 26.103858726564795 23.008089422713965 3075.8738630209118 128.7283891341649 6.9499550978653124 119.94107110518962 5.2686969339847591 144.46606624871492 16.337834030389786 874.40130851557478 63.780662650708109 3.2444975255057207 50.379032807424664 10.670118066947905 5.374444853514432 63.719892703462392 123.70959478360601 30.255031156819314 15.37447316944599 367.32467593508773 34.860415430972353 300.03624646365643 101.433987156488
leaf_count=1241 148095 178 49944 11093 6226 1362 36041 200 592 3234 7251 24 7197 39 251 47 2331 3509 29 257 240 16 180 2220 145 251 4426 168 388 1056
internal_value=0.0442162 0.0162032 0.0195137 0.0404417 0.0953311 0.0741636 0.00637239 -0.018307 0.0125778 0.0575903 0.0129868 0.0111827 -0.0797537 0.0397557 -0.0226451 -0.239168 0.023496 -0.0456667 0.030157 0.00468934 0.0323676 -0.0209535 -0.0541936 -0.0520009 -0.063405 0.0506396 0.0147098 0.0981841 -4.98601e-05 -0.10469
internal_weight=22520.6 14547.8 14146.2 5456.51 7972.78 2350.97 8689.69 1836.7 1381.1 3440.21 6853 2016.3 146.045 1097.5 166.073 21.6065 1235.06 140.412 76.6316 73.3871 1094.65 220.244 172.104 174.714 169.339 45.6295 6724.27 45.5305 364.34 108.384
internal_count=288231 279065 130970 16153 9166 2940 114817 67099 17155 3800 47718 12353 7397 1578 337 86 9758 4387 878 849 5371 3040 1260 2632 2616 396 40467 408 566 1080
cat_boundaries=0 1
cat_threshold=2
is_linear=0
shrinkage=0.1


Tree=30
num_leaves=31
num_cat=2
split_feature=38 8 0 1 20 19 2 12 39 11 38 11 9 8 16 30 29 39 30 34 17 24 40 19 27 0 5 31 16 32
split_gain=3033.97 495.374 359.844 193.169 163.681 657.837 157.636 243.713 146.728 200.47 130.496 117.708 96.7659 89.8492 89.2775 85.9882 119.142 109.826 82.2464 80.1162 94.8471 80.0269 110.687 143.306 105.035 93.8822 78.8559 76.7 110.8 90.4223
threshold=1.5000000000000002 -10.499999999999998 1460743.5000000002 9.1258721683389847 1.0000000180025095e-35 0 1.0000000180025095e-35 1.0000000180025095e-35 0.15096026006289212 -0.33324588557734375 5.5000000000000009 -1.7576042897854141 25.500000000000004 1.0000000180025095e-35 0.088932806324110714 0.15873460246360585 0.080863121185701839 0.011831586556072084 0.33981132075471704 52.500000000000007 41.500000000000007 1.0000000180025095e-35 37.500000000000007 1 11.15587044534413 318744.00000000006 1.0000000180025095e-35 9.5000000000000018 0.39607843137254911 6172397.5000000009
decision_type=2 2 2 2 2 1 2 2 2 8 2 10 2 2 2 10 10 2 10 2 2 2 2 1 10 2 2 2 2 2
left_child=6 -2 3 4 5 -3 7 -1 9 12 -4 -7 18 -11 -10 16 26 -18 -6 27 -21 22 25 -24 -25 -13 -14 -16 29 -29
right_child=1 2 10 -5 8 11 -8 -9 14 13 -12 21 15 -15 19 -17 17 -19 -20 20 -22 -23 23 24 -26 -27 -28 28 -30 -31
leaf_value=0.037236737392086654 -0.10036580524316328 -0.11684417905141836 0.068029611732073766 -0.083497451144622897 0.14858385834335863 -0.054015676049152077 0.10376562755094371 0.10386534415491738 -0.089874457573845018 -0.048986503662878808 0.021247029887932162 -0.0074809734235480822 -0.15300888314675185 0.044725484803047028 0.044358118020961068 0.0089645112189828107 -0.13665920639172788 0.050693884656304589 -0.13558752556200829 -0.11306593224708626 0.10074756186140676 0.057292096801404603 -0.11776066668314325 0.054793666007457165 -0.067798521311860344 0.073023303641258072 0.20962286087338711 -0.069624748508836889 -0.014326668651821937 0.078975037272205728
leaf_weight=1060.1326282024384 363.52886826964095 473.46270220971201 1677.82431974262 216.01463566836901 75.381802040385082 211.01993778347969 5106.247763145715 1138.5859716534615 112.5059928491246 105.45253973593935 924.94733859132975 260.04946837271564 101.81653699092567 3434.6841156170703 420.66534688184038 2525.0761180783156 41.886387025238946 123.66162389493547 11.775941456435246 110.77972085750662 25.527801622869447 525.55271121533588 128.6772026156541 185.27035164041445 112.2220691696275 327.02813494973816 6.3718436788767567 49.42322868318297 1466.4154685023241 238.80884244246408
leaf_count=1578 148095 52833 1920 1826 624 7851 6226 1362 4286 533 5455 2313 829 4421 2597 7786 247 417 233 3984 413 2032 2299 1189 1765 645 10 512 21597 2353
internal_value=0.0417227 0.0148701 0.0178856 0.0101579 0.0119848 -0.0122721 0.0941262 0.0717397 0.0180785 0.0259868 0.0514045 0.0160227 0.0064247 0.041934 -0.00288559 0.00319337 -0.0500424 0.00329045 0.110189 0.00134814 -0.0730227 0.0256273 0.00920337 -0.0295891 0.00854863 0.0373635 -0.131651 0.0060083 -0.00318582 0.0534946
internal_weight=21560.8 14255.8 13892.3 11289.5 11073.5 2223.28 7304.97 2198.72 8850.23 6426.11 2602.77 1749.82 2885.97 3540.14 2424.13 2798.81 273.736 165.548 87.1577 2311.62 136.308 1538.8 1013.25 426.17 297.492 587.078 108.188 2175.31 1754.65 288.232
internal_count=288231 279065 130970 123595 121769 70927 9166 2940 50842 15100 7375 18094 10146 4954 35742 9289 1503 664 857 31456 4397 10243 8211 5253 2954 2958 839 27059 24462 2865
cat_boundaries=0 1 2
cat_threshold=2 1
is_linear=0
shrinkage=0.1


Tree=31
num_leaves=31
num_cat=0
split_feature=38 8 0 2 12 11 8 4 38 39 39 4 24 27 1 8 1 39 4 17 31 20 40 33 30 15 9 31 39 4
split_gain=2840.92 437.852 313.915 166.369 243.538 157.177 135.707 145.898 163.249 121.169 157.646 117.428 112.943 111.7 108.575 107.783 107.622 124.415 95.9363 98.0558 91.5902 137.697 98.1679 91.1156 114.959 87.3204 86.8457 118.687 82.8053 82.1729
threshold=1.5000000000000002 -10.499999999999998 890684.00000000012 1.0000000180025095e-35 1.0000000180025095e-35 -1.0000000180025095e-35 1.0000000180025095e-35 2.8710187315944427 3.5000000000000004 0.034736829262521807 0.054197143605075333 3.5496944599568176 1.0000000180025095e-35 17.858803986710967 3.6184023992641943 30.500000000000004 -0.064756330423720421 0.15096026006289212 3.6264445200011939 44.500000000000007 16.500000000000004 1.0000000180025095e-35 65.500000000000014 0.24283374283374287 0.27614241659657984 0.99583333333333346 26.500000000000004 39.500000000000007 0.47713735876905189 18.647179319484611
decision_type=2 2 2 2 2 10 2 2 2 2 2 2 2 8 2 2 2 2 2 2 2 2 2 10 8 2 2 2 2 2
left_child=3 -2 6 4 -1 11 7 8 28 29 -11 -4 23 14 16 18 17 -8 -15 -20 21 -13 -22 24 -10 -12 -26 -28 -3 -7
right_child=1 2 5 -5 -6 9 13 -9 12 10 25 20 -14 15 -16 -17 -18 -19 19 -21 22 -23 -24 -25 26 -27 27 -29 -30 -31
leaf_value=0.034706273480671297 -0.10033354253883464 0.037036612074269365 0.058746255086394777 0.10339056582895355 0.103484032944392 0.076934722468400593 0.025593735644782525 -0.099333383856971019 -0.14510789741111227 -0.11479987123502547 -0.14529135743436161 -0.045913169382840686 0.080091657755402432 -0.0092320568248109008 -0.03740958671933494 0.025198506883300373 0.036791132749448445 -0.038556108305258588 -0.11779222227990692 0.1267388710682974 -0.0025631235679336121 0.046256239341584467 -0.11103584436013976 -0.073556437023711535 0.16768120157340999 0.090376511690544239 -0.048518329154034506 0.1377945197214604 -0.1121973431550122 -0.022517826388919179
leaf_weight=1025.5492019839585 329.03492145240307 628.96522766398266 671.88093948015012 4636.230473652482 1033.8377816081047 1466.5811907541938 827.48190423520282 201.37090001581237 45.582183829159476 84.869998269947246 18.144945363048464 198.60686175758019 74.075896776514128 1983.6915838945424 288.80870092660189 950.83952755667269 2876.0802969767246 476.38341701985337 142.11714525520802 18.537544187624007 733.1227487642318 881.52793051768094 94.145143388654105 514.06027579319198 37.644100420176983 117.75293381023221 130.25792894558981 46.360737212235108 39.517178789712489 88.069033479783684
leaf_count=1578 148095 1937 2224 6226 1362 2059 2384 4698 3236 449 262 3137 1080 28464 1897 6600 12607 12311 1749 27 3087 1695 1400 28900 1359 186 6497 1130 1308 287
internal_value=0.0393316 0.0136561 0.0164065 0.0928848 0.0692336 0.0385574 0.00601405 -0.0193588 -0.00873897 0.0614563 -0.00786921 0.0227953 -0.0378704 0.0117764 0.02189 -0.00282525 0.0259872 0.00215579 -0.0152515 -0.0895764 0.0101315 0.0293088 -0.0149076 -0.0491613 -0.000899646 0.0589104 0.0297792 0.00038704 0.0282147 0.0713009
internal_weight=20661.1 13965.5 13636.5 6695.62 2059.39 4354.7 9281.77 1717.83 1516.46 1775.42 220.768 2579.28 847.981 7563.94 4468.75 3095.19 4179.95 1303.87 2144.35 160.655 1907.4 1080.13 827.268 773.905 259.845 135.898 214.263 176.619 668.482 1554.65
internal_count=288231 279065 130970 9166 2940 14786 116184 50145 45447 3243 897 11543 42202 66039 29199 36840 27302 14695 30240 1776 9319 4832 4487 41122 12222 448 8986 7627 3245 2346
is_linear=0
shrinkage=0.1


Tree=32
num_leaves=31
num_cat=1
split_feature=38 8 0 2 12 1 20 19 38 39 11 30 29 32 11 27 34 32 34 1 30 32 40 9 30 11 29 33 40 8
split_gain=2654.18 387.455 283.495 175.165 242.438 148.189 131.394 577.026 115.596 115.415 117.359 117.893 111.915 105.709 93.6101 81.1173 120.157 83.3975 89.5591 96.9513 88.9976 79.5659 78.9763 78.0652 126.186 110.898 92.2103 104.603 88.2982 104.193
threshold=1.5000000000000002 -10.499999999999998 1460743.5000000002 1.0000000180025095e-35 1.0000000180025095e-35 9.1258721683389847 1.0000000180025095e-35 0 5.5000000000000009 0.044248002164940632 -0.33324588557734375 0.15873460246360585 0.23861283643892342 13984371.500000002 -1.7576042897854141 1.0227272727272729 4.5000000000000009 4487288.0000000009 27.500000000000004 -0.23686786339547886 0.2703810367744795 8743758.0000000019 53.500000000000007 61.500000000000007 0.32366946778711492 -1.348024576758226 0.14839839839839844 0.5982456140350878 41.500000000000007 26.500000000000004
decision_type=2 2 2 2 2 2 2 1 2 2 8 10 8 2 10 10 2 2 2 2 10 2 2 2 10 8 10 10 2 2
left_child=3 -2 5 4 -1 6 7 -3 -4 10 11 21 15 -12 -9 -11 22 18 19 -18 -20 -8 -17 24 25 -19 -25 28 -28 -30
right_child=1 2 8 -5 -6 -7 9 14 -10 12 13 -13 -14 -15 -16 16 17 23 20 -21 -22 -23 -24 26 -26 -27 27 -29 29 -31
leaf_value=0.032275293916053875 -0.10030400719995798 -0.11687894603852876 0.062657433964159376 0.10305320883264382 0.10314153303185679 -0.074208473016332904 -0.015074939095474582 -0.049752221370010466 0.017599601787875323 0.07689072015827543 0.052333825055754818 0.017332030669488754 -0.055378394014005565 -0.013832219111628373 0.022104469836201689 -0.13923278223921232 -0.071085131860906647 -0.094247681703835628 -0.091651096573337421 0.094220758314279132 0.030135299560753843 -0.15552407497145135 0.026070762631865682 0.035543240591834523 0.01686087458923102 -0.016017474708302459 -0.15562707220141017 0.078436257098087644 0.083523460824217591 -0.19061476951783007
leaf_weight=994.20708315819502 297.80632333829999 423.71951240021735 1529.118340246845 4208.0678115580231 938.40312170982361 214.07851790299173 101.83413722086698 206.09879914473277 907.171608208213 168.37381134228781 1865.702295954572 1552.8946654307656 289.26251828228123 277.35407118336298 1506.4856697351206 91.670459106331691 39.958503067260608 222.51987688301597 75.150163175771013 316.52071747323498 297.72088198829442 66.790984055376612 42.210670107509941 1003.9836003824603 1056.6906884897035 976.02486917655915 78.146385801024735 54.973458304535598 46.28775723115541 19.792849552584812
leaf_count=1578 148095 52833 1920 6226 1362 1826 315 7851 5455 729 2219 4251 3127 536 10243 1383 612 9908 683 803 1619 582 328 5927 9765 6715 723 141 257 219
internal_value=0.036959 0.0125148 0.0150164 0.0916074 0.0666853 0.00817715 0.00981321 -0.0123942 0.0458798 0.0153017 0.0281519 0.00870862 0.00491093 0.0437706 0.013457 0.00879497 0.00614193 0.00912331 0.0398528 0.0756913 0.0055899 -0.0707057 -0.0871151 0.00264272 -0.00833115 -0.0305416 0.023212 -0.038938 -0.0836764 0.00141198
internal_weight=19869 13728.3 13430.5 6140.68 1932.61 10994.2 10780.2 2136.3 2436.29 8643.86 3864.58 1721.52 4779.29 2143.06 1712.58 4490.02 4321.65 4187.77 729.35 356.479 372.871 168.625 133.881 3458.42 2255.24 1198.54 1203.18 199.2 144.227 66.0806
internal_count=288231 279065 130970 9166 2940 123595 121769 70927 7375 50842 7903 5148 42939 2755 18094 39812 39083 37372 3717 1415 2302 897 1711 33655 26388 16623 7267 1340 1199 476
cat_boundaries=0 1
cat_threshold=2
is_linear=0
shrinkage=0.1


Tree=33
num_leaves=31
num_cat=2
split_feature=38 8 39 38 2 12 0 40 11 38 27 0 8 28 27 38 8 0 20 19 8 35 32 33 29 0 27 37 30 32
split_gain=2468.3 343.451 242.739 200.981 183.935 240.394 122.375 133.923 101.528 82.4737 75.5602 75.3335 83.9124 90.4405 77.2971 74.8118 71.969 125.872 67.0343 177.891 64.8512 135.246 104.94 87.5752 92.068 93.4707 81.4439 87.2572 75.5471 69.6081
threshold=1.5000000000000002 -10.499999999999998 0.011831586556072084 3.5000000000000004 1.0000000180025095e-35 1.0000000180025095e-35 -118138.49999999999 31.500000000000004 -0.054768455195269648 22.500000000000004 30.358333333333338 -30812.499999999996 1.0000000180025095e-35 9.137277204433607 20.348484848484851 6.5000000000000009 27.500000000000004 -54216.499999999993 1.0000000180025095e-35 0 1.0000000180025095e-35 1 6924890.0000000009 0.28165064102564108 0.079156223893066008 310987.50000000006 3.5980769230769236 1.0000000180025095e-35 0.34580419580419586 7516677.0000000009
decision_type=2 2 2 2 2 2 2 2 8 2 10 2 2 10 10 2 2 2 2 1 2 1 2 8 10 2 10 2 10 2
left_child=4 -2 3 -3 5 11 7 -5 10 20 -8 12 13 -1 -14 -12 17 -16 19 -10 21 23 -23 -4 25 26 27 -25 -26 -22
right_child=1 2 9 6 -6 -7 8 -9 18 -11 15 -13 14 -15 16 -17 -18 -19 -20 -21 29 22 -24 24 28 -27 -28 -29 -30 -31
leaf_value=-0.60678571022552719 -0.10027699030943014 0.060046278487323614 0.039184152376331161 0.021002313750326546 0.10274948102272125 0.10283367256306536 0.013071346380963628 -0.1013903212624407 -0.14301978600829041 -0.10500279694990577 -0.00088862393597525537 0.047447308934649851 0.021258664103702942 0.0026502590559656109 -0.7897553614401438 -0.17036786150553143 -0.064308806039675925 0.0051960878950052585 0.059588135178180728 0.041366295759420302 0.019302678888846233 -0.023387839025238232 -0.12397974080371572 -0.1093975701432227 0.030728383475343093 -0.1457568668211657 -0.12550557123908443 0.079024674447548182 -0.076406611663438137 -0.0011558569735602067
leaf_weight=4.8825003951787931 269.53522327716928 1634.587706360966 443.97121532878373 185.17075251392089 3818.2992068566382 851.51474577188492 1523.3391781747341 172.85832793719601 63.711471304413863 69.648862819070928 60.209415171295404 693.56397435814142 215.96687836945057 4.8577400222420692 4.0053331553936005 45.902613362763077 38.579560849815607 3.962129943072795 907.49260181537829 292.73509553982876 3176.2115068342537 272.32454945379868 167.49587868119124 34.553107072249986 352.05762527196202 91.753519073012285 51.761053706752136 85.129912428092211 80.954643537173979 3490.9227819863008
leaf_count=37 148095 1932 6974 540 6226 1362 7947 1922 1425 26293 97 1042 354 9 37 707 92 7 1092 491 21153 5690 8686 1123 4943 1338 2219 1183 1929 33286
internal_value=0.0347158 0.0114701 0.0137515 0.0314419 0.0902859 0.0640994 0.0170616 -0.0380895 0.023886 0.00335857 0.00738792 0.0299492 -0.0146269 -0.302842 -0.00393306 -0.074203 -0.120817 -0.394435 0.045155 0.00840902 0.00427371 -0.0139421 -0.0603245 0.00443987 -0.0176527 -0.0642964 -0.0207004 0.0246262 0.0106988 0.00859055
internal_weight=19108 13472.3 13202.8 4886.01 5635.63 1817.33 3251.42 358.029 2893.39 8316.78 1629.45 965.818 272.254 9.74024 262.514 106.112 46.547 7.96746 1263.94 356.447 8247.14 1580 439.82 1140.18 696.21 263.198 171.444 119.683 433.012 6667.13
internal_count=288231 279065 130970 16153 9166 2940 14221 2462 11759 114817 8751 1578 536 46 490 804 136 44 3008 1916 88524 34085 14376 19709 12735 5863 4525 2306 6872 54439
cat_boundaries=0 1 2
cat_threshold=2 12
is_linear=0
shrinkage=0.1


Tree=34
num_leaves=31
num_cat=0
split_feature=38 8 0 2 12 1 15 16 11 39 11 27 0 39 28 17 9 32 39 9 27 8 5 28 31 39 8 30 32 40
split_gain=2293 304.719 225.519 191.605 236.008 122.854 106.288 530.769 100.39 94.3677 135.576 117.482 114.526 113.98 124.1 108.292 89.6957 84.1811 79.8471 79.3335 130.273 77.7636 124.222 78.1082 95.7704 85.9402 76.4848 73.7176 72.6342 71.655
threshold=1.5000000000000002 -10.499999999999998 1460743.5000000002 1.0000000180025095e-35 1.0000000180025095e-35 9.1258721683389847 0.99583333333333346 0.47809523809523818 1.0000000180025095e-35 0.15096026006289212 -0.33324588557734375 4.6526175687666376 597416.50000000012 0.13778591340165483 9.3635858196191304 29.500000000000004 26.500000000000004 10112500.500000002 0.031048519012524593 75.500000000000014 9.89871794871795 -1.0000000180025095e-35 1.0000000180025095e-35 10.261590403082382 55.500000000000007 0.07351394618042785 1.5000000000000002 0.16247642991829042 8425906.5000000019 72.500000000000014
decision_type=2 2 2 2 2 2 2 2 10 2 10 10 2 2 10 2 2 2 2 2 10 2 2 8 2 2 2 10 2 2
left_child=3 -2 5 4 -1 6 7 21 -4 10 11 -8 29 14 19 16 -16 -14 27 20 26 22 -3 24 -23 -25 28 -17 -13 -11
right_child=1 2 8 -5 -6 -7 9 -9 -10 12 -12 13 17 -15 15 18 -18 -19 -20 -21 -22 23 -24 25 -26 -27 -28 -29 -30 -31
leaf_value=0.027970522634366297 -0.10025228047142901 -0.072923961753799865 0.02388136047672355 0.10247576879208853 0.10255676836951988 -0.068817239818760784 0.039780933864314832 -0.13251594322753732 0.066560758603578504 -0.0040671629961069313 0.035313208828768247 -0.025272651984677555 0.098135783313170161 0.099848666777906214 0.17245459734842528 -0.17271428364796187 0.020337996713722765 -0.13956386638525414 -0.099959470923366323 0.088019092921777037 -0.084406522036557505 0.039917703389875159 0.19040302903491063 0.02084175631113671 -0.23217812874546329 -0.067082082569798515 0.026627770725748803 0.022523351091079013 -0.16387770169874982 -0.067488954572207702
leaf_weight=941.08972957357764 243.94262056355365 184.47105972666759 1372.5596333127469 3463.6981342211366 772.45675206184387 212.43669715290889 763.36070774972904 312.68202315247618 920.90356996096671 2167.7015932279173 2855.0391455895733 243.09785685373936 155.1882152876351 99.435624691192061 40.336665209382772 21.761577175580896 993.65167669719085 16.481326564680785 131.60612754290923 49.437938464339823 414.68306204886176 887.55490423971787 19.841541088186204 275.583798160078 13.126942289993165 186.33553941955324 279.24233463848941 173.75521647231653 44.770997295854613 194.09416423609946
leaf_count=1578 148095 5311 5700 6226 1362 1826 2639 43176 1675 35777 5023 1488 540 327 369 188 4057 372 1180 55 3196 3746 45 575 271 3251 587 597 785 8214
internal_value=0.0324982 0.0104809 0.0125542 0.0889447 0.0615936 0.00647332 0.00799324 -0.0135585 0.0410186 0.0126798 0.0194079 0.00545753 -0.00354703 -0.00505751 -0.00941784 0.0104068 0.0262722 0.0753152 -0.0397412 -0.0355842 -0.0418082 0.0101797 -0.0473513 0.0188061 0.0359521 -0.0146262 -0.0106595 0.000792845 -0.0468293 -0.00927921
internal_weight=18450.3 13273.1 13029.1 5177.24 1713.55 10735.7 10523.2 1879.6 2293.46 8643.64 6110.18 3255.14 2533.47 2491.78 2392.34 1361.11 1033.99 171.67 327.123 1031.23 981.794 1566.91 204.313 1362.6 900.682 461.919 567.111 195.517 287.869 2361.8
internal_count=288231 279065 130970 9166 2940 123595 121769 56375 7375 65394 20491 15468 44903 12829 12502 6391 4426 912 1965 6111 6056 13199 5356 7843 4017 3826 2860 785 2273 43991
is_linear=0
shrinkage=0.1


Tree=35
num_leaves=31
num_cat=1
split_feature=38 8 2 12 0 38 1 27 8 8 38 39 31 24 39 8 1 1 0 8 1 33 32 4 0 11 0 27 30 35
split_gain=2118.42 270.814 200.041 232.228 190.088 100.14 99.2986 98.9375 180.639 105.42 110.301 109.42 107.607 101.079 95.0351 115.642 95.965 94.1037 81.6373 83.3526 88.9557 77.8396 73.2168 71.4156 85.9439 69.8534 66.9383 81.5608 112.21 74.2411
threshold=1.5000000000000002 -10.499999999999998 1.0000000180025095e-35 1.0000000180025095e-35 1460743.5000000002 5.5000000000000009 9.1258721683389847 16.753787878787882 5.5000000000000009 3.5000000000000004 3.5000000000000004 0.29486001482741969 19.500000000000004 1.0000000180025095e-35 0.034736829262521807 25.500000000000004 -0.064756330423720421 0.96121337197007728 630512.00000000012 -9.4999999999999982 -0.68940578919593654 0.22318007662835251 19461142.500000004 26.453578322043423 2968465.5000000005 2.0005789650905945 -300227.49999999994 4.5220635950681389 0.22128060263653485 0
decision_type=2 2 2 2 2 2 2 8 2 2 2 2 2 2 2 2 2 2 2 2 2 8 2 2 2 10 2 10 10 1
left_child=2 -2 3 22 6 23 7 9 17 10 12 13 -3 26 -11 16 -16 18 19 -9 21 -21 -1 -6 -25 -17 -12 29 -29 -28
right_child=1 4 -4 -5 5 -7 -8 8 -10 14 11 -13 -14 -15 15 25 -18 -19 -20 20 -22 -23 -24 24 -26 -27 27 28 -30 -31
leaf_value=0.03000062482057559 -0.1002296915757627 0.02517761156043823 0.1022288589816103 0.10230755618052981 0.058289214734302514 0.011700142558264761 -0.06162960555631844 0.18792960871110298 0.0017815868631421376 0.045557822035247802 -0.084013540255807317 -0.10564486682485252 -0.11283449503250263 0.082856802847111125 -0.020970953637790914 0.038381897723745555 0.029442619435659546 -0.14038503310221317 0.17493215683545138 0.11320688506402161 -0.10505659781285415 -0.10615060999798039 -0.16645445722661809 -0.36998465837101346 0.016097515791187077 -0.14068198287366498 0.038948121549166416 -0.14030200799239387 -0.016565310971267073 -0.076829219234338636
leaf_weight=898.28983019292355 220.77563512837514 1412.4820810640231 3141.2680470254272 700.56360131502151 1327.9303458905779 878.77908462728374 213.4363052432891 13.831137194065375 3369.7998004367109 1470.0815751336049 138.96904751856346 133.07564570754766 58.84819674002938 106.59935694839805 489.62602336122654 30.617516649072058 1650.1257877420867 127.92791312164627 17.180663798819296 42.905823928653263 162.91464816371445 25.967512704082765 19.380006272345781 8.4821875318884867 18.003787271678448 75.525072085554712 377.58079082332551 84.617542222957127 547.39182716107462 55.667108221328817
leaf_count=1510 148095 5065 6226 1362 1834 5455 1826 1134 32651 2952 4452 18325 446 548 8419 328 7954 5208 91 1220 12430 2690 68 55 31 1225 3658 2947 9111 915
internal_value=0.0304 0.00958422 0.0875143 0.0589509 0.0114726 0.0379892 0.00588888 0.00727564 -0.00568147 0.0146236 0.000388279 -0.0192471 0.0196576 -0.0104759 0.0257913 0.0128529 0.0179068 -0.070046 -0.0358058 -0.0505466 -0.0647768 0.0305019 0.0258517 0.0550463 -0.107546 -0.0890298 -0.0187379 -0.0102223 -0.033132 0.0231978
internal_weight=17818.6 13059.1 4759.5 1618.23 12838.4 2233.2 10605.2 10391.7 3760.53 6631.21 2915.23 1443.9 1471.33 1310.83 3715.98 2245.89 2139.75 390.728 262.8 245.619 231.788 68.8733 917.67 1354.42 26.486 106.143 1204.23 1065.26 632.009 433.248
internal_count=288231 279065 9166 2940 130970 7375 123595 121769 55424 66345 45467 39956 5511 21631 20878 17926 16373 22773 17565 17474 16340 3910 1578 1920 86 1553 21083 16631 12058 4573
cat_boundaries=0 1
cat_threshold=12
is_linear=0
shrinkage=0.1


Tree=36
num_leaves=31
num_cat=1
split_feature=38 8 2 12 0 4 11 34 1 0 8 11 0 32 29 39 32 27 11 39 40 23 11 4 1 4 28 17 0 11
split_gain=1952 240.913 208.025 227.397 168.625 126.237 113.657 99.3156 101.837 130.85 103.456 113.727 103.627 126.904 105.2 102.168 99.759 95.7616 111.493 90.813 87.4956 84.378 86.7957 82.7895 157.03 105.188 110.252 81.699 98.854 86.2764
threshold=1.5000000000000002 -10.499999999999998 1.0000000180025095e-35 1.0000000180025095e-35 890684.00000000012 3.5496944599568176 1.0000000180025095e-35 80.500000000000014 1.2375727763858408 175819.00000000003 2.5000000000000004 -1.521612492735527 318744.00000000006 8775824.5000000019 0.39009661835748799 0.48141265712005821 7683248.0000000009 17.858803986710967 2.2633294854292729 0.034736829262521807 22.500000000000004 0 -0.96786102125237972 1.1002336198476952 -0.064756330423720421 2.1536771189725803 13.141515922623659 30.500000000000004 95233.000000000015 -0.13980543333932158
decision_type=2 2 2 2 2 2 10 2 2 2 2 10 2 2 10 2 2 8 10 2 2 1 8 2 2 2 8 2 2 10
left_child=2 -2 3 -1 7 -6 21 8 9 15 11 -10 -12 -14 17 23 -11 18 -15 -8 -18 -7 -23 24 -3 26 27 28 -25 -30
right_child=1 4 -4 -5 5 6 19 -9 10 16 12 -13 13 14 -16 -17 20 -19 -20 -21 -22 22 -24 25 -26 -27 -28 -29 29 -31
leaf_value=0.023879403426720996 -0.10020903540865285 -0.00014928529554962577 0.10200589823066225 0.10208315651098282 0.059676999798706824 0.014815250403488659 0.054811499346912144 -0.064378334517501343 -0.13039309595447382 0.053417968194179377 -0.067168872748214689 -0.023640294313809339 0.027875583469009105 0.019099978352003028 0.11305551285009852 -0.086712785174754878 -0.053783292275315003 -0.089142435573898754 -0.24618622065909432 -0.024757251008806554 0.024103178936032692 -0.094859890041567682 -0.0037054053798623236 -0.095631209798111391 0.05134115955841162 0.18706926228917242 -0.14483763357043203 0.034642474427461697 -0.057683932834710662 0.044322301318081965
leaf_weight=896.67137428745627 199.80513557977974 2768.7486920059891 2848.2333374582231 635.21865266561508 945.22662611212581 1324.5087088254513 942.4115541819483 214.40623925213004 141.25778172322316 1054.5137943995651 217.26300741429441 339.97833163070027 987.13911773741711 216.87178533803672 45.265517199761234 127.35702879109886 183.13745140342508 251.75907396059483 17.090691586956382 169.18857416103128 678.93798484024592 159.32864005595911 303.31745790073182 195.62278259126469 753.45963211380877 22.929220472811721 75.941310768597759 208.89641832653433 163.65541112213396 168.06756931613199
leaf_count=1578 148095 46283 6226 1362 2766 6481 1899 3697 6603 5675 2823 2144 4137 858 100 17319 1085 2325 225 780 5979 1888 972 3138 5481 119 2013 2898 2616 666
internal_value=0.0283581 0.00874175 0.0860235 0.0563076 0.010459 0.0279418 0.0175936 0.0028502 0.0045228 0.0109196 -0.0139503 -0.0549756 -0.0025737 0.00667068 -0.0327506 0.00157308 0.0327899 -0.0463386 -0.000278875 0.0427009 0.00755714 0.00197704 -0.0343551 0.00415353 0.0108654 -0.0241547 -0.0301179 -0.0182849 -0.0392509 -0.00600244
internal_weight=17256.2 12876.1 4380.12 1531.89 12676.3 3843.98 2898.75 8832.3 8617.89 6401.27 2216.63 481.236 1735.39 1518.13 530.987 4484.68 1916.59 485.722 233.962 1111.6 862.075 1787.15 462.646 4357.32 3522.21 835.113 812.183 736.242 527.346 331.723
internal_count=288231 279065 9166 2940 130970 14786 12020 116184 112487 93272 19215 8747 10468 7645 3508 80533 12739 3408 1083 2679 7064 9341 2860 63214 51764 11450 11331 9318 6420 3282
cat_boundaries=0 1
cat_threshold=8
is_linear=0
shrinkage=0.1


Tree=37
num_leaves=31
num_cat=2
split_feature=38 2 12 8 0 20 19 38 24 40 33 19 11 28 9 0 27 8 39 11 39 8 5 40 0 11 4 33 4 0
split_gain=1792.25 215.694 221.927 214.59 146.243 97.0544 463.865 88.5424 82.4084 106.329 106.706 88.0088 78.4434 77.2799 73.7565 77.8171 73.4921 72.6645 72.0259 89.7417 69.2606 69.1593 138.316 138.135 67.0007 86.2854 93.0181 71.0745 69.5439 136.813
threshold=1.5000000000000002 1.0000000180025095e-35 1.0000000180025095e-35 -10.499999999999998 1460743.5000000002 1.0000000180025095e-35 0 5.5000000000000009 1.0000000180025095e-35 37.500000000000007 0.56306818181818186 1 -0.26047384478338809 8.4191201744556086 60.500000000000007 310987.50000000006 24.186147186147192 -1.0000000180025095e-35 0.13778591340165483 -0.93530783698239117 0.29486001482741969 27.500000000000004 1.0000000180025095e-35 46.500000000000007 -466786.99999999994 0.63047856887492859 0.35665530490552561 0.1226279985678482 3.0910858706274529 630512.00000000012
decision_type=2 2 2 2 2 2 1 2 2 2 8 1 10 10 2 2 10 2 2 10 2 2 2 2 2 8 2 10 2 2
left_child=1 2 16 -2 5 6 -5 -6 9 14 11 12 -11 -13 -8 -16 17 18 19 -1 -10 22 23 -18 25 27 -27 -7 -26 -30
right_child=3 -3 -4 4 7 24 8 -9 20 10 -12 13 -14 -15 15 -17 21 -19 -20 -21 -22 -23 -24 -25 28 26 -28 -29 29 -31
leaf_value=-0.63457109613894058 -0.10019017836773102 0.10180434577012612 0.10188100211966922 -0.11791275278972789 0.050365159372467466 0.035631345183656557 -0.006845427086973159 0.0088351717986161673 0.048288735810156497 -0.036473223822321203 -0.16429137465508439 0.042877175473431034 -0.20232456499243337 -0.066498789612263312 -0.018812007315219075 0.10655609608595584 -0.78792174086680233 0.039719853473118155 0.027040157274960203 -0.088155206606265843 -0.082946602422752785 -0.013316269894625438 0.066173136099844793 -0.1304309331419079 0.017322872460088911 -0.023094782675659557 0.12517729836197597 -0.070140770270843075 -0.051520660516730356 0.010387105229071315
leaf_weight=4.9333276525139809 180.82346640119795 2582.0308023095131 575.85200819373131 360.04533873841865 1259.0516390749253 79.208920058445074 416.60174764425028 866.79406006750651 523.31457408959977 79.291698881541379 64.335655917180702 185.83637989184354 44.535554990987293 99.018221199978143 74.498237725347281 147.61411036993377 5.7522691339254379 726.19517676532269 14.123820148408411 7.6924963034689444 43.562240421888418 101.13519823923707 10.470545895397663 7.1887234300374985 5835.805454097921 108.99550296994857 69.155919867567718 320.9226334701525 469.53838233451825 1489.0694526508451
leaf_count=39 148095 6226 1362 53594 1920 646 4288 5455 1840 2695 1965 1905 757 2525 655 203 53 1193 25 21 1545 209 15 23 36872 907 219 5771 3081 4127
internal_value=0.026394 0.0844591 0.0536433 0.00797019 0.00953018 0.00464984 -0.0149167 0.0334317 0.00717491 -0.00864687 -0.0445838 -0.0257391 -0.0961231 0.00485703 0.0179672 0.0645066 0.0219874 0.0337576 -0.128105 -0.301658 0.0382038 -0.049169 -0.204049 -0.422685 0.00941407 -0.0234278 0.0344624 -0.0492024 0.0118507 -0.00445409
internal_weight=16753.4 4035.37 1453.34 12718 12537.2 10411.4 2038.65 2125.85 1678.61 1111.73 473.018 408.682 123.827 284.855 638.714 222.112 877.492 752.945 26.7496 12.6258 566.877 124.547 23.4115 12.941 8372.7 578.283 178.151 400.132 7794.41 1958.61
internal_count=288231 9166 2940 279065 130970 123595 71972 7375 18378 14993 9847 7882 3452 4430 5146 858 1578 1278 85 60 3385 300 91 76 51623 7543 1126 6417 44080 7208
cat_boundaries=0 1 2
cat_threshold=2 1
is_linear=0
shrinkage=0.1


Tree=38
num_leaves=31
num_cat=1
split_feature=38 2 12 8 39 38 38 20 19 8 9 1 27 31 40 8 9 8 29 38 11 29 1 39 17 31 28 9 27 32
split_gain=1643.61 221.084 214.01 191.309 135.143 184.361 86.3104 75.1212 339.132 102.089 158.442 96.0644 93.4762 89.6215 82.9105 85.8752 75.813 71.9552 104.823 66.1188 65.9434 78.2917 65.8566 79.569 67.2398 89.8077 102.966 93.2131 85.6416 63.0277
threshold=1.5000000000000002 1.0000000180025095e-35 1.0000000180025095e-35 -10.499999999999998 0.031048519012524593 3.5000000000000004 16.500000000000004 1.0000000180025095e-35 0 2.5000000000000004 45.500000000000007 -0.30985511824521667 25.687364307425103 17.500000000000004 35.500000000000007 -2.4999999999999996 93.500000000000014 -3.4999999999999996 0.03883861236802414 5.5000000000000009 -1.9626125022037024 0.052177858439201454 -0.064756330423720421 0.0069119034517247527 23.500000000000004 18.500000000000004 6.0252108743372057 34.500000000000007 12.670289855072467 31235931.500000004
decision_type=2 2 2 2 2 2 2 2 1 2 2 2 10 2 2 2 2 2 10 2 10 10 2 2 2 2 8 2 8 2
left_child=1 2 22 -2 5 -5 -6 8 19 10 12 20 14 -13 15 -9 29 -16 -19 -7 -11 -22 23 24 25 26 -1 -28 -29 -10
right_child=3 -3 -4 4 6 7 -8 9 16 11 -12 13 -14 -15 17 -17 -18 18 -20 -21 21 -23 -24 -25 -26 -27 27 28 -30 -31
leaf_value=-0.17453009939210817 -0.1001729497886536 0.10162194619055209 0.1016988078403307 0.045672960363027731 0.00033443157968720931 -0.27234898551803677 -0.10546485711029374 -0.099330069958934092 0.020869913662904149 0.066733159080463664 -0.1786462126529349 0.059241391465446581 -0.18684992410228507 0.014748150552337691 0.11180545230752187 0.0033786396362567583 -0.35324597500910077 -0.16791946801905824 0.034872494050568019 -0.11038934610639195 -0.37170835915238626 -0.04082260581043224 0.039201437608910462 0.0051010099465568183 -0.015803373654703041 -0.076634673968451444 -0.13961246505679312 -1.6926127792916459 -0.69474238853561554 -0.32634835577968269
leaf_weight=6.048005137592555 163.64254707715008 2340.2981675248593 521.93839418888092 1877.9475151691586 6676.1304348265985 29.815063213929534 78.008673136297148 117.75119602296036 659.49424791149795 59.413279575295746 55.363512002513744 830.57380367442966 26.744618219323456 995.11201842036098 98.230114910169505 263.73338900506496 5.5430854205042115 29.050093547441065 207.94420773629099 163.07094819325721 7.3895449861884108 221.4032932985574 591.12104105576873 220.38009306415915 23.795386727899313 13.545983344316481 1.6092904619872577 1.3340221010148527 2.4208584241569042 5.2696589042898259
leaf_count=21 148095 6226 1362 2574 72850 160 36286 994 2377 93 746 971 357 1746 761 469 41 130 390 9375 40 553 1014 414 46 34 5 24 20 57
internal_value=0.0245267 0.0828931 0.0511819 0.00724427 0.00866094 0.0200676 -0.000887525 0.00733277 -0.0185771 0.0150113 -0.0154438 0.0265199 -0.00329043 0.0349898 0.00355925 -0.028324 0.0150465 0.0398423 0.0100148 -0.135424 -0.027134 -0.0515095 0.020532 -0.0204734 -0.136077 -0.250747 -0.457414 -0.776361 -1.04926 0.0181175
internal_weight=16294.1 3722.49 1382.19 12571.6 12408 5653.85 6754.14 3775.9 863.193 2912.71 798.817 2113.89 743.454 1825.69 716.709 381.485 670.307 335.224 236.994 192.886 288.206 228.793 860.255 269.134 48.7535 24.9582 11.4122 5.36417 3.75488 664.764
internal_count=288231 9166 2940 279065 130970 21834 109136 19260 12010 7250 3847 3403 3101 2717 2744 1463 2475 1281 520 9535 686 593 1578 564 150 104 70 49 44 2434
cat_boundaries=0 1
cat_threshold=2
is_linear=0
shrinkage=0.1


Tree=39
num_leaves=31
num_cat=1
split_feature=2 12 8 0 4 1 4 11 11 31 11 6 5 39 34 28 36 34 0 4 32 39 39 33 31 20 40 40 32 8
split_gain=1530.06 501.171 197.935 134.367 139.859 108.984 105.398 127.317 97.9902 99.7143 95.7622 95.2199 96.2167 92.0749 123.445 82.7584 81.8698 80.4873 78.699 151.987 89.1494 76.3781 82.2859 73.3457 72.3697 88.7135 76.3604 67.0401 66.014 64.4907
threshold=1.0000000180025095e-35 1.0000000180025095e-35 -6.4999999999999991 890684.00000000012 3.5496944599568176 2.9827951711791196 26.453578322043423 1.0000000180025095e-35 0.16225657108394378 16.500000000000004 1.779151166530242 1.0000000180025095e-35 1.0000000180025095e-35 0.093995396827574032 44.500000000000007 2.9531336518480189 0 80.500000000000014 175819.00000000003 1.4571289015627806 7516677.0000000009 0.034736829262521807 0.044248002164940632 0.80196078431372564 17.500000000000004 1.0000000180025095e-35 65.500000000000014 24.500000000000004 27465839.000000004 1.0000000180025095e-35
decision_type=2 2 2 2 2 2 2 10 8 2 8 2 2 2 2 8 1 2 2 2 2 2 2 10 2 2 2 2 2 2
left_child=1 2 -1 5 -5 11 7 24 9 16 -8 12 17 14 15 -10 -7 18 28 -20 29 -9 -23 -22 25 27 -26 -6 -4 -21
right_child=-2 -3 3 4 6 8 10 21 13 -11 -12 -13 -14 -15 -16 -17 -18 -19 19 20 23 22 -24 -25 26 -27 -28 -29 -30 -31
leaf_value=-0.086173242506003028 0.10150597012947227 0.10361465920455451 -0.0038935891704416008 0.057193264868846655 0.010177307509312209 -0.19096726732073829 -0.025856410453657844 0.055276344511250033 -0.19544568612210822 -0.16950467579872597 -0.26311169152736741 0.073904884823126418 0.06860674106620486 -0.071541586669664176 -0.19564071610128841 0.061164779461341107 -0.014631678325672443 -0.063099879735088585 0.071991366041068233 -0.014854166730968583 -0.0085604477785434369 -0.15320461473504343 0.018701672727540277 -0.18152747806128849 -0.0141531169263621 0.029165607684839442 -0.11998970671286745 -0.10767911944531797 -0.080851750637220901 0.033518558023375243
leaf_weight=225.95828732359223 2137.277580326423 555.10990592837334 4281.3435087475227 953.02057255874388 101.88236435700674 31.153540509636514 53.416287438943982 883.17235445324332 13.253959914203731 88.106427119113505 24.962415424291976 194.90883426694199 218.83668851142284 139.04095207917271 22.657776638283394 242.808286763262 170.03804488515016 188.91026560554747 403.20325091324048 353.89337722497294 1396.5040486831567 35.863024942227639 124.53809492662549 24.953981402679347 581.69374571554363 873.52835320890881 77.220228088495787 91.710208003642038 114.44136321637779 1245.9522860431462
leaf_count=168620 6255 1414 63986 2457 342 468 271 1841 95 1656 238 508 710 1900 135 546 1171 2916 1514 3330 10709 195 483 406 2218 1571 1047 2273 3841 5115
internal_value=0.022807 0.0105403 0.0066134 0.00823476 0.0240333 0.00165752 0.012937 0.0161732 -0.0360519 -0.0807876 -0.101419 0.00482301 0.00318657 -0.00507254 0.0280859 0.0478824 -0.0419364 0.00139909 0.00295715 0.0143227 0.00662668 0.043747 -0.0197337 -0.0115969 -0.000498144 0.015592 -0.0265564 -0.0456546 -0.00589714 0.0228183
internal_weight=15849.4 13712.1 13157 12931 3801.01 9130.01 2847.99 2769.61 707.059 289.298 78.3787 8422.95 8228.04 417.761 278.72 256.062 201.192 8009.2 7820.29 3424.51 3021.3 1043.57 160.401 1421.46 1726.03 1067.12 658.914 193.593 4395.78 1599.85
internal_count=288231 281976 280562 111942 12936 99006 10479 9970 5971 3295 509 93035 92527 2676 776 641 1639 91817 88901 21074 19560 2519 678 11115 7451 4186 3265 2615 67827 8445
cat_boundaries=0 1
cat_threshold=2
is_linear=0
shrinkage=0.1


Tree=40
num_leaves=31
num_cat=2
split_feature=2 12 8 27 8 8 39 27 34 9 28 4 8 8 32 28 11 33 23 0 1 39 28 0 8 20 19 0 38 40
split_gain=1422.88 458.89 173.38 122.661 162.498 133.772 143.802 105.847 112.223 104.848 97.0445 85.6819 121.952 83.5787 81.799 80.2604 73.2869 69.1301 65.7979 65.2018 114.203 64.4815 63.5008 59.8647 58.2215 57.6231 169.927 57.5353 57.4592 110.396
threshold=1.0000000180025095e-35 1.0000000180025095e-35 -6.4999999999999991 15.85357142857143 6.5000000000000009 3.5000000000000004 0.034736829262521807 27.728501228501234 36.500000000000007 48.500000000000007 10.195850757407872 26.453578322043423 16.500000000000004 28.500000000000004 7652944.5000000009 5.0108581940761825 -1.4628635305509567 0.11215932914046123 0 310987.50000000006 0.64587886455077537 0.045729203756284011 12.703272715754546 1677991.5000000002 2.5000000000000004 1.0000000180025095e-35 1 -288489.99999999994 3.5000000000000004 72.500000000000014
decision_type=2 2 2 8 2 2 2 10 2 2 10 2 2 2 2 10 8 10 1 2 2 2 10 2 2 2 1 2 2 2
left_child=1 2 -1 5 7 9 11 14 17 18 24 19 -13 16 23 -6 -8 -9 21 20 -7 -4 -10 -5 -11 26 -21 -24 29 -20
right_child=-2 -3 3 4 15 6 13 8 22 10 -12 12 -14 -15 -16 -17 -18 -19 28 25 -22 -23 27 -25 -26 -27 -28 -29 -30 -31
leaf_value=-0.084415326768228938 0.10130511582293672 0.10332928239743584 -0.013334482250886759 -0.071292662010583097 0.053291572109800005 0.02903490750564457 0.10403224204789069 0.061276008315890668 0.12260996444849798 -0.13682965897394148 0.12230098866265203 0.0026847720423132798 -0.38916531113507274 -0.080967258579613163 -0.13948216773299799 -0.0022955611548132445 0.0091653878709167958 -0.14836152958899296 0.025422895768139078 -0.15742114426471626 -0.1577338690937099 -0.1552836555133959 0.10553056407152249 0.062760332986873876 -0.003179039246587142 0.065542597641579908 0.049158535147370598 -0.15066615875114617 -0.0068045882672636898 -0.12372075927898685
leaf_weight=208.500317868602 1937.5300292856991 503.60115337371826 86.556527057895437 173.84421806235332 278.81404859013855 591.62348711420782 84.489083714201115 22.177280373638496 74.838653729937505 118.37133731273934 22.314518921310082 30.543624960351735 10.733347778790629 99.540229112724774 163.29118438006844 3798.5016411301913 2250.9084656607592 54.107935324544087 1513.1807442456484 47.020964922965504 34.657140132621862 50.773174139554612 15.484769968898034 41.210349658271298 44.979751527309418 1341.8694110047072 259.96418078895658 20.201478152885102 1512.1796865896322 51.312967968871817
leaf_count=168620 6255 1414 304 5558 2253 1328 753 663 639 5105 146 80 117 1360 8327 32109 16487 3251 4835 1000 151 1137 348 196 543 1828 456 1015 21647 306
internal_value=0.0211652 0.0096682 0.00604046 0.00751465 -0.00545983 0.0149044 0.0257408 -0.0557118 0.00587656 -0.000240567 -0.0733071 0.0435773 -0.0992089 0.00877252 -0.0861214 0.00150559 0.0125974 -0.0874167 0.00398032 0.0461678 0.0186995 -0.0613483 0.0702683 -0.0456044 -0.100028 0.0566011 0.0175167 -0.0394988 0.00707273 0.0205312
internal_weight=15443.1 13505.6 13002 12793.5 4642.47 8151.02 4751.35 565.156 186.81 3399.67 185.666 2316.41 41.277 2434.94 378.346 4077.32 2335.4 76.2852 3214 2275.14 626.281 137.33 110.525 215.055 163.351 1648.85 306.985 35.6862 3076.67 1564.49
internal_count=288231 281976 280562 111942 54359 57583 23560 19997 5916 34023 5794 4960 197 18600 14081 34362 17240 3914 28229 4763 1479 1441 2002 5754 5648 3284 1456 1363 26788 5141
cat_boundaries=0 1 2
cat_threshold=1 2
is_linear=0
shrinkage=0.1


Tree=41
num_leaves=31
num_cat=1
split_feature=2 12 8 0 4 8 8 11 6 5 15 16 38 8 31 4 38 17 39 0 28 11 32 8 33 27 27 38 28 23
split_gain=1320.45 419.81 151.714 112.869 100.482 88.7532 83.6644 86.9079 79.823 77.6731 85.3975 475.05 364.513 81.0023 83.4525 72.6719 82.398 68.9519 77.8426 99.565 108.519 69.8133 64.3794 80.0777 162.364 106.041 104.834 95.1175 92.4297 80.2163
threshold=1.0000000180025095e-35 1.0000000180025095e-35 -6.4999999999999991 1460743.5000000002 8.7809072704478037 -4.4999999999999991 32.500000000000007 -0.56697825006027025 1.0000000180025095e-35 1.0000000180025095e-35 0.99583333333333346 0.47809523809523818 1.5000000000000002 -1.0000000180025095e-35 58.500000000000007 6.819262426113788 8.5000000000000018 18.500000000000004 0.051637129707580227 450126.00000000006 5.5503675909687997 -0.33324588557734375 4487288.0000000009 6.5000000000000009 0.46720430107526884 7.3798076923076934 4.5220635950681389 2.5000000000000004 9.7813095104790442 0
decision_type=2 2 2 2 2 2 2 8 2 2 2 2 2 2 2 2 2 2 2 2 8 8 2 2 8 8 10 2 10 1
left_child=1 2 -1 4 8 -5 7 -6 9 10 11 13 -13 -4 17 -7 -17 18 -15 -20 21 -21 -12 24 26 -26 -24 -28 -29 -30
right_child=-2 -3 3 5 6 15 -8 -9 -10 -11 22 12 -14 14 -16 16 -18 -19 19 20 -22 -23 23 -25 25 -27 27 28 29 -31
leaf_value=-0.08255538262357047 0.10111016532933499 0.10306368089400174 -0.064401273825088035 -0.15378179947973669 -0.15103445476633889 0.04934666425832384 -0.18091094626370266 -0.0031726104861286852 0.069465519814593993 0.063077238630209156 0.027550102290736008 -1.1265052770049753 -0.13538962768121174 0.031778151859397495 -0.18296349491909444 0.0214741451809927 -0.071989652558845346 0.059703477564967126 -0.0038518376219599201 0.10057126019335877 -0.20559819114784519 -0.19217835230133967 0.035916010350587661 0.010520846983435897 -0.026150834785309884 -0.11144924664597688 0.034872052331611468 -0.053189683618002352 0.02700943503463701 -0.11937700768375531
leaf_weight=192.69649343885249 1756.3600268261507 456.79197964072227 160.7138960872544 26.343008724390529 49.506989850488026 1033.6369903252926 44.61717148788739 201.71432770608226 185.08936759934295 212.11565685691312 1198.0338359549642 3.7721451334655276 228.08780822373228 475.80034858267754 21.841579474043101 846.52696179691702 106.1540992828086 263.86868281837087 443.03763776808046 26.974646185524762 56.112802949966863 11.670328833861275 645.57990239898209 4495.7363475929014 438.36325422103982 218.33602484496078 306.11137338541448 598.55400865286356 323.93679563532351 32.298788300657179
leaf_count=168620 6255 1414 3209 526 673 2649 588 1041 508 710 5651 47 35734 784 624 1688 1561 1482 4449 57 403 62 3016 23081 3050 5559 845 8431 4709 805
internal_value=0.0196159 0.00885726 0.00550769 0.00684867 0.00274151 0.0285651 -0.0547223 -0.032311 0.00438465 0.00319915 0.00192251 -0.0185448 -0.151514 0.00257149 0.0108555 0.0309834 0.0110598 0.0141693 0.00231546 -0.0237509 -0.116788 0.0121643 0.00611635 0.00247863 -0.0116272 -0.0545104 0.00314424 -0.0136349 -0.0291865 0.0111441
internal_weight=15060.4 13304 12847.2 12654.5 10641.9 2012.66 295.838 251.221 10346 10160.9 9948.83 1691.88 231.86 1460.02 1299.31 1986.32 952.681 1277.46 1013.6 537.795 94.7578 38.645 8256.95 7058.92 2563.18 656.699 1906.48 1260.9 954.79 356.236
internal_count=288231 281976 280562 111942 105518 6424 2302 1714 103216 102708 101998 46851 35781 11070 7861 5898 3249 7237 5755 4971 522 119 55147 49496 26415 8609 17806 14790 13945 5514
cat_boundaries=0 1
cat_threshold=12
is_linear=0
shrinkage=0.1


Tree=42
num_leaves=31
num_cat=1
split_feature=2 12 8 27 8 8 39 27 34 9 11 32 8 4 8 28 33 11 0 1 4 39 39 17 22 38 0 37 28 39
split_gain=1223.23 383.778 132.586 100.698 124.778 104.032 124.065 84.1834 94.269 81.1865 86.863 78.1543 70.4661 69.8395 86.6124 65.2385 61.4419 60.9026 59.9934 58.6403 57.7622 64.21 73.1349 69.4656 62.3347 58.5496 59.9499 113.448 83.2795 92.8871
threshold=1.0000000180025095e-35 1.0000000180025095e-35 -6.4999999999999991 15.85357142857143 6.5000000000000009 3.5000000000000004 0.034736829262521807 27.728501228501234 36.500000000000007 48.500000000000007 -1.521612492735527 7652944.5000000009 37.500000000000007 26.453578322043423 16.500000000000004 5.0108581940761825 0.11215932914046123 -1.4628635305509567 1279186.5000000002 2.8092855982734464 3.9605269166805495 0.051637129707580227 0.062319588556741141 15.500000000000002 0 1.5000000000000002 -34663.499999999993 1.0000000180025095e-35 2.1993300031661769 0.13778591340165483
decision_type=2 2 2 8 2 2 2 10 2 2 10 2 2 2 2 10 10 8 2 2 2 2 2 2 1 2 2 2 10 2
left_child=1 2 -1 5 7 9 13 11 16 -4 -11 -5 17 18 -15 -6 -9 -8 -7 -12 24 23 -23 -22 25 -19 27 28 -27 -30
right_child=-2 -3 3 4 15 6 12 8 -10 10 19 -13 -14 14 -16 -17 -18 20 -20 -21 21 22 -24 -25 -26 26 -28 -29 29 -31
leaf_value=-0.080593818112340843 0.10091872829613968 0.10281668975321537 0.0032778695498819712 -0.039355898837199407 0.047795535992420458 0.029059544414061497 0.092142735843562945 0.054776774631438423 0.064889821632290956 -0.1167885272716017 0.063588968887528408 -0.13406763711583614 -0.15229807321119032 0.0010483985099663275 -0.32160104127195116 -0.0029781694396942403 -0.14624360348138096 0.066558194253653072 0.063308193956723338 -0.2910556357890805 0.0078632355902778974 0.064507725432022656 -0.044672431424174035 -0.20822214051131521 0.031272554111585874 0.22750424370969025 0.002442184247555889 -0.1262934347141513 0.067113861255971546 -0.12338187399616984
leaf_weight=178.38992774143117 1592.0837225196883 414.26506924629211 3173.0599931589677 209.16745049721794 271.25980875769164 1296.7783162024571 85.000036751036532 22.049879488069564 106.52889493084513 116.17762919259258 53.396931351860985 149.32422505656723 27.389717329235282 30.025548290461302 11.508970598981248 3772.0749214455718 48.980296768131666 104.26201352477074 844.57882847264409 5.1084523349418296 24.499996551196091 88.110965577536263 202.0308728935197 37.877463204727974 927.50255321821896 15.661804587929508 685.04783340316499 116.2957753779483 55.987207496888004 47.155924843566027
leaf_count=168620 6255 1414 28229 5754 2253 3022 753 663 2002 5356 387 8327 561 80 117 32109 3251 161 1741 51 57 206 1619 296 6365 162 3944 2843 130 1503
internal_value=0.0181435 0.00809848 0.00501011 0.00622917 -0.00558219 0.013035 0.0227957 -0.050917 0.00539205 -0.000375992 -0.0667472 -0.0788066 0.00718744 0.0400765 -0.0883559 0.000428144 -0.0838409 0.0090156 0.0425677 0.0326228 0.00594941 -0.0313051 -0.0115163 -0.12335 0.0126776 -0.00442032 -0.0125109 -0.0560821 0.0126464 -0.0199787
internal_weight=14711.6 13119.5 12705.2 12526.8 4579.39 7947.46 4599.71 536.051 177.559 3347.74 174.683 358.492 2416.82 2182.89 41.5345 4043.33 71.0302 2389.43 2141.36 58.5054 2304.43 352.519 290.142 62.3775 1951.91 1024.41 920.149 235.101 118.805 103.143
internal_count=288231 281976 280562 111942 54359 57583 23560 19997 5916 34023 5794 14081 18600 4960 197 34362 3914 18039 4763 438 17286 2178 1825 353 15108 8743 8582 4638 1795 1633
cat_boundaries=0 1
cat_threshold=4
is_linear=0
shrinkage=0.1


Tree=43
num_leaves=31
num_cat=0
split_feature=2 12 8 0 4 15 16 38 27 11 9 7 4 4 32 28 1 38 8 34 11 8 5 38 29 32 32 29 11 33
split_gain=1131.04 350.533 118.027 96.413 88.0696 81.6458 474.818 95.2587 74.5786 99.678 99.7694 72.1681 66.7636 65.4003 60.3948 61.5479 60.0452 60.3738 57.8834 67.0844 57.6094 57.0774 61.7139 56.3399 55.9595 55.7831 61.3961 56.3637 60.3162 67.1429
threshold=1.0000000180025095e-35 1.0000000180025095e-35 -10.499999999999998 1677991.5000000002 13.47680427031535 0.99583333333333346 0.47809523809523818 1.5000000000000002 5.817254174397033 -2.0504251479251177 62.500000000000007 1.0000000180025095e-35 6.819262426113788 2.1217135768267021 7371756.0000000009 10.402036796091112 4.6703582548598606 11.500000000000002 3.5000000000000004 75.500000000000014 0.55265752664486911 -1.0000000180025095e-35 1.0000000180025095e-35 8.5000000000000018 0.23606811145510839 4389318.0000000009 3573227.5000000005 0.14017543859649126 0.47118106014024608 0.5913729128014843
decision_type=2 2 2 2 2 2 2 2 10 10 2 2 2 2 2 10 2 2 2 2 10 2 2 2 10 2 2 10 10 10
left_child=1 2 -1 4 5 6 16 -8 18 10 13 25 -5 14 15 -10 17 21 19 -7 -6 22 24 -14 -4 26 -11 28 29 -27
right_child=-2 -3 3 12 20 8 7 -9 9 11 -12 -13 23 -15 -16 -17 -18 -19 -20 -21 -22 -23 -24 -25 -26 27 -28 -29 -30 -31
leaf_value=-0.10050078673407706 0.10072841979657275 0.10258722545518638 -0.082166152690603719 0.051475084849580979 -0.020827700630505826 0.011243123419434878 -0.50315799079416879 -0.13459601288528689 -0.044412328256643284 -0.016876085469677952 0.027841091959322009 0.097047813015557011 0.01926061477511817 -0.12832725652293772 -0.095339287291537761 0.093267446173380938 -0.072957996048617038 -0.13316983825596293 0.036534070758474785 -0.11196305753768268 -0.16107804989785698 0.018965458319978982 0.15219649574703054 -0.061076442992937019 0.10557631310640814 0.0031478445099334565 0.054634079017908593 -0.017142478579934419 0.027540068638416505 -0.057864713588964778
leaf_weight=106.03909334528726 1443.1624683402479 375.63849480450153 139.34655807126546 707.30579279491212 65.430064136453439 1503.0207467129221 7.2248728945851317 238.76525064837188 93.488596655719448 172.04418215667829 151.11741561710369 83.466880151303485 729.31283098272979 122.5844962958945 109.13502636610065 49.746773147198837 95.454833130701445 29.337587741552852 1252.3331127881538 45.53206799790496 53.020840263110586 1284.9374886002624 14.894836587598546 99.163228666060604 17.917701365193352 2430.8870794684626 397.36487395910081 1387.2439986182144 994.31419377005659 194.82478900632123
leaf_count=148080 6255 1414 3491 2256 485 11995 47 43915 2962 1144 1053 240 1516 3597 8602 1053 578 2847 4129 1213 750 6454 40 2080 166 15640 1659 8872 3942 1756
internal_value=0.0167554 0.00739797 0.00455455 0.00544795 0.00215235 0.00309162 -0.0161743 -0.145421 0.0070101 0.000880499 -0.0407564 0.00475037 0.0289098 -0.0684031 -0.039296 0.00340494 0.00392405 0.00886121 0.0205483 0.00762049 -0.0836064 0.0117209 -0.04235 0.00964479 -0.060776 0.00336894 0.0330276 -3.74365e-06 0.00656406 -0.00137922
internal_weight=14394.1 12950.9 12575.3 12469.2 10933.4 10815 1827.88 245.99 8987.1 6186.22 526.072 5660.15 1535.78 374.955 252.37 143.235 1581.89 1486.43 2800.89 1548.55 118.451 1457.1 172.159 828.476 157.264 5576.68 569.409 5007.27 3620.03 2625.71
internal_count=288231 281976 280562 132482 126630 125395 57538 43962 67857 50520 17267 33253 5852 16214 12617 4015 13576 12998 17337 13208 1235 10151 3697 3596 3657 33013 2803 30210 21338 17396
is_linear=0
shrinkage=0.1


Tree=44
num_leaves=31
num_cat=2
split_feature=2 12 8 0 4 1 31 0 4 1 38 28 17 19 32 4 28 31 0 31 8 27 11 11 11 20 19 32 39 8
split_gain=1044.08 319.958 105.855 88.276 113.693 75.7402 92.0197 88.3599 94.6688 128.664 105.426 93.3403 87.1847 95.5237 84.9884 84.0073 84.4706 81.798 77.1445 74.4863 66.3722 74.7874 84.6448 75.9063 69.1704 66.2795 153.648 115.746 113.709 102.026
threshold=1.0000000180025095e-35 1.0000000180025095e-35 -10.499999999999998 890684.00000000012 3.5496944599568176 1.2375727763858408 42.500000000000007 175819.00000000003 1.1002336198476952 -0.064756330423720421 1.5000000000000002 12.478602481519617 30.500000000000004 0 7683248.0000000009 2.1536771189725803 13.141515922623659 37.500000000000007 369395.00000000006 33.500000000000007 1.5000000000000002 23.535897435897443 -0.78331470463868291 3.6890622022731456 -2.020078749966387 1.0000000180025095e-35 1 7450416.0000000009 0.023649553675079708 -1.0000000180025095e-35
decision_type=2 2 2 2 2 2 2 2 2 2 2 10 2 1 2 2 8 2 2 2 2 10 8 10 10 2 1 2 2 2
left_child=1 2 -1 5 -5 7 18 8 9 -4 11 -10 -11 -14 -9 16 19 -16 -7 -12 24 23 -23 -22 -20 26 -6 -27 29 -29
right_child=-2 -3 3 4 25 6 -8 14 10 12 15 -13 13 -15 17 -17 -18 -19 20 -21 21 22 -24 -25 -26 27 -28 28 -30 -31
leaf_value=-0.10049871159246787 0.10053686398973338 0.10237427890896481 -0.0052192370839344547 0.050007734596491361 -0.1305212780287531 -0.053074220855884938 -0.14512869680027482 0.04265801185021216 -0.81016709356141436 0.052998879454115855 -0.018876073239955368 -0.050701754645993462 -0.090848230834253307 0.087413564909981381 -0.012080004144695358 0.15604523567052409 -0.13700747985605038 0.077434833913875928 -0.14869408437775941 -0.19477764384179644 0.023180272667902485 -0.12476387829489338 -0.008380753963082764 -0.11783136746033483 -0.024428423177992167 0.045832856255842103 0.0032286634567143899 -0.083216004714113764 -0.063013995805331888 0.022699144795350134
leaf_weight=95.95003129838733 1308.191151808016 340.56293453276157 3081.3664740308886 859.08373626630055 106.73115936425165 395.56499761505984 54.189586011925712 1028.8673349635792 3.2717756591737261 707.64908806304447 722.9791056488757 3.2020907625555992 93.997623522300273 44.193389938795008 747.64012119767722 23.733149251260329 73.60596335970331 118.2253879638738 54.048524855432333 24.90255577856442 1042.0940696419857 80.878612429340137 274.8768126492505 39.625578733393922 261.60049142772914 808.18773986562155 439.83910923270741 100.92316080635646 250.01252773631131 920.16095110215247
leaf_count=148080 6255 1414 62016 2871 4939 6010 1610 5826 32 4776 10872 8 2041 334 6272 154 2519 1188 3356 1170 3998 1225 1329 382 2214 1590 1836 865 1316 1733
internal_value=0.0154431 0.00674493 0.0041306 0.00494273 0.0184296 -0.000352231 -0.0164301 0.00495485 -0.00229045 0.00426405 -0.0325136 -0.434522 0.0388113 -0.0338402 0.023229 -0.0294344 -0.034793 0.000142363 -0.0131843 -0.0247331 -0.00418379 0.00493399 -0.0348397 0.0180147 -0.0457064 0.00809836 -0.0228893 0.0162439 -0.00256931 0.0122306
internal_weight=14106.2 12798 12457.4 12361.5 3484.94 8876.51 2202.88 6673.63 4778.9 3927.21 851.695 6.47387 845.84 138.191 1894.73 845.221 821.488 865.866 2148.69 747.882 1753.12 1437.48 355.755 1081.72 315.649 2625.85 546.57 2079.28 1271.1 1021.08
internal_count=288231 281976 280562 132482 15150 117332 20124 97208 83922 69167 14755 40 7151 2375 13286 14715 14561 7460 18514 12042 12504 6934 2554 4380 5570 12279 6775 5504 3914 2598
cat_boundaries=0 1 2
cat_threshold=2 2
is_linear=0
shrinkage=0.1


Tree=45
num_leaves=31
num_cat=0
split_feature=2 12 8 0 4 15 16 27 33 7 40 11 8 4 4 8 28 17 39 5 1 38 5 17 39 28 39 27 38 28
split_gain=961.534 291.692 95.0464 77.7239 75.9676 66.5036 422.673 57.6638 79.7751 66.9859 58.8766 57.2528 93.0118 68.7412 53.7259 51.393 54.2425 84.3476 54.1828 67.8413 63.5728 51.9851 56.937 49.935 49.1156 48.198 88.7504 72.3552 57.576 51.2578
threshold=1.0000000180025095e-35 1.0000000180025095e-35 -10.499999999999998 1677991.5000000002 26.453578322043423 0.99583333333333346 0.47809523809523818 5.817254174397033 0.87750000000000006 1.0000000180025095e-35 105.50000000000001 -2.0504251479251177 25.500000000000004 2.1217135768267021 6.819262426113788 -1.0000000180025095e-35 10.261590403082382 8.5000000000000018 0.07351394618042785 1.0000000180025095e-35 -0.84351765237036502 1.5000000000000002 1.0000000180025095e-35 19.500000000000004 0.52544826017268231 8.4191201744556086 0.17729937798499204 3.4604989604989611 21.500000000000004 8.6064105396439512
decision_type=2 2 2 2 2 2 2 10 10 2 2 10 2 2 2 2 8 2 2 2 2 2 2 2 2 10 2 10 2 10
left_child=1 2 -1 4 5 6 15 10 9 11 25 12 13 -9 -5 21 17 -17 -18 20 -20 -4 -23 -22 -19 26 28 -28 -7 -27
right_child=-2 -3 3 14 -6 7 -8 8 -10 -11 -12 -13 -14 -15 -16 16 18 24 19 -21 23 22 -24 -25 -26 29 27 -29 -30 -31
leaf_value=-0.10049576323107373 0.1003416519760674 0.10217690184606064 -0.77157341960646286 0.046968429969062135 -0.17007049474319691 0.022914327859098336 -0.14301200524905172 -0.021403974450594849 -0.12009576603677215 0.086916652617504073 -0.1374940609162156 0.0027560226586527247 0.085105802157153548 -0.10779533831706407 0.0086166007351597372 -0.010655118792403013 0.0094892093736831939 0.042469444981034027 0.075084699890346593 0.12368140970624174 -0.13311014255918238 -0.059186090822228359 0.14549482927596799 0.015367460912968698 0.17265706553754862 0.11254995364062848 0.0095666452485187892 -0.061017604670874526 0.20024275139244133 0.029538431780492577
leaf_weight=86.821603466756642 1185.8884370503947 308.71918520331383 0.98393724858760734 669.57635875011329 25.728307766839862 1763.1552642292809 227.36481935073971 278.1749400193803 54.721329133783001 89.79870385437971 24.30756366008427 5548.2699771199259 58.062733997940086 137.69383651617682 803.7083803745918 406.18475754777319 278.62322687107371 487.15414191281889 22.837894509721082 18.11396765045356 117.13617603183957 169.41041622674675 14.776017356722148 28.080785506172106 30.811662139021792 102.15706596156815 349.44769909972092 248.50844067538856 18.501978119253181 273.61446862877347
leaf_count=148080 6255 1414 9 2256 444 4641 44226 12569 929 358 677 33082 133 3730 3596 2414 643 1648 248 31 2520 5403 44 511 192 310 4927 4471 661 1809
internal_value=0.0142441 0.00616794 0.00376479 0.00450392 0.00155796 0.00196881 -0.0155607 0.00549861 0.000108491 0.00118469 0.0174565 -9.36816e-05 -0.0334549 -0.0500081 0.0260467 0.0028483 0.00944577 0.0234605 -0.0184199 -0.0601892 -0.0800078 -0.0466386 -0.0427659 -0.104399 0.0502138 0.0188235 0.0135678 -0.0197679 0.0247558 0.0521059
internal_weight=13828.3 12642.4 12333.7 12246.9 10773.6 10747.9 1801.48 8946.41 6166.72 6112 2779.69 6022.2 473.932 415.869 1473.28 1574.11 1388.94 924.151 464.792 186.169 168.055 185.17 184.186 145.217 517.966 2755.38 2379.61 597.956 1781.66 375.772
internal_count=288231 281976 280562 132482 126630 126186 57889 68297 50801 49872 17496 49514 16432 16299 5852 13663 8207 4254 3953 3310 3279 5456 5447 3031 1840 16819 14700 9398 5302 2119
is_linear=0
shrinkage=0.1


Tree=46
num_leaves=31
num_cat=1
split_feature=2 12 8 0 4 11 1 4 8 27 8 28 6 39 39 27 30 29 31 8 38 39 0 17 5 32 27 23 0 9
split_gain=884.683 265.898 85.3512 68.3654 131.989 121.62 101.466 90.126 91.0289 86.9057 87.7096 97.7377 67.0475 66.7041 110.981 66.3482 66.1668 65.9854 65.289 64.2488 61.762 57.6856 75.7524 57.3666 56.6202 62.9511 76.336 54.3966 52.048 55.0147
threshold=1.0000000180025095e-35 1.0000000180025095e-35 -10.499999999999998 630512.00000000012 5.4596698253668778 0.055817028928802824 0.93332901965205362 15.519484430320816 32.500000000000007 12.670289855072467 5.5000000000000009 11.304500769291414 1.0000000180025095e-35 0.13252112875689073 0.076693608096733965 1.0227272727272729 0.4690688775510205 0.18808962264150947 59.500000000000007 1.5000000000000002 1.5000000000000002 0.034736829262521807 1038507.5000000001 25.500000000000004 1.0000000180025095e-35 27465839.000000004 22.56753246753247 0 1185975.5000000002 56.500000000000007
decision_type=2 2 2 2 2 10 2 2 2 10 2 10 2 2 2 8 10 10 2 2 2 2 2 2 2 2 10 1 2 2
left_child=1 2 -1 4 12 6 -5 -7 -9 13 11 -11 24 14 17 -6 20 19 28 23 -17 -21 -23 27 25 -4 -27 -8 29 -12
right_child=-2 -3 3 5 15 7 9 8 -10 10 18 -13 -14 -15 -16 16 -18 -19 -20 21 -22 22 -24 -25 -26 26 -28 -29 -30 -31
leaf_value=-0.10049175377963107 0.10014027329187408 0.10199418304303993 -0.0014694210176421534 0.082738653894210729 0.095141264875985759 0.043205419522788023 0.021278721725247647 -0.002812824286313837 -0.21456111916806253 -0.16838223925228704 -0.087245759956891766 -0.025790547799608377 0.062255147997294813 0.073970821634692666 -0.1461971489202338 -0.63676225636687622 0.068535122865316198 0.066749718316126111 -0.20997924740195784 0.038374773407229279 -0.15097835259825171 0.012267527843178779 -0.15124873334293265 -0.064136943780125771 0.051075418025938346 -0.12308828876354816 0.017756694347095352 -0.071341203387177962 0.014030190072173654 -0.0079704890989467925
leaf_weight=78.562420187518001 1075.086721803993 279.81573711335659 7048.4952508764691 146.27945760378498 14.359135655337012 1462.0235666068911 288.36765820137225 106.27823894331232 25.096043587604072 81.880168805451831 132.3696494656615 116.41373900530743 169.16008814968518 156.75857864491991 46.788580969005125 2.6979154106229535 13.947296530794118 180.86160448237206 16.226459552068263 525.13806038966868 87.467020714393584 100.33525077454397 39.479772106424207 209.85226270419662 199.94204871472903 93.494244495785097 65.397947657911573 70.534268157702172 493.54848089534789 258.47642900061328
leaf_count=148080 6255 1414 101679 408 59 3921 1519 424 277 2029 899 1985 573 1086 522 22 83 563 173 1298 1795 323 256 2390 860 4149 1655 659 1742 1133
internal_value=0.0130901 0.00560922 0.00340402 0.00407572 -0.00163254 0.0139316 0.00160842 0.0360762 -0.0432625 -0.00275946 -0.0244615 -0.08467 5.17493e-06 0.0119791 0.00532925 -0.106368 -0.13416 0.0103412 -0.0112051 0.00207168 -0.165514 0.0231771 -0.0339048 -0.0226035 -0.00141642 -0.00287261 -0.0651183 0.00168144 -0.00755805 -0.034819
internal_weight=13585.1 12510 12230.2 12151.7 7694.96 4456.71 2863.31 1593.4 131.374 2717.03 1098.91 198.294 7576.49 1618.12 1461.36 118.471 104.112 1414.57 900.621 1233.71 90.1649 664.953 139.815 568.754 7407.33 7207.39 158.892 358.902 884.395 390.846
internal_count=288231 281976 280562 132482 110875 21607 16985 4622 701 16577 7961 4014 108916 8616 7530 1959 1900 7008 3947 6445 1817 1877 579 4568 108343 107483 5804 2178 3774 2032
cat_boundaries=0 1
cat_threshold=9
is_linear=0
shrinkage=0.1


Tree=47
num_leaves=31
num_cat=1
split_feature=2 12 38 8 9 27 39 39 11 8 11 11 34 17 39 32 38 28 33 1 8 0 4 20 19 11 28 29 30 0
split_gain=812.275 242.107 77.197 62.9771 135.288 86.3675 96.9227 80.1451 65.6217 64.8687 71.6141 121.512 121.04 97.6831 95.7013 93.3285 88.6118 76.8325 72.2486 79.0646 70.2901 63.0818 83.4329 64.1487 137.591 63.0423 61.9935 80.2339 88.5794 66.4238
threshold=1.0000000180025095e-35 1.0000000180025095e-35 22.500000000000004 1.5000000000000002 41.500000000000007 17.858803986710967 0.034736829262521807 0.45749247408745991 -1.4333050949941726 30.500000000000004 -0.53575820019861131 -0.33324588557734375 54.500000000000007 34.500000000000007 0.031048519012524593 7371756.0000000009 7.5000000000000009 10.890911796600276 0.24283374283374287 -0.98185189940038853 7.5000000000000009 352458.00000000006 2.0021940505105458 1.0000000180025095e-35 0 -1.2337346924803325 11.498272102696582 0.048980407836865261 0.23466833541927412 417818.50000000006
decision_type=2 2 2 2 2 10 2 2 10 2 8 10 2 2 2 2 2 10 8 2 2 2 2 2 1 10 10 10 10 2
left_child=1 2 3 4 -1 6 21 -8 -9 10 13 -12 26 17 15 -14 -17 18 19 -7 -20 22 -5 24 -23 -6 -13 -28 29 -29
right_child=-2 -3 -4 5 25 9 7 8 -10 -11 11 12 14 -15 -16 16 -18 -19 20 -21 -22 23 -24 -25 -26 -27 27 28 -30 -31
leaf_value=-0.0049534039826581635 0.099930137726825574 0.10182524295010897 -0.083962453184978081 0.013557041953338574 -0.13771572091145751 0.20027135107760757 -0.00033032653072620531 0.15278743287956165 0.020708799506454299 0.014794011169058294 -0.092185039475341582 0.024977515403882614 0.026329706799148773 -0.10552041453568606 -0.059963462218002694 -0.91600021585721181 -0.32929473434802925 0.016830281218362601 -0.15140002661128221 -0.17298635422725317 0.01135897152848029 -0.14919797085694753 -0.14177164448140306 0.04945243329252845 0.028312047583423899 0.10330564238420203 -0.16830263541343615 0.09009168896594219 -0.056962692214174993 -0.18958683843866109
leaf_weight=2459.8464741994394 974.72274110093713 253.58651189506054 100.99881975297467 773.88394375401549 108.25672921023215 6.3036745432764283 2906.8310886961408 62.228412175260019 95.11130770057207 1236.7512645308161 263.93731903206208 375.66554127185373 4.7292130813002613 82.681256354961079 30.650044360372704 3.5768495276570311 9.1838655315805209 1217.797803928901 31.31287141807843 56.900795191759244 173.86365166079486 51.698595398513135 36.198232588125393 1438.9780828692019 281.04271108098328 12.061386320157906 39.571021938172635 85.396356784680393 181.60516964737326 9.4296067379182187
leaf_count=86272 6255 1414 123769 1597 10083 7 18573 1074 3524 6524 2670 2126 7 2358 550 37 60 10880 1007 1108 1474 1303 150 2406 591 46 441 411 1411 103
internal_value=0.0120346 0.00511992 0.0030993 0.00382991 -0.0100177 0.00760863 0.0154591 0.0034323 0.0729464 -0.00402675 -0.0130746 -0.0339336 -0.0131516 0.000270799 -0.166472 -0.353122 -0.493749 0.00615633 -0.0422775 -0.13576 -0.0134804 0.0297328 0.00661624 0.0403024 0.000732007 -0.113554 -0.00248047 -0.0351227 -0.0160581 0.0622801
internal_weight=13364.8 12390.1 12136.5 12035.5 2580.16 9455.33 5645.97 3064.17 157.34 3809.36 2572.61 1003.74 739.808 1568.86 48.14 17.4899 12.7607 1486.18 268.381 63.2045 205.177 2581.8 810.082 1771.72 332.741 120.318 691.668 316.002 276.431 94.826
internal_count=288231 281976 280562 156793 96401 60392 29218 23171 4598 31174 24650 7816 5146 16834 654 104 97 14476 3596 1115 2481 6047 1747 4300 1894 10129 4492 2366 1925 514
cat_boundaries=0 1
cat_threshold=2
is_linear=0
shrinkage=0.1


Tree=48
num_leaves=31
num_cat=1
split_feature=2 12 9 15 16 8 0 31 39 39 33 24 19 28 0 39 38 17 4 9 29 34 0 17 39 0 39 32 9 9
split_gain=744.557 220.303 72.6899 64.7724 485.941 61.3074 59.8532 80.0968 63.5331 160.949 94.3571 62.275 87.622 99.5719 70.2711 64.4613 55.5503 53.9584 53.8682 80.5465 95.9418 95.2739 85.8301 79.5928 59.366 65.1454 56.7174 53.471 52.5842 77.5214
threshold=1.0000000180025095e-35 1.0000000180025095e-35 23.500000000000004 0.99583333333333346 0.47809523809523818 -1.0000000180025095e-35 1108110.0000000002 18.500000000000004 0.062319588556741141 0.020772423680825287 0.63476800976800984 1.0000000180025095e-35 0 11.091295034566883 397646.50000000006 0.017929277381949108 1.5000000000000002 39.500000000000007 2.8710187315944427 41.500000000000007 0.084039548022598873 29.500000000000004 215794.00000000003 15.500000000000002 0.038472415098611275 537788.00000000012 0.079398271834951809 8164395.5000000009 68.500000000000014 48.500000000000007
decision_type=2 2 2 2 2 2 2 2 2 2 8 2 1 10 2 2 2 2 2 2 10 2 2 2 2 2 2 2 2 2
left_child=1 2 -1 4 5 -4 11 8 9 -8 17 12 13 14 16 -15 -5 -11 -14 24 22 -22 -21 27 25 -20 -25 -23 29 -9
right_child=-2 -3 3 6 -6 -7 7 28 -10 10 -12 -13 18 15 -16 -17 -18 -19 19 20 21 23 -24 26 -26 -27 -28 -29 -30 -31
leaf_value=-0.10241231856461086 0.099708480738642455 0.10166925069129136 -0.045051296142244332 -0.79187218562672279 -0.14225697244987984 0.012284424260425711 0.043158425225144771 0.014310489650304056 0.10259517473091587 -0.15682748873253854 0.03978418317448118 0.03789450098319333 0.006985264914811655 -0.21277525760687241 -0.040322469628300356 0.048245162160146557 -0.16089457906846402 0.042861902487686322 -0.31186553207235318 0.24428244940604743 0.0093431224817753927 -0.11081484604193675 0.022461626425432035 -0.02950008258146878 -0.089352857129544286 0.0033424866915544001 -0.14921998061012864 -0.40420858113496294 0.031103701187086191 -0.067788361317930854
leaf_weight=65.278863619605545 883.82908323546872 229.78876689076424 211.39148173702415 1.4207701683044422 253.97080577338056 1583.3377728897613 1053.5700530703471 238.7325215601013 130.80258998155477 83.172765217634151 54.111335136549314 474.32819029098027 5688.3173147246125 10.552617717534302 82.479810684453696 91.486044914869126 77.740339732990833 16.160841681354214 6.8373049736837848 18.072253987716977 289.02874655541382 13.708142811898144 501.43154316520668 178.23780145146884 212.07149622761062 159.79842415510211 50.864231295010541 11.359139889042124 258.60862595692743 221.93294247271842
leaf_count=114957 6255 1414 8784 13 59293 8657 3165 2042 263 682 188 3005 64534 76 520 800 2183 52 136 78 1286 66 2093 650 3568 962 788 160 564 997
internal_value=0.0110625 0.00467641 0.00282507 0.00339882 -0.0127897 0.00553116 0.00674048 0.0219278 0.0363965 0.0292226 -0.0664624 0.00276962 0.000516162 -0.0560925 -0.104917 0.021251 -0.172219 -0.12434 0.00260973 -0.0146577 -0.00054614 -0.0299303 0.0301782 -0.0745901 -0.0542567 -0.00959095 -0.0560798 -0.243765 -0.00498337 -0.0252419
internal_weight=13152.4 12268.6 12038.8 11973.5 2048.7 1794.73 9924.83 2057.09 1337.82 1207.01 153.445 7867.73 7393.41 263.68 161.641 102.039 79.1611 99.3336 7129.73 1441.41 1062.7 543.198 519.504 254.169 378.707 166.636 229.102 25.0673 719.274 460.665
internal_count=288231 281976 280562 165605 76734 17441 88871 7953 4350 4087 922 80918 77913 3592 2716 876 2196 734 74321 9787 5121 2950 2171 1664 4666 1098 1438 226 3603 3039
cat_boundaries=0 1
cat_threshold=1
is_linear=0
shrinkage=0.1


Tree=49
num_leaves=31
num_cat=1
split_feature=2 12 8 4 38 0 6 11 11 1 0 16 32 0 32 9 39 8 39 23 38 34 11 1 4 1 0 31 38 5
split_gain=681.811 200.441 65.733 55.8555 89.5315 62.1319 53.7955 50.8326 50.7866 47.5305 82.712 80.8215 72.4696 61.5501 73.1633 86.0412 70.1099 68.8379 67.2982 58.2513 58.2273 53.3726 51.15 56.1362 53.0513 55.8577 50.3696 55.5601 88.4241 48.5898
threshold=1.0000000180025095e-35 1.0000000180025095e-35 -10.499999999999998 26.453578322043423 1.5000000000000002 1677991.5000000002 1.0000000180025095e-35 -2.494887979696581 1.0000000180025095e-35 2.8092855982734464 722538.50000000012 0.14907407407407405 31235931.500000004 613337.50000000012 7581187.0000000009 67.500000000000014 0.055767873860410384 12.500000000000002 0.011059972489753657 0 6.5000000000000009 76.500000000000014 1.0000000180025095e-35 0.60475355784180762 2.2544555798773422 1.3423310261760961 890684.00000000012 59.500000000000007 4.5000000000000009 1.0000000180025095e-35
decision_type=2 2 2 2 2 2 2 8 10 2 2 2 2 2 2 2 2 2 2 1 2 2 10 2 2 2 2 2 2 2
left_child=1 2 -1 5 -5 6 9 -6 -7 10 21 -11 13 -13 -15 16 18 -18 26 -17 -12 29 24 -24 -23 -26 27 28 -16 -4
right_child=-2 -3 3 4 7 8 -8 -9 -10 11 20 12 -14 14 15 19 17 -19 -20 -21 -22 22 23 -25 25 -27 -28 -29 -30 -31
leaf_value=-0.10049274625340182 0.099472393887891322 0.10152539720641361 -0.0002770024162201813 -0.73709455632587328 0.2133493065188645 0.010047185491868664 0.058384384732762876 -0.084021532682155939 0.051552924050188013 -0.10138550832397984 0.040937671610932161 -0.052420098308314067 -0.28819256064775822 0.022497785891590887 -1.2972319229079288 0.043158306219506178 0.046493853563252474 -0.17451183528506931 -0.13324111384653975 -0.069168350231306505 -0.016406101522313001 -0.14323741327704728 0.02518018786529402 -0.15319882301886645 0.15990146123930127 -0.16260362278186094 -0.028204590398154667 0.081168908289394631 -0.27248664515593596 0.051418332567837503
leaf_weight=61.582419163460145 801.52571467449889 208.20114432275295 7015.4775890841265 2.0105213634669772 6.2141504175378941 865.75373633904383 161.43723313792725 76.693284929846413 447.0218350647483 101.00319538640906 861.32871101109777 262.22437001284561 9.269980195182141 731.22108823414601 0.99196657538413813 222.47612392937299 103.04228608167614 16.326633006799966 119.07384847190406 48.727010040864116 222.89767620584462 75.141474431555253 101.20854300184874 21.366906658164226 13.539481057727246 8.9010364040441328 199.37509797752136 3.1940356000559404 5.5717606600665022 186.65799914943636
leaf_count=148080 6255 1414 102679 18 36 4270 573 761 1211 824 1578 3794 257 3937 14 673 922 211 1260 283 3324 2812 577 192 31 233 1082 10 102 818
internal_value=0.0101399 0.00425052 0.00255569 0.0030895 -0.0777226 0.0036709 0.00110432 -0.0617327 0.0241806 0.000209059 0.00334895 -0.0144464 -0.00934552 -0.00783584 0.000226975 -0.0224294 -0.0493614 0.0162659 -0.0732301 0.0220175 0.0291488 -0.00041982 -0.0489212 -0.00591419 -0.102943 0.0319797 -0.0390617 -0.260898 -0.427355 0.00106279
internal_weight=12959.5 12157.9 11949.7 11888.1 84.918 11803.2 10490.5 82.9074 1312.78 10329 8506.52 1822.5 1721.49 1712.22 1450 718.779 447.576 119.369 328.207 271.203 1084.23 7422.29 220.157 122.575 97.582 22.4405 209.133 9.75776 6.56373 7202.14
internal_count=288231 281976 280562 132482 815 131667 126186 797 5481 125613 112244 13369 12545 12288 8494 4557 3601 1133 2468 956 4902 107342 3845 769 3076 264 1208 126 116 103497
cat_boundaries=0 1
cat_threshold=8
is_linear=0
shrinkage=0.1


Tree=50
num_leaves=31
num_cat=2
split_feature=2 12 9 27 8 8 35 8 7 30 33 30 0 28 28 29 8 30 33 6 27 30 34 40 1 30 20 31 22 38
split_gain=623.29 182.207 60.3877 54.1493 77.2894 68.6009 110.828 82.3479 82.1498 96.8432 86.6908 72.7735 69.4311 61.4691 100.866 88.6546 56.2449 55.4185 54.2973 50.3784 52.0221 113.798 71.1353 85.1659 66.9847 58.3235 56.3601 59.9635 58.9996 78.0365
threshold=1.0000000180025095e-35 1.0000000180025095e-35 23.500000000000004 15.85357142857143 6.5000000000000009 6.5000000000000009 0 30.500000000000004 1.0000000180025095e-35 0.31191037735849064 0.36417112299465243 0.054093567251461992 -1120376.4999999998 11.304500769291414 12.373852781782874 0.089087301587301604 1.0000000180025095e-35 0.52786377708978338 0.29217479674796754 1.0000000180025095e-35 7.9340579710144938 0.23466833541927412 44.500000000000007 13.500000000000002 7.3418944431424844 0.42705167173252284 1.0000000180025095e-35 21.500000000000004 1 2.5000000000000004
decision_type=2 2 2 8 2 2 1 2 2 10 10 10 2 8 8 10 2 10 10 2 10 10 2 2 2 10 2 2 1 2
left_child=1 2 -1 5 13 6 8 -7 9 10 16 -9 -8 -5 15 -15 -4 19 -16 20 -14 -22 24 -24 26 -25 27 -23 -28 -30
right_child=-2 -3 3 4 -6 7 12 11 -10 -11 -12 -13 17 14 18 -17 -18 -19 -20 -21 21 22 23 25 -26 -27 28 -29 29 -31
leaf_value=-0.1024308830281791 0.099218717264844949 0.10139290342210583 -0.15817858588796127 -0.10622447727415776 -0.0012257164219902942 0.02298604952994417 -0.14435493944023073 0.062927766821825243 0.15959947033572694 -0.16357055707904758 -0.12578168806463463 -0.10512204728855241 0.0073921488810199734 -0.13251101108469343 -0.034235900251541329 0.10008002553471457 0.031194895888964902 0.06264955316926954 -0.1470271683135545 0.087851850447601021 -0.11673440016974641 -0.15975360842122543 -0.10452526491431734 0.090483236570871373 -0.20672090545499822 -0.16339314622385734 0.067080881788378552 0.16098894229729616 0.051050123880989062 -0.062855609380535124
leaf_weight=54.76901560369879 727.0130751025863 188.62187169492245 17.834529129075236 117.50809729301545 3886.6099935754028 2920.6819089168275 31.094878311298089 35.606232141144574 16.470370551804081 80.532411954773124 71.466550264973193 93.271774855616968 3080.4174614493386 20.057874628866557 221.67218486785714 89.55751140981738 130.03964547853684 163.65000622163643 52.857295569338021 69.118086732371012 108.62402879836736 44.486887554143323 31.687325601233169 148.90138105599908 20.059682964376407 9.6344631592801289 76.924771063117078 6.7075654558429951 86.928416910988744 195.21765202734969
leaf_count=114957 6255 1414 4125 15914 34362 15411 1712 128 161 6197 10213 1226 37343 2259 10653 2699 832 1288 8981 219 2811 4040 387 1146 243 565 285 63 229 2113
internal_value=0.00929497 0.00387904 0.0023311 0.00281621 -0.00599365 0.0080129 9.14466e-06 0.0195342 -0.0560689 -0.0697841 -0.0353498 -0.0586935 0.00449077 -0.0429337 -0.0235733 0.0575196 0.0083553 0.00564684 -0.0559525 0.00324179 0.0017067 -0.0223117 -0.00578349 0.0451404 -0.0282942 0.0750548 -0.0195701 -0.117729 -0.00557502 -0.0268113
internal_weight=12798 12071 11882.4 11827.6 4388.26 7439.36 4389.8 3049.56 316.344 299.873 219.341 128.878 4073.45 501.653 384.145 109.615 147.874 4042.36 274.529 3878.71 3809.59 729.172 620.548 190.223 430.325 158.536 410.265 51.1945 359.071 282.146
internal_count=288231 281976 280562 165605 74868 90737 73972 16765 21528 21367 15170 1354 52444 40506 24592 4958 4957 50732 19634 49444 49225 11882 9071 2098 6973 1711 6730 4103 2627 2342
cat_boundaries=0 1 2
cat_threshold=1 2
is_linear=0
shrinkage=0.1


Tree=51
num_leaves=31
num_cat=1
split_feature=2 12 20 19 40 38 9 27 40 0 9 28 27 8 11 17 40 27 0 32 8 39 34 33 11 1 0 0 4 33
split_gain=569.193 165.621 57.6026 441.892 66.5364 87.6813 81.6721 94.9341 74.8391 90.3001 63.8109 63.3406 79.5312 61.8672 73.3903 61.4207 57.4684 57.2494 55.726 76.5741 97.2062 64.8432 70.5126 59.1261 46.948 45.9386 87.6098 75.2301 63.1376 58.9591
threshold=1.0000000180025095e-35 1.0000000180025095e-35 1.0000000180025095e-35 0 44.500000000000007 8.5000000000000018 60.500000000000007 9.8024390243902459 96.500000000000014 722538.50000000012 98.500000000000014 2.6270190419129946 3.8441295546558707 6.5000000000000009 0.21458201775969413 26.500000000000004 49.500000000000007 8.5047169811320771 1185975.5000000002 8509198.5000000019 2.5000000000000004 0.034736829262521807 107.50000000000001 0.30094339622641514 -0.69079425541176442 1.3423310261760961 253053.00000000003 246575.00000000003 1.5512398951280202 0.77913279132791347
decision_type=2 2 2 1 2 2 2 8 2 2 2 10 10 2 10 2 2 8 2 2 2 2 2 8 8 2 2 2 2 10
left_child=1 2 3 -1 6 8 7 -5 11 -10 17 -6 -13 -7 -15 -9 -14 -8 25 -20 23 -22 24 -21 -23 26 27 -4 -28 -30
right_child=-2 -3 18 4 5 13 10 15 9 -11 -12 12 16 14 -16 -17 -18 -19 19 20 21 22 -24 -25 -26 -27 28 -29 29 -31
leaf_value=-0.11856693924497737 0.098944085637383508 0.10127102667283677 0.00048794945564078411 0.024271392156011946 -0.21761694163233702 0.068458746165311113 -0.16946259638435407 -0.021419818761381385 -0.17154146087681024 -0.92440396259081481 -0.24695671355853249 0.053579772869169387 -0.14677795506955058 -0.13639214168491018 0.038048191509723356 -0.13541554371664191 -0.034830622732537259 0.065797177669086965 0.042700755500383734 -0.16889794199912833 0.026621943508871284 -0.019574912327518141 0.15959501921454031 -0.032270648000496019 -0.18894135567432924 -0.010276854420296681 0.069858803113841017 -0.22283750047917567 0.020308200797798256 -0.1825763961512257
leaf_weight=333.26911697488686 659.56435618037358 170.86711048334837 4222.4269529984449 562.84370773422415 19.194853091437835 149.41362830906291 10.60892266232986 195.12948862212943 8.8584053893573564 1.9425018783658732 6.8860437176190308 85.672285203821957 56.218803555588238 40.779476021125447 59.03079380519921 62.372953321959358 248.78806736896513 413.74637799448101 868.67533467046451 43.842494596348843 650.88285477645695 30.62562064267695 11.371447577141224 114.12125412755995 35.152901124441996 2222.6757061273966 295.48490793380188 15.138032813352764 1024.4819251877489 14.526728554978034
leaf_count=126306 6255 1414 76405 8978 257 17044 117 4783 102 21 90 197 460 1833 774 3931 1462 1495 3410 1500 1277 163 18 2208 205 18822 1178 328 6941 257
internal_value=0.0085044 0.00352314 0.00210822 -0.0122679 0.00616896 -0.0192663 0.0197829 0.00126178 -0.0471128 -0.306941 0.0550155 -0.0402659 -0.0315523 0.0277368 -0.0332229 -0.0490322 -0.0554647 0.0599157 0.00550264 0.0216033 0.000918275 0.0163472 -0.0703371 -0.0701913 -0.110087 0.00187822 0.00672685 -0.000309846 0.0290712 0.0174716
internal_weight=12634.6 11975 11804.2 2254.76 1921.49 669.899 1251.59 820.346 420.675 10.8009 431.241 409.874 390.679 249.224 99.8103 257.502 305.007 424.355 9549.41 1754.67 885.997 728.033 77.15 157.964 65.7785 7794.73 5572.06 4237.56 1334.49 1039.01
internal_count=288231 281976 280562 167850 41544 22150 19394 17692 2499 123 1702 2376 2119 19651 2607 8714 1922 1612 112712 8781 5371 1663 386 3708 368 103931 85109 76733 8376 7198
cat_boundaries=0 1
cat_threshold=2
is_linear=0
shrinkage=0.1


Tree=52
num_leaves=31
num_cat=3
split_feature=2 12 9 15 16 27 33 38 7 36 8 38 36 28 39 27 38 39 32 17 34 30 32 35 8 9 30 30 30 27
split_gain=518.977 150.46 52.3768 46.8215 419.666 51.204 59.2984 50.4197 49.7617 47.7305 44.19 43.6073 67.3186 46.6495 59.5145 63.9929 55.9579 51.9561 68.1765 64.9796 62.4572 47.3506 44.4375 43.1304 42.2166 80.1451 53.5394 60.1567 60.0451 61.0265
threshold=1.0000000180025095e-35 1.0000000180025095e-35 23.500000000000004 0.99583333333333346 0.47809523809523818 5.817254174397033 0.87750000000000006 13.500000000000002 1.0000000180025095e-35 0 -1.0000000180025095e-35 14.500000000000002 1 8.4191201744556086 0.17729937798499204 3.4604989604989611 10.500000000000002 0.23492210627610674 3758344.5000000005 39.500000000000007 45.500000000000007 0.45972972972972981 4721764.0000000009 2 1.5000000000000002 41.500000000000007 0.54257246376811608 0.42705167173252284 0.27346041055718479 8.684962406015039
decision_type=2 2 2 2 2 10 10 2 2 1 2 2 1 10 2 10 2 2 2 2 2 10 2 1 2 2 10 10 10 10
left_child=1 2 -1 4 7 11 8 10 24 -10 -4 13 -13 14 16 17 -5 20 -19 23 -16 -15 -17 -20 25 26 27 28 29 -7
right_child=-2 -3 3 5 -6 6 -8 -9 9 -11 -12 12 -14 21 15 22 -18 18 19 -21 -22 -23 -24 -25 -26 -27 -28 -29 -30 -31
leaf_value=-0.10246873651004318 0.09864484095325099 0.10115903979409185 -0.037728530811480615 0.019539094120916922 -0.1431820103055412 -0.014769679037216977 -0.095414256526724819 -0.15067789118090635 -0.18708591535757113 0.097000102390415704 0.012077076490221883 0.15064999603501403 -0.098188026010139373 0.032612685809902876 -0.095155908439863837 -0.011064480356042228 -0.13286971417218391 -0.11533887591965011 0.082643234300565652 -0.13515984732008404 0.1134086871316593 0.13426670220628714 -0.097422229207933531 -0.038688260711154859 0.0032357678123216098 -0.12827332541316336 0.080909334064739394 -0.11366655299136524 0.0090443313863769054 -0.13954037391617991
leaf_weight=47.876678329805145 598.51963043631986 154.76942490041256 201.47984189618728 1941.371931082831 216.16200142460002 105.26692578499205 64.083792448829627 20.702190775831696 6.3804872930631973 80.928954859409714 1537.9747415993479 50.729040637001162 13.837287507485597 341.25698626012309 74.997072601312539 108.99188799207332 24.39295520723681 27.885431714414153 176.47762774070725 17.425652997539146 17.758031397301238 52.929361266433261 131.45179269419168 32.590474840195384 5726.2749796224234 64.443013291296666 57.240785318048438 62.023389841910102 441.8216472107888 62.460481063040788
leaf_count=114957 6255 1414 6094 4538 59293 1882 1381 3742 101 341 7605 2728 4891 1547 651 1000 685 406 1778 422 33 61 2843 747 31853 8051 504 3067 11386 7975
internal_value=0.00779051 0.00320628 0.00191134 0.00233996 -0.011687 0.00520288 0.00031649 0.00446173 0.00124504 0.0762394 0.00630813 0.0160248 0.0973212 0.014244 0.009301 -0.0186238 0.0176479 0.00884194 0.0322033 0.0503683 -0.0552261 0.0462623 -0.0582767 0.065832 0.000240718 -0.0213796 -0.0119279 -0.0198408 -0.0102937 -0.0612334
internal_weight=12460.5 11862 11707.2 11659.3 1976.32 9683.02 6670.92 1760.16 6606.84 87.3094 1739.45 3012.1 64.5663 2947.53 2553.34 587.578 1965.76 347.134 254.379 226.494 92.7551 394.186 240.444 209.068 6519.53 793.256 728.813 671.572 609.549 167.727
internal_count=288231 281976 280562 165605 76734 88871 66541 17441 65160 442 13699 22330 7619 14711 13103 7880 5223 4037 3353 2947 684 1608 3843 2525 64718 32865 24814 24310 21243 9857
cat_boundaries=0 1 2 3
cat_threshold=1 2 12
is_linear=0
shrinkage=0.1


Tree=53
num_leaves=31
num_cat=2
split_feature=2 12 9 32 4 9 0 1 11 39 24 20 19 11 31 16 32 34 28 38 34 39 0 16 39 23 33 11 27 29
split_gain=472.794 136.686 47.1327 44.7777 47.9808 56.7863 51.6684 82.4093 62.0463 68.5426 60.4341 79.6027 180.671 69.0204 63.3349 62.45 61.7796 60.9813 60.715 99.1375 61.5435 59.7 54.0721 52.5581 52.2688 51.3646 60.1707 63.9859 57.9037 81.0288
threshold=1.0000000180025095e-35 1.0000000180025095e-35 23.500000000000004 25423982.000000004 26.453578322043423 46.500000000000007 890684.00000000012 1.7933365140123279 1.0000000180025095e-35 0.017929277381949108 1.0000000180025095e-35 1.0000000180025095e-35 0 2.2633294854292729 38.500000000000007 0.07275132275132272 6552320.0000000009 67.500000000000014 10.890911796600276 1.5000000000000002 33.500000000000007 0.29486001482741969 -312164.49999999994 0.06781609195402305 0.054197143605075333 1 0.78647416413373872 -0.96786102125237972 29.849624060150379 0.12448347107438018
decision_type=2 2 2 2 2 2 2 2 10 2 2 2 1 8 2 2 2 2 10 2 2 2 2 2 2 1 10 8 10 10
left_child=1 2 -1 4 6 -6 10 -8 25 -10 11 12 13 -4 17 23 -15 -13 -17 -20 -21 -12 -16 -14 -11 28 27 -27 -9 -30
right_child=-2 -3 3 -5 5 -7 7 8 9 24 21 14 15 16 22 18 -18 -19 19 20 -22 -23 -24 -25 -26 26 -28 -29 29 -31
leaf_value=-0.10232970487201352 0.098317038505154122 0.1010562619695486 0.020014457010701175 -0.028726468818567354 0.023489571873652609 -0.1480451357736158 0.060019259342034927 0.014584747424889659 0.047337878002795673 -0.068669849696829877 0.045895941570252348 0.0022175852872888023 -0.14269971338240131 -0.033477485280603202 -0.18386461443713895 -0.10842964358095514 -0.25802712694375596 -0.049735018949948681 -1.258431185523869 0.014787955210888978 -0.12728205686054092 -0.095361617308774835 0.081856081881782852 0.45465250704967863 0.039011963280241146 -0.097707634019973774 0.097868578264917475 -0.013835423592298028 -0.0075518957380369209 -0.21878659845812032
leaf_weight=43.376516188509413 543.27958224387839 140.17636326700449 529.74124254600611 452.63485166076862 33.815533760920516 44.957243131691939 363.20264271111228 1139.8412118193373 629.61368477146607 104.21782372731832 413.80355003954901 6341.2733947651577 2.3283146010071496 50.54018130422628 8.1099320001085271 282.60506017861189 16.173238390503684 234.28156060691981 0.65424985252320667 109.39816127059748 42.273958091478562 32.251132003511884 137.46334165008739 4.0091528369230218 79.435623443045188 137.59895177013823 33.142828423646279 268.355342626528 61.489263728144579 25.770576923488989
leaf_count=114957 6255 1414 8305 10448 255 580 1479 7744 1829 509 1643 48549 130 534 547 50761 649 3095 9 12722 7750 1511 1433 10 306 2704 128 1098 452 425
internal_value=0.00711187 0.00289935 0.00171549 0.00210526 0.00335954 -0.0744088 0.00391405 0.0155326 0.00901603 0.0316586 -0.000111317 -0.0021691 -0.0279469 0.00794258 0.00181092 -0.0764579 -0.0879147 0.000366557 -0.0809991 -0.0301082 -0.0248097 0.0356826 0.0670527 0.235192 -0.0220942 -0.00203575 -0.0309814 -0.0422641 0.00850511 -0.0699362
internal_weight=12305.8 11762.5 11622.4 11579 11126.3 78.7728 11047.6 2842.67 2479.47 813.267 8204.91 7758.85 1037.72 596.455 6721.13 441.269 66.7134 6575.55 434.931 152.326 151.672 446.055 145.573 6.33747 183.653 1666.2 439.097 405.954 1227.1 87.2598
internal_count=288231 281976 280562 165605 155157 835 154322 16674 15195 2644 137648 134494 80870 9488 53624 71382 1183 51644 71242 20481 20472 3154 1980 140 815 12551 3930 3802 8621 877
cat_boundaries=0 1 2
cat_threshold=4 8
is_linear=0
shrinkage=0.1


Tree=54
num_leaves=31
num_cat=1
split_feature=2 12 0 4 32 33 9 39 32 11 39 32 4 35 4 11 29 0 8 27 32 8 27 1 28 28 29 33 9 6
split_gain=430.028 124.078 43.8386 115.391 73.4796 69.6802 56.5716 54.3411 50.3117 49.1337 47.671 42.585 45.0041 52.78 41.2325 68.0875 59.1046 50.2085 47.5789 50.3052 44.6516 58.2275 119.346 78.985 75.6905 59.7307 66.6239 60.3277 50.4535 48.4929
threshold=1.0000000180025095e-35 1.0000000180025095e-35 -466786.99999999994 0.10804626170054514 15750397.000000002 0.31857366771159884 79.500000000000014 0.13778591340165483 4964436.5000000009 1.0000000180025095e-35 0.023649553675079708 11706387.500000002 0.40369342229202798 0 13.47680427031535 2.0005789650905945 0.052177858439201454 1677991.5000000002 5.5000000000000009 8.3131127450980404 4389318.0000000009 6.5000000000000009 12.670289855072467 1.2051987737961221 10.195850757407872 12.136742521396945 0.098199935711989719 0.11215932914046123 61.500000000000007 1.0000000180025095e-35
decision_type=2 2 2 2 2 8 2 2 2 8 2 2 2 1 2 10 10 2 2 8 2 2 8 2 8 8 10 8 2 2
left_child=1 2 3 9 5 6 11 8 -7 -1 -11 12 13 -5 17 18 -17 20 19 -16 28 22 29 24 -24 26 -26 -27 -4 -22
right_child=-2 -3 14 4 -6 7 -8 -9 -10 10 -12 -13 -14 -15 15 16 -18 -19 -20 -21 21 -23 23 -25 25 27 -28 -29 -30 -31
leaf_value=-0.15102789497173497 0.097956425633065836 0.10096204305632282 0.023149256994130799 -0.10609132833446666 -0.1663733419270351 -0.30621633833724426 -0.25523553122354292 -0.10777244799016678 0.0091511444428952014 0.020543938363856155 -0.1562952603159472 0.12201715045574023 0.091512511741310809 0.025356420020769956 -0.026521583883652219 0.054360310048077724 -0.19110747250694404 0.024948475748232554 0.015293270493779957 -0.19702285752408855 -0.0052422168573794323 0.0056385026989399997 -0.11103980647952572 -0.11199721706501145 -0.13471861990322037 0.071123265992019791 0.08104587992581419 -0.091322142299693695 -0.066836916463555052 0.087682174070707247
leaf_weight=83.705498189883656 493.30021506291814 126.9491770491004 1282.6311948352813 28.999923753610346 25.666210647003027 5.238585450089885 6.4066211546305558 70.641934899249463 147.2791574367584 46.68713166534144 22.63436922460096 57.778978794172872 72.422431565733859 131.1940920719062 62.949157844035653 12.820018376980441 41.76693144744786 1052.6058529993461 199.53800592350308 23.864762889206759 2466.1309152014728 5098.0248841464345 81.281763510443852 170.57996680859651 16.638736446882831 30.838580955620273 102.29578634515929 88.377894003453548 65.488702567090513 57.467526913213078
leaf_count=8446 6255 1414 26633 1652 3953 219 178 14898 2397 204 1096 955 1387 5649 1341 48 661 9432 895 1452 88124 38382 20674 17652 4523 2022 5356 21209 725 399
internal_value=0.00650108 0.00263813 0.00155761 -0.0227225 -0.00120006 0.00695318 0.0386959 -0.0352645 -0.0016809 -0.099462 -0.0371964 0.0451805 0.0260952 -0.00347939 0.00312058 -0.031105 -0.133458 0.00423059 -0.0115935 -0.0733916 0.00192527 -0.000875569 -0.0118952 -0.0570565 -0.0277176 0.000720494 0.0508608 -0.0493012 0.0187779 -0.00312614
internal_weight=12172.2 11678.9 11552 698.655 545.628 519.962 296.802 223.16 152.518 153.027 69.3215 290.395 232.616 160.194 10853.3 340.939 54.5869 10512.4 286.352 86.8139 9459.76 8111.64 3013.61 490.013 319.433 238.151 118.935 119.216 1348.12 2523.6
internal_count=288231 281976 280562 41034 31288 27335 9821 17514 2616 9746 1300 9643 8688 7301 239528 4397 709 235131 3688 2793 225699 198341 159959 71436 53784 33110 9879 23231 27358 88523
cat_boundaries=0 1
cat_threshold=8
is_linear=0
shrinkage=0.1


Tree=55
num_leaves=31
num_cat=1
split_feature=2 12 15 16 38 27 33 8 29 25 34 7 16 39 11 8 39 34 9 29 36 15 31 27 0 11 15 30 34 16
split_gain=390.838 112.646 41.4131 375.158 42.8521 40.6442 48.9655 41.4816 56.3735 53.6185 46.3753 40.7796 40.0494 43.7998 83.4243 75.552 69.1949 55.9028 86.7823 55.4209 53.3974 53.6002 53.1191 56.34 52.3207 51.3999 57.9868 63.8466 51.3725 49.793
threshold=1.0000000180025095e-35 1.0000000180025095e-35 0.99583333333333346 0.47809523809523818 13.500000000000002 5.817254174397033 0.87750000000000006 3.5000000000000004 0.22540322580645164 1.0000000180025095e-35 92.500000000000014 1.0000000180025095e-35 0.31414473684210537 0.054197143605075333 -1.320608563561108 2.5000000000000004 0.17264651594151595 52.500000000000007 47.500000000000007 0.23606811145510839 0 1.0000000180025095e-35 14.500000000000002 27.728501228501234 407229.00000000006 -2.020078749966387 0.60594035594035611 0.47673160173160178 31.500000000000004 0.081666666666666651
decision_type=2 2 2 2 2 10 10 2 10 2 2 2 2 2 10 2 2 2 2 10 1 2 2 8 2 10 2 10 2 2
left_child=1 2 3 4 12 7 11 9 -9 -4 -11 -7 13 14 15 -1 17 18 19 24 21 -20 25 -24 -15 -18 27 -27 -17 -19
right_child=-2 -3 5 -5 -6 6 -8 8 -10 10 -12 -13 -14 16 -16 28 22 29 20 -21 -22 -23 23 -25 -26 26 -28 -29 -30 -31
leaf_value=-0.16718132720887852 0.09755839960661418 0.1008757489094476 -0.085777555352669344 -0.14118828702657932 -0.14546398807703195 -0.00031699633790552057 -0.087546579781913811 0.030288917237414472 -0.10827405336068417 0.0085185311619706584 -0.17778706685721626 0.069804880291628083 0.052976948378627403 -0.0023944668999239019 0.031563293680487929 0.022593481411274832 0.072148180556752928 0.094979368158456479 -0.19211776670562541 0.10819869460366663 -0.19415657821655102 0.023640756529998919 0.057583664543854343 -0.10354288341418112 -0.12568748148763617 -0.10612044457794041 0.15164927157382979 0.07074716578167968 -0.22809873114985391 -0.078279623411839777
leaf_weight=41.752423605343211 448.08784883073531 114.96164380759001 64.953217161368229 201.23728480740829 19.219686631113291 6448.7911761925498 63.656203860678943 1281.0995621543698 30.050396771519445 1565.7669292136998 13.475868768146027 84.015203600283712 156.15376178748556 93.209757156917476 642.63249428523704 78.159510273486376 39.678158205322688 44.632502203574404 18.348306466708891 26.87280825219932 66.345356195757631 30.912891576357652 217.48872007994214 24.10649198378087 54.569230127366609 113.50140080443816 12.371828344068488 24.884697446075734 9.129033260047434 26.397925155572011
leaf_count=1217 6255 1414 3174 102843 6452 103469 2151 4439 293 37181 813 712 1367 820 1074 141 4042 114 119 95 452 76 5147 1195 703 2020 35 166 54 198
internal_value=0.00591681 0.00237941 0.00139421 -0.0119197 0.00302748 0.00410055 -0.000265666 0.0138461 0.0271132 0.00326644 0.00692876 0.000584807 0.00468565 -0.000132811 0.0168296 -0.0565452 -0.0166324 -0.048928 -0.0683869 -0.0239004 -0.135595 -0.0567228 0.010375 0.0415064 -0.0479219 -0.0291195 -0.0557723 -0.074316 -0.00362505 0.030589
internal_weight=12056.5 11608.4 11493.4 1941.6 1740.37 9551.81 6596.46 2955.35 1311.15 1644.2 1579.24 6532.81 1721.15 1564.99 771.673 129.041 793.32 361.289 290.258 174.652 115.607 49.2612 432.031 241.595 147.779 190.436 150.758 138.386 87.2885 71.0304
internal_count=288231 281976 280562 128330 25487 152232 106332 45900 4732 41168 37994 104181 19035 17668 2486 1412 15182 2577 2265 1618 647 195 12605 6342 1523 6263 2221 2186 195 312
cat_boundaries=0 1
cat_threshold=2
is_linear=0
shrinkage=0.1


Tree=56
num_leaves=31
num_cat=2
split_feature=2 12 9 27 8 35 27 32 8 29 33 0 11 39 28 16 34 31 20 19 8 27 9 34 9 0 8 40 0 0
split_gain=354.744 102.23 39.565 36.6971 50.9819 104.905 84.1588 66.9725 70.1653 86.5985 60.6162 55.5176 53.8448 51.1155 57.4933 90.4602 58.9223 56.572 51.5348 68.6552 50.7807 59.623 79.1769 79.9083 76.4386 75.5008 75.3251 66.6642 63.1594 63.579
threshold=1.0000000180025095e-35 1.0000000180025095e-35 23.500000000000004 18.419413919413923 6.5000000000000009 0 13.568733153638815 24390925.500000004 28.500000000000004 0.053812741312741323 0.36417112299465243 -1352247.4999999998 -1.4057885745531939 0.034736829262521807 8.4772096763996458 0.18393234672304448 16.500000000000004 38.500000000000007 1.0000000180025095e-35 1 30.500000000000004 26.869932432432435 58.500000000000007 52.500000000000007 75.500000000000014 -487402.99999999994 3.5000000000000004 51.500000000000007 -109656.49999999999 134132.00000000003
decision_type=2 2 2 8 2 1 10 2 2 10 10 2 8 2 10 2 2 2 2 1 2 8 2 2 2 2 2 2 2 2
left_child=1 2 -1 4 5 6 10 8 12 -10 -4 -7 -6 18 17 -16 -17 -15 19 -14 21 24 26 28 25 -5 27 -23 -24 -30
right_child=-2 -3 3 20 7 11 -8 -9 9 -11 -12 -13 13 14 15 16 -18 -19 -20 -21 -22 22 23 -25 -26 -27 -28 -29 29 -31
leaf_value=-0.10234446838350982 0.097118047418237319 0.10079679941446412 -0.0037234088522878138 -0.16727630228388304 0.096295598733767765 -0.18505422765639662 -0.15925251854385414 -0.06892738080351532 0.045496852573222217 -0.095169753272911384 -0.11920291071521256 0.003732639761039048 -0.15323844487744562 -0.0097509711129600985 -0.1440857724667701 -0.087091815168842374 0.057203009683783605 0.11347760505451124 0.043273044433153746 0.011667990663567659 0.010987407827655074 -0.08670523196968119 0.033593656547426645 -0.15220451400589347 0.048605553815235347 -0.032001116491521285 0.036410202356565342 0.051075878795828693 -0.12392068421427882 -0.019575115519108153
leaf_weight=36.749702603105106 407.19449678948149 104.09893779456615 188.85934159198951 42.810062007119996 92.955475069087697 15.638830635289194 65.074459040326474 92.003086906508543 70.420980910595972 115.62144245855598 59.86246077126998 3946.930926183777 28.827572876645718 1071.416851868009 26.198381184134632 30.407032529969001 408.29457449176698 38.59657911414979 1046.044549304992 203.22361187715433 1182.8590945953038 105.19261062548321 175.49880217405735 46.806714678416029 114.6914733692538 1138.5228664957976 639.85356306409813 52.714474326130585 71.408294063527137 320.39346607528569
leaf_count=114957 6255 1414 6573 3540 402 1097 8614 1312 324 1510 9947 52409 1145 9340 234 476 2169 93 1804 494 7651 9704 2963 1149 627 24484 5384 7809 1812 2539
internal_value=0.00538596 0.0021469 0.00124827 0.00158248 0.00567045 -0.00148814 -0.0562151 0.0151657 0.0176359 -0.0419245 -0.0315171 0.00298005 0.0213973 0.018957 0.00689889 0.0364222 0.0472017 -0.00546616 0.0338153 -0.00881823 -0.00629808 -0.0138487 0.000368048 -0.0266228 -0.0293362 -0.0369033 0.0211453 -0.0407095 -0.0162613 -0.0385927
internal_weight=11939.2 11532 11427.9 11391.1 7500.38 4276.37 313.796 3224.01 3132.01 186.042 248.722 3962.57 2945.96 2853.01 1574.91 464.9 438.702 1110.01 1278.1 232.051 3890.75 2707.89 1411.87 614.107 1296.02 1181.33 797.761 157.907 567.301 391.802
internal_count=288231 281976 280562 165605 97943 78640 25134 19303 17991 1834 16520 53506 16157 15755 12312 2879 2645 9433 3443 1639 67662 60011 31360 8463 28651 28024 22897 17513 7314 4351
cat_boundaries=0 1 2
cat_threshold=1 2
is_linear=0
shrinkage=0.1


Tree=57
num_leaves=31
num_cat=1
split_feature=2 12 6 17 0 4 1 11 39 39 19 32 39 30 20 40 29 31 9 27 9 34 9 39 30 34 11 40 38 29
split_gain=321.471 92.7234 38.4728 44.7789 38.4408 81.6855 73.8933 72.7066 64.7313 71.4556 74.2106 65.0727 88.3036 73.559 70.9334 68.3687 60.5171 58.7856 55.9525 55.403 53.6473 68.7245 77.6773 56.9244 51.7618 51.7354 47.5055 43.3589 44.653 43.5045
threshold=1.0000000180025095e-35 1.0000000180025095e-35 1.0000000180025095e-35 29.500000000000004 630512.00000000012 5.4596698253668778 0.93332901965205362 0.055817028928802824 0.13252112875689073 0.076693608096733965 0 8579158.0000000019 0.023649553675079708 0.33480825958702071 1.0000000180025095e-35 18.500000000000004 0.12712842712842715 15.500000000000002 32.500000000000007 1.0227272727272729 50.500000000000007 61.500000000000007 60.500000000000007 0.096746896510908467 0.4690688775510205 57.500000000000007 -1.0851005408925143 93.500000000000014 3.5000000000000004 0.14504441327723239
decision_type=2 2 2 2 2 2 2 10 2 2 1 2 2 8 2 2 8 2 2 8 2 2 2 2 10 2 10 2 2 10
left_child=1 2 4 -4 5 -1 -6 8 9 11 -11 14 18 17 15 -8 -10 26 -13 -7 -9 23 -23 -22 -21 -17 -14 29 -29 -20
right_child=-2 -3 3 -5 6 19 7 20 16 10 -12 12 13 -15 -16 25 -18 -19 27 24 21 22 -24 -25 -26 -27 -28 28 -30 -31
leaf_value=-0.0025829174601215421 0.09663008884707365 0.1007246191671225 0.072296044344656071 -0.094708946890630696 0.070379029934955054 0.095798117363777621 0.023507303567724302 0.052050081514258231 0.068988767141451995 0.067146289563234832 -0.15850999284727399 -0.13562696824503659 -0.20084321740692956 -0.19574005581263682 0.01935534134532103 -0.122773854215751 -0.13242762181784148 -0.093591400026104485 0.008308867639075691 -0.14914529823551678 0.021078463701540963 -0.48479512930825508 -0.065112374921476618 -0.12897885162990091 0.062528669613278715 0.059681166078266061 0.091590419722456712 -0.90163340560147598 -0.12795386910078674 -0.063732433763957527
leaf_weight=7118.5344429692705 370.21373261883855 94.256685063242912 130.17320200621907 18.31391796641401 183.22869165171869 13.873463354713747 84.427991432181443 459.54549485024472 173.04521384774853 19.334444288877421 59.187860739555617 34.224340177985141 6.559687671790015 46.712681772653013 1064.0047713046224 99.699778407688427 16.324479803013674 98.206413106963737 633.45521024680784 79.569855194509728 764.42592281272664 5.005188767972867 37.095054251039983 26.145063078874955 13.514594629901692 18.410709479183424 36.271687123371521 0.78268584795296448 15.907377573988922 96.608672975940863
leaf_count=232557 6255 1414 705 351 1037 91 479 1208 3213 154 2167 5343 261 1452 5576 10860 1652 2780 2932 2728 2611 60 182 430 155 247 41 8 443 839
internal_value=0.00491671 0.00195052 0.00113043 0.0516982 0.000460263 -0.00388623 0.00835387 0.0053595 -0.00458499 -0.00918549 -0.102947 -0.00589177 -0.0254011 -0.0869779 0.00903017 -0.0452116 0.0516258 -0.0509552 -0.0105978 -0.0906279 0.024623 0.00948625 -0.115007 0.0161159 -0.118413 -0.0943333 0.0468038 -0.00486762 -0.164236 -0.00122429
internal_weight=11817.1 11446.8 11352.6 148.487 11204.1 7225.49 3978.61 3795.38 2503.16 2313.79 78.5223 2235.27 968.729 187.75 1266.54 202.538 189.37 141.038 780.978 106.958 1292.22 832.671 42.1002 790.571 93.0844 118.11 42.8314 746.754 16.6901 730.064
internal_count=288231 281976 280562 1056 279506 235531 43975 42938 38447 33582 2321 31261 14099 4534 17162 11586 4865 3082 9565 2974 4491 3283 242 3041 2883 11107 302 4222 451 3771
cat_boundaries=0 1
cat_threshold=1
is_linear=0
shrinkage=0.1


Tree=58
num_leaves=31
num_cat=4
split_feature=2 12 9 4 11 0 39 39 32 17 39 17 11 24 20 19 40 0 19 34 18 35 9 29 11 22 31 8 38 4
split_gain=290.917 84.0669 35.2519 32.9719 56.0953 47.2927 48.9374 92.0714 74.6378 59.894 56.2061 57.1405 50.1633 47.223 68.8609 160.43 63.3014 52.4259 52.7756 64.8759 50.3325 49.5911 49.488 44.7826 44.0842 41.5652 45.8458 45.8203 68.6965 38.9074
threshold=1.0000000180025095e-35 1.0000000180025095e-35 23.500000000000004 13.47680427031535 2.0005789650905945 1185975.5000000002 0.011831586556072084 0.045729203756284011 11706387.500000002 9.5000000000000018 0.034736829262521807 43.500000000000007 1.0000000180025095e-35 1.0000000180025095e-35 1.0000000180025095e-35 0 60.500000000000007 303570.50000000006 1 29.500000000000004 1.0000000180025095e-35 2 65.500000000000014 0.052177858439201454 -1.4057885745531939 3 25.500000000000004 -1.0000000180025095e-35 5.5000000000000009 2.1217135768267021
decision_type=2 2 2 2 10 2 2 2 2 2 2 2 10 2 2 1 2 2 1 2 2 1 2 10 10 1 2 2 2 2
left_child=1 2 -1 5 -5 13 12 10 9 -9 24 -12 25 14 15 -4 17 18 19 20 22 -19 -17 -6 -8 -7 -27 28 -28 -20
right_child=-2 -3 3 4 23 6 7 8 -10 -11 11 -13 -14 -15 -16 16 -18 21 29 -21 -22 -23 -24 -25 -26 26 27 -29 -30 -31
leaf_value=-0.10225333523042979 0.096088934629659131 0.10065869518987479 -0.11407200126878121 -0.011999053301392124 0.048622632483082316 0.062800999534160892 -0.14938713762493702 -0.20465543123432137 -0.16458928476771534 0.06576404394881627 -0.15717063192709727 0.1122508179567904 0.052671231681309938 0.029316674208351309 0.0011138364592619087 -0.11624937563942568 -0.067626166179761527 -0.030166455875186567 0.0049703022905587015 -0.18529061063690036 0.25740824923135425 0.04837856245285805 0.071302241412700557 -0.17538725065918284 0.013672260870913534 0.012028894718238552 -1.4703974298801794 -0.036468448858420301 -0.20123176721549074 -0.19176202819381583
leaf_weight=32.94786169676081 336.77684360137209 85.339995250105858 172.6666350567466 273.75117859179591 11.473026120584107 129.11769846518291 20.44505694025429 8.6037878262868599 17.326021425848012 170.48348694354354 71.576887151379196 8.8446190292452211 467.00690855109133 498.11226068825636 7525.6492648145941 40.077172621051432 156.22018105389725 104.46722391239018 293.16677285572223 39.475074059206236 5.8119136972818515 289.33588965263334 21.679212323739193 40.172957638700609 87.71105126850307 700.98084802377707 0.44357007369398971 78.303727916907519 11.068891303148119 10.409611107403178
leaf_count=114957 6255 1414 67023 2268 48 514 520 114 464 874 1056 16 1401 3885 62615 1975 6340 967 5465 1680 57 1691 207 661 315 4441 7 271 445 285
internal_value=0.00449293 0.00178051 0.00103292 0.0013353 -0.0300332 0.00226926 0.0172235 -0.0143193 0.0335985 0.0527724 -0.0642281 -0.12754 0.0259794 -0.000624417 -0.0023468 -0.0253269 -0.00937574 0.00193658 -0.023064 -0.0834381 -0.0239333 0.0280048 -0.0504105 -0.125624 -0.0171513 0.0124289 0.00336761 -0.0638554 -0.250132 -0.00177563
internal_weight=11709.4 11372.7 11287.3 11254.4 325.397 10929 1771.91 384.991 196.413 179.087 188.578 80.4215 1386.92 9157.07 8658.96 1133.31 960.643 804.423 410.62 107.043 67.5683 393.803 61.7564 51.646 108.156 919.915 790.797 89.8162 11.5125 303.576
internal_count=288231 281976 280562 165605 2977 162628 10438 3359 1452 988 1907 1072 7079 152190 148305 85690 18667 12327 9669 3919 2239 2658 2182 709 835 5678 5164 723 452 5750
cat_boundaries=0 1 2 3 4
cat_threshold=2 1 4 2
is_linear=0
shrinkage=0.1


Tree=59
num_leaves=31
num_cat=2
split_feature=2 12 6 17 8 9 11 5 25 39 32 29 11 32 29 21 19 39 34 27 9 27 29 32 31 39 29 0 34 0
split_gain=262.959 76.2091 33.023 39.7614 35.1955 75.3557 49.9782 42.651 44.4463 43.041 43.0689 42.4465 56.5754 65.2388 88.0784 70.8533 62.4258 59.0583 63.976 88.6521 60.4671 66.2087 58.7069 95.6588 57.1527 59.4912 54.1881 53.1365 86.7365 52.5068
threshold=1.0000000180025095e-35 1.0000000180025095e-35 1.0000000180025095e-35 34.500000000000007 1.5000000000000002 45.500000000000007 -1.2337346924803325 1.0000000180025095e-35 1.0000000180025095e-35 0.48141265712005821 2234237.0000000005 0.091750841750841763 -1.0851005408925143 10112500.500000002 0.071112515802781301 0 1 0.022055663637435555 15.500000000000002 1.0000000180025095e-35 48.500000000000007 13.267948717948721 0.071796759941089847 9069666.0000000019 11.500000000000002 0.042005861145353658 0.059411764705882358 428407.50000000006 38.500000000000007 259963.50000000003
decision_type=2 2 2 2 2 2 10 2 2 2 2 10 8 2 10 1 1 2 2 8 2 10 10 2 2 2 10 2 2 2
left_child=1 2 4 -4 5 7 -7 8 -1 10 -10 12 13 15 16 -6 -15 29 19 -19 21 22 23 26 -21 -26 -20 -22 -29 -14
right_child=-2 -3 3 -5 11 6 -8 -9 9 -11 -12 -13 17 14 -16 -17 -18 18 20 24 27 -23 -24 -25 25 -27 -28 28 -30 -31
leaf_value=-0.079364053743087803 0.095488702205764081 0.1005985338851275 0.058136623533997955 -0.24659606563565567 -0.10361107862677427 -0.13121577606822343 0.088568367514359772 0.079654145532263035 0.085267694857973961 -0.091437992139092497 -0.0062294680556881964 -0.0036011544047009842 -0.014366417120788523 -0.11021462762020554 0.063124938137204087 0.063712862351811755 0.049708198663214354 0.090892325087257142 0.0021571716308256771 0.010170786615163099 0.034747681128164357 -0.15670849608857298 0.034706423820672058 -0.18376891361353881 0.0071753036815555993 -0.078538180288077977 -0.11409372550000295 0.012765004045075743 -0.14481136013596349 0.031510363399680254
leaf_weight=86.524180556909414 306.54938039812259 77.262657858431339 138.4471040422286 4.4184270199257289 19.151691462713643 75.945863949888007 11.978186834981896 55.499966302435496 52.768356364576903 57.756379260361427 2052.3026767967385 4408.7502139839708 322.84253148676362 87.8556258129247 93.926040185178863 471.79551160497067 33.798800604155986 55.16892187850317 250.22826064730179 159.92853879350878 723.09611737562227 33.114350990392268 183.0454300220008 38.605885158118326 104.615114708693 358.35322289404576 47.748181731891236 149.43671534500027 45.588192911585793 1097.8076316911902
leaf_count=10591 6255 1414 914 142 677 12423 98 1257 1181 34065 148726 37093 1043 2473 1425 4105 468 204 1324 1330 6635 980 964 577 371 6695 612 676 416 3097
internal_value=0.00410251 0.00162287 0.000941342 0.0487121 0.000325254 -0.0104134 -0.101274 -0.00694732 -0.00908411 -0.00627255 -0.00393589 0.00328388 0.0103825 0.0362368 -0.00961971 0.0563729 -0.0657839 0.00526513 -0.00519326 -0.0306058 0.00652188 -0.0196095 -0.0108726 -0.0356601 -0.0413667 -0.0591698 -0.016471 0.0222539 -0.0240694 0.0210849
internal_weight=11604.3 11297.8 11220.5 142.866 11077.6 2392.78 87.9241 2304.85 2249.35 2162.83 2105.07 8684.86 4276.11 706.528 215.58 490.947 121.654 3569.58 2148.93 678.066 1470.86 552.742 519.628 336.582 622.897 462.968 297.976 918.121 195.025 1420.65
internal_count=288231 281976 280562 1056 279506 208341 12521 195820 194563 183972 149907 71165 34072 9148 4366 4782 2941 24924 20784 8600 12184 4457 3477 2513 8396 7066 1936 7727 1092 4140
cat_boundaries=0 1 2
cat_threshold=1 2
is_linear=0
shrinkage=0.1


Tree=60
num_leaves=31
num_cat=2
split_feature=2 12 15 16 33 8 32 40 39 38 27 9 30 35 23 29 29 0 0 4 11 0 11 39 34 9 0 30 0 11
split_gain=237.455 69.0903 32.0425 321.856 37.5534 34.681 45.3256 40.1532 32.3788 32.2295 30.3165 44.2491 74.2653 66.7721 53.7064 52.5962 60.8356 87.3574 56.4021 54.6774 53.135 51.8878 59.7371 51.8025 51.295 59.8941 58.6722 52.8381 99.74 71.2196
threshold=1.0000000180025095e-35 1.0000000180025095e-35 0.99583333333333346 0.47809523809523818 0.087977296181630568 60.500000000000007 14328008.500000002 25.500000000000004 0.01911732497500929 13.500000000000002 5.817254174397033 60.500000000000007 0.2958754208754209 0 1 0.20722186076772939 0.14017543859649126 388092.00000000006 1528258.0000000002 3.4080676142338002 -2.0504251479251177 597416.50000000012 -0.56697825006027025 0.1635089551718085 6.5000000000000009 53.500000000000007 -896397.99999999988 1.0000000180025095e-35 154210.00000000003 2.2633294854292729
decision_type=2 2 2 2 10 2 2 2 2 2 10 2 10 1 1 10 10 2 2 2 8 2 10 2 2 2 2 10 2 10
left_child=1 2 3 4 -1 10 7 -7 -9 -6 -4 12 24 -14 -15 16 21 19 -19 -18 -17 22 -16 -24 25 26 -12 28 -26 -30
right_child=-2 -3 5 -5 9 6 -8 8 -10 -11 11 -13 13 14 15 20 17 18 -20 -21 -22 -23 23 -25 27 -27 -28 -29 29 -31
leaf_value=-0.05242090573502476 0.094823233334279139 0.10054365954309495 0.012134359239205011 -0.14209745473393603 0.0075489195355375131 -0.39152760510442247 -0.49399751534687192 0.05886113796475087 -0.17630296312607285 -0.15230949079387446 0.11114682341156973 0.0090792219057566296 -0.080843550936808811 -0.078156677504419167 0.01728253043623626 -0.17883125178501347 -0.01532018285841838 -0.19490097692812949 -0.031267904218711937 0.19351941321505722 0.058377567761963227 0.03561859853194748 -0.0074574658154227483 -0.096884593204748695 0.1314960419878683 -0.0072926218906801156 -0.15320937153471503 -0.023597839192512446 -0.20399526321965511 0.10562009151220138
leaf_weight=117.34151428464247 279.22798651084304 69.946359809488058 2868.4541246029912 170.47290379118203 1544.4505220626452 3.3306729169562521 2.6860735090449444 16.89587459713221 8.959647318813948 12.715780560218262 9.2842557429830759 2843.8044329169352 78.052621042530518 59.889850708059384 487.88248423834011 9.7709744443854998 209.60559328978707 47.18755697052984 38.050347440934274 13.334190767986 281.50613204143883 594.51684260461479 173.31413638603408 103.43386749690399 59.603814903166494 71.529997375560924 87.716898581871646 1220.5964654190175 19.833198863678266 11.879351124167441
leaf_count=2286 6255 1414 45896 102843 17339 49 34 32 109 5862 226 14255 12758 1592 15516 2247 5548 1161 407 101 1294 3653 425 1002 1338 617 5613 37515 834 10
internal_value=0.00373104 0.0014673 0.000846666 -0.011194 0.0021326 0.00322994 -0.100905 -0.0647276 -0.0226297 0.00624352 0.00358724 -0.000231142 -0.00763314 0.00447502 0.0081344 0.0111566 0.00436426 -0.0357502 -0.121855 -0.00282933 0.0504203 0.01346 -0.00376886 -0.0408806 -0.0247802 -0.0767145 -0.127907 -0.0181086 0.0552638 -0.088015
internal_weight=11515.3 11236 11166.1 1844.98 1674.51 9321.12 31.8723 29.1862 25.8555 1557.17 9289.25 6420.79 3576.99 2096.54 2018.49 1958.6 1667.33 308.178 85.2379 222.94 291.277 1359.15 764.63 276.748 1480.44 168.531 97.0012 1311.91 91.3164 31.7125
internal_count=288231 281976 280562 128330 25487 152232 224 190 141 23201 152008 106112 91857 45704 32946 31354 27813 7217 1568 5649 3541 20596 16943 1427 46153 6456 5839 39697 2182 844
cat_boundaries=0 1 2
cat_threshold=1 1
is_linear=0
shrinkage=0.1


Tree=61
num_leaves=31
num_cat=1
split_feature=2 12 0 4 32 33 9 39 0 28 39 11 39 32 1 32 30 28 33 40 9 39 30 9 8 9 23 27 11 11
split_gain=214.224 62.6486 30.2938 93.1324 61.519 55.4043 47.985 46.6979 41.1063 44.5666 51.1016 40.2061 39.3741 39.2204 35.7408 47.0613 40.3971 34.6628 40.1704 34.2901 52.0134 39.355 32.5097 31.9528 30.3437 55.756 48.5823 73.9191 59.9673 45.3176
threshold=1.0000000180025095e-35 1.0000000180025095e-35 -466786.99999999994 0.10804626170054514 15750397.000000002 0.31857366771159884 79.500000000000014 0.13778591340165483 -617020.49999999988 12.028585452233687 0.045729203756284011 1.0000000180025095e-35 0.023649553675079708 4964436.5000000009 -0.75845095094907999 6743711.5000000009 0.41742424242424248 7.5265373401939462 0.41955396256471528 105.50000000000001 44.500000000000007 0.051637129707580227 0.54257246376811608 35.500000000000007 1.5000000000000002 45.500000000000007 0 1.0227272727272729 -0.72187214778354725 -1.2337346924803325
decision_type=2 2 2 2 2 8 2 2 2 10 2 8 2 2 2 2 10 10 10 2 2 2 10 2 2 2 1 10 8 10
left_child=1 2 3 11 5 6 8 13 14 10 -10 -1 -13 -7 15 -5 -16 23 -19 22 -21 -22 24 -15 25 26 -4 -28 -29 -27
right_child=-2 -3 19 4 -6 7 -8 -9 9 -11 -12 12 -14 17 16 -17 -18 18 -20 20 21 -23 -24 -25 -26 29 27 28 -30 -31
leaf_value=-0.14006549996600628 0.09408617974744303 0.10049364752685382 0.00053989126463829275 -0.17028850969657727 -0.16345068843759777 -0.27144708005595092 -0.24238725291600038 -0.10435473675124635 0.077476256303193922 -0.19677047585076224 -0.095721149524178151 0.018364212087451134 -0.14673845303731467 -0.20099797874610115 0.11441958974933469 0.047009451985963298 -0.19879325543964133 -0.24551558318045599 -0.015832854173876816 -0.19756016422548939 0.012680611409859922 -0.16398428183338332 0.039893498779122877 0.058498266441857398 0.0046474342683540662 -0.12777425733446676 0.066182676475469701 -0.1072736363019091 -0.0042112520297392956 0.085605142998011682
leaf_weight=77.505649918704876 254.53755478747189 63.31998011469841 1800.2321383628223 11.608819302295158 22.120318734305329 5.1903186290801377 6.0794575257314127 62.58981709118234 45.440359826141503 11.826943836043936 27.252024152548984 45.434676351163944 21.17709727268084 5.0151844423526191 110.30039660826878 70.459958501814981 4.2775486313112188 9.3478340054716664 41.068968839106674 20.551145377627108 68.16731686759158 15.471464520916923 228.9927456942969 88.11569645844429 7951.6281830738953 62.518265357142809 49.884425208889297 146.91244640727382 91.692968232018757 11.837800555833381
leaf_count=8446 6255 1414 132998 1194 3953 219 178 14898 253 716 2626 204 1096 845 2101 2058 695 321 813 5670 482 1286 4429 418 59377 10051 1677 22062 1412 84
internal_value=0.00337342 0.0013074 0.00074224 -0.0199559 -0.000264906 0.0069752 0.0355681 -0.0318895 0.0415782 -0.0167446 0.0125454 -0.0910993 -0.0341249 -0.00139575 0.0666455 0.0162722 0.102726 0.00836862 -0.0584186 0.00205929 -0.0550222 -0.0199988 0.00263426 0.0445242 0.00179073 -0.00871074 -0.00568154 -0.0430316 -0.0676681 -0.0938034
internal_weight=11430.6 11176 11112.7 664.811 520.694 498.573 287.246 211.328 281.166 84.5193 72.6924 144.117 66.6118 148.738 196.647 82.0688 114.578 143.548 50.4168 10447.9 104.19 83.6388 10343.7 93.1309 10114.7 2163.08 2088.72 288.49 238.605 74.3561
internal_count=288231 281976 280562 41034 31288 27335 9821 17514 9643 3595 2879 9746 1300 2616 6048 3252 2796 2397 1134 239528 7438 1768 232090 1263 227661 168284 158149 25151 23474 10135
cat_boundaries=0 1
cat_threshold=12
is_linear=0
shrinkage=0.1


Tree=62
num_leaves=31
num_cat=1
split_feature=2 12 38 27 8 9 27 32 33 11 39 28 17 30 30 27 1 34 23 11 38 0 28 11 8 0 32 32 8 11
split_gain=192.943 56.7814 29.6469 29.2815 49.2751 86.9174 85.557 53.4702 48.4111 47.3916 52.8555 53.2364 70.4518 49.189 57.8626 58.4898 48.5355 67.6189 47.3503 49.7301 46.2551 46.0633 45.1949 46.8751 44.0078 42.1026 41.3501 41.0226 40.1664 114.081
threshold=1.0000000180025095e-35 1.0000000180025095e-35 1.5000000000000002 18.419413919413923 6.5000000000000009 46.500000000000007 13.568733153638815 13473874.000000002 0.36417112299465243 -1.4057885745531939 0.034736829262521807 8.4191201744556086 9.5000000000000018 0.27525510204081638 0.22305140961857381 12.301515151515153 1.3423310261760961 46.500000000000007 0 2.2633294854292729 1.5000000000000002 -1120376.4999999998 2.9024654192864809 -0.43566207249326355 8.5000000000000018 630512.00000000012 5325959.0000000009 16382931.000000002 20.500000000000004 -0.56697825006027025
decision_type=2 2 2 10 2 2 8 2 10 8 2 8 2 8 10 10 2 2 1 10 2 2 10 8 2 2 2 2 2 8
left_child=1 3 -2 4 5 21 8 9 -7 -6 -11 16 -13 14 15 -14 17 25 26 -20 -19 -1 24 -24 -9 -12 -18 -10 29 -5
right_child=2 -3 -4 28 7 6 -8 22 27 10 11 12 13 -15 -16 -17 18 20 19 -21 -22 -23 23 -25 -26 -27 -28 -29 -30 -31
leaf_value=-0.13105761794248011 0.099710667571740713 0.10044810683682232 -0.10497449775874677 -0.0076796223107062833 0.090138991965839826 -0.00020200801191595197 -0.14873598022064818 0.13652494143103919 -0.14555091023158603 0.030748363017976312 0.014564928883898013 -0.12417880236997254 0.05325147532469237 0.052725111033554796 -0.18177617186515779 -0.15343151956425949 0.083965664453965694 0.066818674210761347 -0.04024325179413768 -0.14864235511845211 -0.17562474544823614 0.0020314018069119526 -0.18805751405318241 -0.032349145777223726 -0.052461667892758246 -0.32584594438721148 -0.077700624758400005 0.10954771911954971 0.0022992899368715759 -0.084810856545601845
leaf_weight=26.178024321918201 224.92235953407362 57.318946029990911 7.3061634190380564 1291.1949264546129 87.414387463446474 181.36826574047154 72.850658542309247 29.507929764775326 44.72735934141383 1250.3540190224812 660.80352622477221 28.567990217852639 67.1519021995191 409.76644275434955 19.068199046436348 17.19894260050205 50.197980590965017 10.38537986204028 207.1530938725482 53.188888378193951 32.482276539085433 3952.8677986246876 21.289578584270203 210.46286880927801 21.155530812684447 3.6533937310159663 23.102413584922033 7.3380864504870251 2064.8294863992196 225.20220695145326
leaf_count=5388 6226 1414 29 68194 352 2677 4485 65 3856 3650 6236 316 417 2669 342 388 131 16 1209 849 609 155272 537 2150 201 37 202 32 15295 4987
internal_value=0.00305767 0.00117481 0.093271 0.000660762 0.00421756 -0.00279543 -0.0541274 0.0136006 -0.0246017 0.0176185 0.0153809 0.00324058 0.0286632 0.0371716 -0.0244546 0.0111093 -0.00999018 0.00483987 -0.04143 -0.0600818 -0.116889 0.00115581 -0.027949 -0.0466531 0.0576098 0.0126932 0.0290495 -0.109597 -0.0067764 -0.0191345
internal_weight=11359 11126.8 232.229 11069.5 7488.23 4285.33 306.284 3202.9 233.434 2920.49 2833.07 1582.72 541.753 513.185 103.419 84.3508 1040.97 707.325 333.642 260.342 42.8677 3979.05 282.416 231.752 50.6635 664.457 73.3004 52.0654 3581.23 1516.4
internal_count=288231 281976 6255 280562 192086 171710 11050 20376 6565 17423 17071 13421 4132 3816 1147 805 9289 6898 2391 2058 625 160660 2953 2687 266 6273 333 3888 88476 73181
cat_boundaries=0 1
cat_threshold=4
is_linear=0
shrinkage=0.1


Tree=63
num_leaves=31
num_cat=0
split_feature=2 12 9 4 8 0 1 16 32 0 34 40 33 32 8 27 15 0 11 38 27 30 17 30 39 32 39 8 34 17
split_gain=174.504 51.4444 28.9689 28.5623 48.8956 37.5115 35.5501 54.7007 51.534 47.7462 35.8704 39.7391 36.4052 43.1416 55.6194 59.3235 36.6718 35.2181 43.3361 55.6413 42.7331 41.4553 42.9043 49.1723 41.1239 69.0787 61.6657 49.4911 40.4641 38.2791
threshold=1.0000000180025095e-35 1.0000000180025095e-35 23.500000000000004 13.47680427031535 34.500000000000007 1677991.5000000002 2.8092855982734464 0.14907407407407405 31235931.500000004 890684.00000000012 80.500000000000014 5.5000000000000009 0.6239754098360657 4487288.0000000009 1.0000000180025095e-35 2.8100961538461542 0.47601010101010105 613337.50000000012 -0.72187214778354725 1.5000000000000002 1.0227272727272729 0.45738498789346255 14.500000000000002 0.29805897723030988 0.055767873860410384 6129372.0000000009 0.042005861145353658 -1.0000000180025095e-35 32.500000000000007 44.500000000000007
decision_type=2 2 2 2 2 2 2 2 2 2 2 2 10 2 2 10 2 2 8 2 10 10 2 8 2 2 2 2 2 2
left_child=1 2 -1 5 -5 6 9 -8 17 10 11 -4 -13 -14 -15 16 -16 18 19 -9 -21 22 -20 -24 25 28 27 -27 -19 -29
right_child=-2 -3 3 4 -6 -7 7 8 -10 -11 -12 12 13 14 15 -17 -18 24 21 20 -22 -23 23 -25 -26 26 -28 29 -30 -31
leaf_value=-0.10223534856216812 0.092834955704491767 0.10040664467452132 0.096002968110536671 -0.016372628864453145 -0.15363555521752459 0.020570083491030573 -0.091915640582613117 -1.0169071853980429 -0.25678066378996428 0.029105168695824551 -0.043397766839078596 0.0030441324221186302 0.033082856542288201 -0.12731240812528671 0.17753190703344418 -0.038395054482607174 0.017513891682334512 0.048678972092580042 0.052595620688312798 0.14557172617995098 -0.162198661405976 0.097139071032564639 -0.029751503463962256 -0.16291009719694582 0.026899103604736914 -0.13019746226652951 -0.12928204911946733 -0.018762554165708326 -0.041321277229691061 0.12200261333088501
leaf_weight=27.326807056342659 211.1616414807504 51.884655760601163 44.155322560283821 289.93377630998293 28.502765475619526 961.95413158159499 84.907418315517134 0.70702207088470359 8.3747427255075291 624.58830943249632 183.03044092772325 6634.1529035667372 116.51409646658431 57.147954567673878 19.303914432413876 390.81598825454057 55.490314680137089 216.81142955317773 38.218270939112699 5.1908186602668129 34.467085830819997 24.752869742653274 98.575012321078248 38.588026904712024 366.16441132333421 38.912964519626257 58.841490246224566 485.77249072358973 64.911703040052089 20.118463567894651
leaf_count=114957 6255 1414 137 2538 439 5536 896 8 344 3598 3877 115153 1326 10136 28 7309 298 978 211 17 2185 97 971 792 3327 1703 888 2122 672 19
internal_value=0.00278317 0.00106544 0.000597644 0.000853318 -0.0286588 0.00173388 -0.000132096 -0.0138301 -0.00941132 0.00254054 0.000328461 0.00142216 0.000847981 -0.0219429 -0.0342073 -0.0227798 0.0588135 -0.00802284 -0.0430704 -0.137591 -0.121915 -0.0240066 -0.0411048 -0.067213 -0.00128796 -0.0129454 -0.0320277 -0.0215237 0.0279421 -0.0131646
internal_weight=11281.3 11070.1 11018.2 10990.9 318.437 10672.5 9710.51 1585.31 1500.41 8125.2 7500.61 7317.58 7273.43 639.272 522.758 465.61 74.7942 1492.03 240.499 40.3649 39.6579 200.134 175.381 137.163 1251.53 885.369 603.645 544.804 281.723 505.891
internal_count=288231 281976 280562 165605 2977 162628 157092 15230 14334 141862 138264 134387 134250 19097 17771 7635 326 13990 4281 2210 2202 2071 1974 1763 9709 6382 4732 3844 1650 2141
is_linear=0
shrinkage=0.1


Tree=64
num_leaves=31
num_cat=2
split_feature=2 12 38 6 5 38 19 5 0 4 32 4 17 39 0 11 39 33 33 11 36 11 0 11 0 17 39 9 30 32
split_gain=156.724 46.5999 29.0616 28.9059 35.8876 76.4319 32.2098 30.0124 34.858 127.678 59.211 58.4153 94.2649 85.0235 83.713 61.8882 58.4866 58.0422 60.2385 56.8288 61.1578 55.2947 52.8752 83.3621 52.2263 71.6375 70.2843 66.0699 61.9914 55.433
threshold=1.0000000180025095e-35 1.0000000180025095e-35 1.5000000000000002 1.0000000180025095e-35 1.0000000180025095e-35 1.5000000000000002 0 1.0000000180025095e-35 175819.00000000003 1.4571289015627806 7516677.0000000009 1.1002336198476952 32.500000000000007 0.13778591340165483 95233.000000000015 1.1263299856527016 0.0035661779813956356 0.84807692307692317 0.084219858156028379 -0.6622241006420494 1 -1.0244575668986442 24661.500000000004 -0.81460594132666342 1460743.5000000002 9.5000000000000018 0.0049106210412997462 34.500000000000007 0.62828947368421062 8031712.5000000009
decision_type=2 2 2 2 2 2 1 2 2 2 2 2 2 2 2 8 2 10 8 10 1 8 2 8 2 2 2 2 10 2
left_child=1 3 -2 7 -5 -6 -7 8 11 -10 -11 22 14 -14 17 19 -16 18 -13 -15 -21 -18 -1 -24 25 26 -12 28 -27 -29
right_child=2 -3 -4 4 5 6 -8 -9 9 10 24 12 13 15 16 -17 21 -19 -20 20 -22 -23 23 -25 -26 27 -28 29 -30 -31
leaf_value=-0.0043937572777484005 0.099589370929940746 0.10036892391459754 -0.10341314750430051 0.091064688640887986 0.080173839685444545 -0.24615955319332633 -0.0094294011580405759 0.040206356103217322 0.060728542405941936 0.011224505678454018 0.012493327209656631 0.022861403384394619 -0.1594255486707305 -0.02956241666005939 -0.17860608227768793 -0.12365508993909168 -0.10393515272775476 0.083709401919004472 -0.12682325072984535 -0.13896191775835759 0.13860950034241951 0.0030878263549789474 -0.15286313851025277 0.091766423957666765 0.010106940366616628 -0.12537432760841546 -0.11972497830935563 -0.059577972052176346 0.13853896719791678 -0.0027677979901264398
leaf_weight=3197.6586922711213 185.62949539162219 46.96392504312098 7.3305637538433066 77.474353128578514 35.892922388389707 14.251256855051906 9.632155907638662 182.24106577653583 372.21417351297714 2768.6683125031923 59.494077965049655 30.976712591080286 20.327570202229253 35.873233297497791 22.304120435270306 16.810589347864152 56.299181962123839 17.113468703159015 203.56893235535244 8.6411076081276406 97.533347186195897 338.74608983690996 15.915171508691854 111.67682665977918 1036.7894307076567 79.488507759928325 124.00172137038317 189.34298682545341 10.022623044984355 1849.3269085298271
leaf_count=143542 6226 1414 29 420 76 459 101 1796 4120 42227 296 805 754 5216 438 1116 9362 277 10810 229 485 3743 2220 735 9309 20510 3304 1734 97 16381
internal_value=0.00253267 0.000969561 0.0918773 0.000544496 0.0461487 -0.0120656 -0.150687 -3.26536e-05 -0.000720391 0.00386485 0.000404822 -0.00785005 -0.0312751 0.0331405 -0.048528 0.0577814 -0.0210594 -0.0940818 -0.107054 0.0792534 0.116019 -0.0121644 -0.00187487 0.0612526 -0.0085414 -0.0169052 -0.0768564 -0.0117361 -0.0958238 -0.00804409
internal_weight=11222.2 11029.2 192.96 10982.3 137.251 59.7763 23.8834 10845 10662.8 6489.35 6117.13 4173.45 848.194 179.186 669.009 158.858 417.349 251.659 234.546 142.048 106.174 395.045 3325.25 127.592 3348.47 2311.68 183.496 2128.18 89.5111 2038.67
internal_count=288231 281976 6255 280562 1056 636 560 279506 277710 97978 93858 179732 33235 7800 25435 7046 13543 11892 11615 5930 714 13105 146497 2955 51631 42322 3600 38722 20607 18115
cat_boundaries=0 1 2
cat_threshold=2 2
is_linear=0
shrinkage=0.1


Tree=65
num_leaves=31
num_cat=4
split_feature=2 12 24 20 19 40 31 0 35 9 27 19 34 11 29 31 9 4 11 33 19 39 38 33 4 15 27 0 27 4
split_gain=141.533 42.2109 26.8482 76.1917 246.633 57.0602 51.8178 49.8059 46.971 45.7376 44.6747 44.6355 55.4 41.1556 40.2512 38.3792 37.7025 36.0586 35.9771 52.0315 35.9694 35.666 70.6888 35.2479 35.5964 34.9214 33.9878 45.5588 33.4009 32.2576
threshold=1.0000000180025095e-35 1.0000000180025095e-35 1.0000000180025095e-35 1.0000000180025095e-35 0 60.500000000000007 28.500000000000004 303570.50000000006 1 62.500000000000007 -1.0000000180025095e-35 2 29.500000000000004 -0.63059400856473569 0.13221420643729193 11.500000000000002 95.500000000000014 26.453578322043423 0.055817028928802824 0.17445652173913045 3 0.042005861145353658 4.5000000000000009 0.60749299719887961 2.1217135768267021 0.99583333333333346 19.713636363636365 -338538.49999999994 2.3405797101449282 0.99429833694012848
decision_type=2 2 2 2 1 2 2 2 1 2 8 1 2 10 10 2 2 2 10 10 1 2 2 10 2 2 10 2 8 2
left_child=1 2 3 4 -1 7 9 11 15 10 -7 12 13 -6 -15 -9 18 -5 19 29 -8 22 -12 24 25 -13 28 -28 -27 -4
right_child=-2 -3 16 17 5 6 20 8 -10 -11 21 23 -14 14 -16 -17 -18 -19 -20 -21 -22 -23 -24 -25 -26 26 27 -29 -30 -31
leaf_value=-0.11948245776170728 0.091365309148029664 0.10033461772808867 -0.012286659870096306 0.0032073060100527226 -0.15167787332771754 0.10083549668561098 0.031345574314629032 -0.18593415409211633 0.04157503656428424 -0.027015459183833881 -0.59513886246365277 -0.13795975727250628 -0.17803450004161558 0.059903899726694868 -0.21805626563183456 -0.0076330089956718325 -0.24515876880768875 -0.082016947505954341 0.055095030352993402 0.023673046058675304 -0.20171147270660425 -0.10944940403691823 -0.18104342871505213 -0.16045051650181374 -0.1968127463513305 -0.18627141394274577 0.047626156172808187 -0.13208944718714624 0.046704447555694466 -0.14734251212417504
leaf_weight=220.24075788957816 175.62191717652604 42.508507227525115 39.901736180741864 8901.3954700106406 18.229862801279523 6.5338363829505397 73.762359576961899 13.101743246756085 419.20181063446216 58.247399352076172 5.15272403135896 14.731901170889612 36.16621301871055 41.561650300311157 5.9563259928327161 153.63624629251717 5.2510201651602975 49.924192951802979 225.04560319732991 270.8954640234515 7.2754727360224924 35.675386685652484 20.616288167482708 13.388756752319749 8.429453785189251 6.352388501116371 26.463841779208451 30.207029191231413 196.73436700658203 31.762701187784842
leaf_count=126306 6255 1414 909 112254 3614 64 1700 518 3801 762 38 3448 2903 279 149 1677 46 458 652 4487 627 7194 1431 1373 411 274 371 974 2845 997
internal_value=0.00230315 0.000878411 0.000491817 -0.000673146 -0.0222649 -0.00429382 -0.0519814 0.00574914 0.0242948 -0.0920448 -0.147765 -0.0215388 -0.0786252 -0.0239426 0.0250619 -0.0204187 0.021566 0.00273198 0.0240335 0.00362759 0.010422 -0.174201 -0.263845 -0.00190418 0.00559881 0.0118148 0.0203091 -0.0481669 0.0394172 -0.0721453
internal_weight=11154 10978.4 10935.8 10363 1411.67 1191.43 207.263 984.162 585.94 126.226 67.9782 398.222 101.914 65.7478 47.518 166.738 572.857 8951.32 567.606 342.56 81.0378 61.4444 25.769 296.308 282.919 274.49 259.758 56.6709 203.087 71.6644
internal_count=288231 281976 280562 273471 160759 34453 11816 22637 5996 9489 8727 16641 6945 4042 428 2195 7091 112712 7045 6393 2327 8663 1469 9696 8323 7912 4464 1345 3119 1906
cat_boundaries=0 1 2 3 4
cat_threshold=2 4 1 4
is_linear=0
shrinkage=0.1


Tree=66
num_leaves=31
num_cat=1
split_feature=2 12 38 6 17 5 34 17 8 29 27 30 20 28 34 32 17 38 1 17 27 36 31 38 31 34 29 4 30 11
split_gain=126.801 38.2376 28.4462 25.6508 32.497 25.098 33.6368 54.5495 29.7945 47.2348 74.4196 57.8515 48.2479 55.0421 74.6159 46.7463 47.3753 88.5533 76.8078 62.7477 93.7419 136.565 62.4021 58.4894 59.693 52.59 62.8194 52.5989 49.6342 46.3666
threshold=1.0000000180025095e-35 1.0000000180025095e-35 1.5000000000000002 1.0000000180025095e-35 29.500000000000004 1.0000000180025095e-35 43.500000000000007 18.500000000000004 1.5000000000000002 0.16035714285714289 11.535897435897438 0.45972972972972981 1.0000000180025095e-35 6.7087290402782225 5.5000000000000009 2234237.0000000005 9.5000000000000018 1.5000000000000002 -0.60390954107788908 22.500000000000004 4.6526175687666376 0 14.500000000000002 5.5000000000000009 38.500000000000007 55.500000000000007 0.097800095648015326 5.2914850624740675 0.1012820512820513 -2.2000463727617441
decision_type=2 2 2 2 2 2 2 2 2 10 10 10 2 10 2 2 2 2 2 2 10 1 2 2 2 2 10 2 8 10
left_child=1 3 -2 5 -5 8 -7 -8 9 10 11 15 -11 14 -14 -1 17 -17 -19 20 23 22 -22 24 28 26 27 -21 -18 -28
right_child=2 -3 -4 4 -6 6 7 -9 -10 12 -12 -13 13 -15 -16 16 19 18 -20 25 21 -23 -24 -25 -26 -27 29 -29 -30 -31
leaf_value=0.079767792278266358 0.099454052986747782 0.10030344066091788 -0.10186681389409338 0.064214387654377855 -0.081988207806128824 0.056694615869946369 0.030604706070127132 -0.26041303553887057 0.0020401597513175652 -0.07283068752882213 -0.084256249934088867 0.050979293635880586 0.047277347805654742 0.048022940063879652 -0.16013128172189531 -0.90900643440198781 -0.093366963034829956 0.05251796838267786 -0.12677155411717023 -0.037262223987125087 0.082096357140232265 -0.11024326720489358 -0.10617375369657561 0.08101407313277989 -0.39953664584818482 -0.16108158941573736 0.12648984176567984 -0.1385419781706981 0.029261912159094162 -0.0042447822879855815
leaf_weight=47.967363764902984 153.42975290014874 38.474636811763048 7.354998141527175 112.84914840832062 17.570212972623267 148.22205682029744 20.900721577621884 9.310071623316615 8313.0309653048753 51.157083850848721 155.20321094531027 134.67816123522061 36.948357561363082 319.59685419580637 32.692264299752424 1.2809328921139229 38.86066874761309 34.16377036668564 79.490698883353616 416.39185523451306 82.586077267522342 134.47324210696752 22.37466881184082 166.19219223870459 3.5948410183191291 32.223212710170628 32.762701338182524 58.479741747993103 219.08707231151493 157.74698605507001
leaf_count=1032 6226 1414 29 705 351 1420 115 261 70694 20148 64382 4743 1404 9805 2568 14 372 1406 5764 39827 2316 13189 3172 13868 44 4728 10604 3322 1125 3183
internal_value=0.00208607 0.000787826 0.0902448 0.000435907 0.0445178 -9.89259e-05 0.0370929 -0.0590783 -0.000726705 -0.0109134 -0.0180329 -0.0118501 0.0184697 0.0304692 -0.0500891 -0.017389 -0.0205385 -0.0821968 -0.0728783 -0.0153459 0.00657987 -0.0435208 0.0419625 0.0346248 0.00514766 -0.0363151 -0.0302729 -0.0497347 0.0107875 0.0182382
internal_weight=11079.1 10918.3 160.785 10879.8 130.419 10749.4 178.433 30.2108 10571 2257.95 1817.56 1662.35 440.395 389.237 69.6406 1527.68 1479.71 114.935 113.654 1364.77 667.169 239.434 104.961 427.735 261.543 697.604 665.381 474.872 257.948 190.51
internal_count=288231 281976 6255 280562 1056 279506 1796 376 277710 207016 173091 108709 33925 13777 3972 103966 102934 7184 7170 95750 34086 18677 5488 15409 1541 61664 56936 43149 1497 13787
cat_boundaries=0 1
cat_threshold=2
is_linear=0
shrinkage=0.1


Tree=67
num_leaves=31
num_cat=1
split_feature=2 12 38 9 32 9 27 30 11 0 29 11 0 9 19 0 31 11 11 8 0 8 31 8 11 0 39 31 31 30
split_gain=114.32 34.6264 25.4564 23.9603 22.9497 40.2923 72.0604 61.7906 94.1633 58.5044 57.1041 42.3124 41.523 37.5854 48.3127 36.1543 35.2607 45.9643 36.1702 47.4175 44.9115 35.06 34.3742 55.0238 47.2639 33.4988 31.048 28.6226 28.4796 27.7121
threshold=1.0000000180025095e-35 1.0000000180025095e-35 1.5000000000000002 23.500000000000004 25423982.000000004 44.500000000000007 22.465476190476192 0.13100686498855837 0.16225657108394378 -93994.999999999985 0.13819628647214857 1.2695803988760279 16322.000000000002 64.500000000000014 0 722538.50000000012 38.500000000000007 2.0005789650905945 -1.6963475551639109 32.500000000000007 186692.00000000003 52.500000000000007 31.500000000000004 25.500000000000004 -0.29424131335246267 524187.00000000006 0.023649553675079708 49.500000000000007 48.500000000000007 0.078461538461538485
decision_type=2 2 2 2 2 2 10 8 10 2 10 10 2 2 1 2 2 10 10 2 2 2 2 2 8 2 2 2 2 10
left_child=1 3 -2 -1 16 6 9 -7 -9 -6 21 -12 26 -13 -15 -14 22 18 -18 20 -20 28 29 24 -24 -19 -11 -16 -10 -5
right_child=2 -3 -4 4 5 7 -8 8 10 12 11 13 15 14 27 -17 17 25 19 -21 -22 -23 23 -25 -26 -27 -28 -29 -30 -31
leaf_value=-0.10217326458859476 0.099376021389346092 0.10027511000716492 -0.088925178281871506 -0.01212735989690557 -0.20813604767816407 0.011142901849239363 0.15470894550527797 -0.2115237881676206 -0.68378647648534951 0.13528503225717758 0.046475837509997155 0.0084981872903379559 -0.18405259678355737 -0.84612090543698837 -0.51305410073356472 0.0036933085810985319 0.10769022038413301 -0.09296831707651361 -0.10555334856283334 0.13455188937557791 0.028504844640388188 0.096999076269776607 -0.16681305055807241 0.023407011089245294 -0.033096504383247294 -0.67094218262376115 -0.15582045153752982 -0.092207609446204444 -0.16180240236689 0.003505209006042378
leaf_weight=22.72668637897732 138.93260122695938 34.822626465931535 7.5706656612455836 1304.7374539161592 13.894015607540494 124.15863110934151 31.838410029246006 42.040145733692043 1.0798996186931606 29.895244436120265 65.603794061811641 13.772567703548704 13.325750859705293 1.1618998500780435 1.9707273744570528 44.539476909405494 67.465523044771544 3.303647615684894 33.207462544582086 29.91874854179332 100.99113280740858 5.3517944073537356 44.445548787582084 76.043702858645702 65.227670345928345 1.439854563832341 4.175537224757135 8.9802085246155894 32.575027613907878 8665.1172836920723
leaf_count=114957 6226 1414 29 24857 1745 1955 978 1554 27 42 281 80 1682 23 30 754 2009 68 849 85 369 32 2827 357 555 27 446 204 615 123154
internal_value=0.00189802 0.000716887 0.0896454 0.000397329 0.000612647 -0.0219074 0.0228044 -0.0426541 -0.0813669 -0.0168784 -0.0394359 0.00375773 0.0120258 -0.104507 -0.232996 -0.0395426 0.00155395 0.039739 0.0460508 0.020712 -0.00466788 -0.140745 0.000665357 -0.0419614 -0.0872857 -0.268408 0.0996087 -0.167943 -0.178552 0.0014594
internal_weight=11030.3 10883.8 146.503 10849 10826.3 434.363 137.668 296.695 172.536 105.83 130.496 91.4892 91.936 25.8854 12.1128 57.8652 10391.9 236.326 231.583 164.117 134.199 39.0067 10155.6 185.717 109.673 4.7435 34.0708 10.9509 33.6549 9969.85
internal_count=288231 281976 6255 280562 165605 10448 5647 4801 2846 4669 1292 618 2924 337 257 2436 155157 3407 3312 1303 1218 674 151750 3739 3382 95 488 234 642 148011
cat_boundaries=0 1
cat_threshold=1
is_linear=0
shrinkage=0.1


Tree=68
num_leaves=31
num_cat=4
split_feature=2 12 38 24 20 19 40 31 17 0 4 35 19 34 11 32 17 29 33 15 1 9 32 38 31 36 28 34 11 17
split_gain=102.981 31.3578 22.9679 22.7541 61.1319 225.741 46.6137 44.0419 41.6022 41.2724 39.4497 37.2888 35.7175 48.6433 36.6153 34.6374 60.2876 33.994 32.5012 30.7745 30.7323 30.0913 29.1311 47.4746 63.6099 58.1478 49.1904 51.5948 46.6837 61.7365
threshold=1.0000000180025095e-35 1.0000000180025095e-35 1.5000000000000002 1.0000000180025095e-35 1.0000000180025095e-35 0 60.500000000000007 28.500000000000004 41.500000000000007 303570.50000000006 2.1217135768267021 1 2 29.500000000000004 -0.63059400856473569 9499860.0000000019 29.500000000000004 0.1306379520520114 0.60749299719887961 0.99583333333333346 6.5101318244299407 95.500000000000014 10372043.500000002 7.5000000000000009 21.500000000000004 3 4.0226286115767715 12.500000000000002 -0.75360937138197526 19.500000000000004
decision_type=2 2 2 2 2 1 2 2 2 2 2 1 1 2 10 2 2 8 10 2 2 2 2 2 2 1 8 2 8 2
left_child=1 3 -2 4 5 -1 9 8 -8 10 12 15 13 14 -7 16 -11 -16 19 -14 -17 -5 -6 25 -25 28 -27 -28 29 -24
right_child=2 -3 -4 21 22 6 7 -9 -10 11 -12 -13 18 -15 17 20 -18 -19 -20 -21 -22 -23 23 24 -26 26 27 -29 -30 -31
leaf_value=-0.1192064205453429 0.099291898653191935 0.10024938107380472 -0.077834542493435493 0.022242158806352642 0.005777674090272915 -0.14681321113146362 -0.10646617553823495 0.011393318836608289 0.068099784033542263 -0.022307065496485229 -0.18220135715270286 0.038034687156864949 -0.13691878196606364 -0.1705285757085743 0.060508163789061223 0.047782148577512305 -0.23630634590016453 -0.22388881602835881 -0.16089493784863684 0.018903069536961047 -0.17682001288829319 -0.21587561667461813 0.0026951164986911027 -0.094544723113043988 0.025690155955355849 0.017373085231711074 -0.10640351808060762 -0.031171372241275298 0.01908259498141239 -0.14038452394716791
leaf_weight=197.81611837492346 125.81266220932594 31.516491690650582 7.7730383276939383 555.62055194810091 6505.7174248596275 15.76652731539434 108.21731528185774 78.248751794162672 15.622924239971324 70.807462473560008 14.408756990243999 411.10637687494454 13.336878228197746 30.668137769262103 39.845611555647338 73.259684341363027 16.170955500827404 4.698529675952158 11.446226831758393 255.24633797828574 6.6446539049793492 5.3582806957419953 87.657306531065842 47.620720104918291 578.89216197095811 180.20071383453615 103.20128873350041 781.21372823901766 575.37293126928853 45.973085521152825
leaf_count=126306 6226 1414 29 7045 70912 3469 8751 2327 738 1037 783 3801 3448 2774 258 538 535 133 1312 4464 85 46 508 5012 27695 840 810 4184 2198 553
internal_value=0.00171953 0.000646258 0.0889853 0.000356405 -0.000714913 -0.0204349 -0.00367069 -0.0473358 -0.084444 0.00548874 -0.0198579 0.0223905 -0.013553 -0.0679883 -0.0158463 -0.0173856 -0.0620936 0.0305099 0.00413253 0.0111655 0.0291048 0.0199677 0.00230383 -0.00711226 0.0165512 -0.0154711 -0.0302474 -0.0399501 0.00671639 -0.0465288
internal_weight=10995.2 10861.7 133.586 10830.1 10269.2 1363.31 1165.5 202.089 123.84 963.406 385.417 577.989 371.008 90.9788 60.3107 166.883 86.9784 44.5441 280.029 268.583 79.9043 560.979 8905.85 2400.13 626.513 1773.62 1064.62 884.415 709.003 133.63
internal_count=288231 281976 6255 280562 273471 160759 34453 11816 9489 22637 16641 5996 15858 6634 3860 2195 1572 391 9224 7912 623 7091 112712 41800 32707 9093 5834 4994 3259 1061
cat_boundaries=0 1 2 3 4
cat_threshold=2 4 1 2
is_linear=0
shrinkage=0.1


Tree=69
num_leaves=31
num_cat=0
split_feature=2 12 6 4 38 20 0 32 1 30 39 29 39 30 38 27 17 39 30 0 33 4 8 29 40 32 33 27 29 39
split_gain=92.6761 28.3981 22.6674 31.8382 64.8145 32.8677 22.3554 65.6564 60.4607 71.2953 76.2163 60.7752 55.3793 101.324 72.9025 64.1434 57.48 55.2718 54.4233 66.8295 50.3317 49.5141 50.3494 59.8382 59.0499 57.702 80.6294 48.775 48.2491 66.5977
threshold=1.0000000180025095e-35 1.0000000180025095e-35 1.0000000180025095e-35 0.99429833694012848 1.5000000000000002 1.0000000180025095e-35 318744.00000000006 8478622.0000000019 1.2375727763858408 0.3431457431457432 0.3424124446156962 0.071796759941089847 0.025182143888875023 0.34387500000000004 1.5000000000000002 32.421923076923086 9.5000000000000018 0.055767873860410384 0.56873315363881416 524187.00000000006 0.61167800453514753 1.7911234619777678 1.5000000000000002 0.19586530264279628 45.500000000000007 6201246.0000000009 0.78647416413373872 1.0000000180025095e-35 0.25211864406779666 0.015838775264344799
decision_type=2 2 2 2 2 2 2 2 2 10 2 10 2 8 2 10 2 2 10 2 10 2 2 10 2 2 10 10 10 2
left_child=1 2 6 4 -4 -6 8 21 20 -10 -11 -12 -9 14 -14 16 -16 -18 19 -15 -1 -8 23 24 -23 -26 -27 -22 -24 -30
right_child=-2 -3 3 -5 5 -7 7 12 9 10 11 -13 13 18 15 -17 17 -19 -20 -21 27 22 28 -25 25 26 -28 -29 29 -31
leaf_value=0.00045876496714298957 0.088260897168760413 0.10022601969160852 0.073244585436728279 0.084296500833228413 -0.016395616742696201 -0.27064519609633919 0.056135163655294411 0.0032684924049857255 -0.093519274020822024 -0.04828204684817114 0.22016268678196715 -0.097974175546877262 -0.38017588543340997 -0.044388727659300943 -0.11458802177602884 -0.13346714772248977 -0.036355430953339506 0.029248800921476727 0.035338881148011168 -0.17877410526989365 0.060158049386917961 -0.042410045402199836 0.020418900251522942 0.057565167326154271 0.054959456726738326 -0.16678565181982061 0.24471546422737808 -0.050570215853867756 0.034089587317592721 -0.23069748123075473
leaf_weight=4628.8811896909283 121.90106113959337 28.523610332980752 31.042106855660677 74.472515421668504 9.2746407042177452 11.254260179564881 256.32138464118907 1518.9512643886774 158.46619958267547 62.376451966072636 24.192774880531942 7.9873004049768488 5.3026100676506749 66.284989510040759 41.050385654831189 38.336194195533608 190.66909677869626 393.37129623324472 26.781361492838187 83.774816623597872 45.148155317285273 461.36101330344354 1999.7409030645213 105.31562658525945 137.1783462635176 26.6648443631384 5.7967117444495662 334.66687484451904 19.750774883810664 18.299518713072757
leaf_count=168809 6255 1414 75 448 332 201 2280 13677 6538 1401 415 979 30 2385 1349 1270 3166 8357 159 3187 728 14283 8949 2578 6801 4714 197 26950 74 230
internal_value=0.00155565 0.00057801 0.00031441 0.0424731 -0.017923 -0.155779 -0.000184229 0.00433902 -0.00482202 -0.0525151 0.0162034 0.141199 -0.0081499 -0.0286615 -0.0108604 -0.00790852 -0.000208131 0.00783128 -0.0959768 -0.119413 -0.00241272 0.0140836 0.0101982 -0.012214 -0.0238603 0.0265885 -0.0933032 -0.0374081 0.0182964 -0.0932544
internal_weight=10933.1 10811.2 10782.7 126.044 51.571 20.5289 10656.7 5394.95 5261.72 253.023 94.5565 32.1801 2364.52 845.571 668.73 663.427 625.091 584.04 176.841 150.06 5008.7 3030.43 2774.11 736.317 631.001 169.64 32.4616 379.815 2037.79 38.0503
internal_count=288231 281976 280562 1056 608 533 279506 73686 205820 9333 2795 1394 33580 19903 14172 14142 12872 11523 5731 5572 196487 40106 37826 28573 25995 11712 4911 27678 9253 304
is_linear=0
shrinkage=0.1


Tree=70
num_leaves=31
num_cat=2
split_feature=2 12 38 1 0 0 38 27 30 24 20 19 11 32 1 19 30 40 0 40 37 27 11 28 4 9 9 32 4 11
split_gain=82.5405 25.7099 22.9144 21.996 52.7958 48.5761 41.465 31.5417 30.3564 28.1488 39.7027 128.555 44.7308 54.7812 35.9929 34.5799 53.3033 33.5628 30.8715 30.4065 69.4668 57.9295 51.795 38.1369 31.0584 29.5115 28.8927 28.8504 32.2846 27.5574
threshold=1.0000000180025095e-35 1.0000000180025095e-35 1.5000000000000002 5.3047051231372855 613337.50000000012 1602438.0000000002 1.5000000000000002 1.0000000180025095e-35 0.47673160173160178 1.0000000180025095e-35 1.0000000180025095e-35 0 2.2633294854292729 3865471.0000000005 -0.064756330423720421 1 0.4369318181818182 76.500000000000014 -34663.499999999993 37.500000000000007 1.0000000180025095e-35 17.035714285714288 -1.2033436875137513 16.065893686941489 1.5903909307712081 37.500000000000007 60.500000000000007 5855903.0000000009 3.2109754013001295 -2.494887979696581
decision_type=2 2 2 2 2 2 2 8 10 2 2 1 8 2 2 1 10 2 2 2 2 10 10 10 2 2 2 2 2 8
left_child=1 3 -2 5 6 9 -5 -8 -9 10 11 -1 14 -14 15 16 -13 18 -16 22 -21 24 -20 -23 -22 -26 27 -24 -29 -6
right_child=2 -3 -4 4 29 -7 7 8 -10 -11 -12 12 13 -15 17 -17 -18 -19 19 20 21 23 26 -25 25 -27 -28 28 -30 -31
leaf_value=-0.11370600183314489 0.099113384167380331 0.10020481718631175 -0.079124346630964848 -0.55591473665149926 0.055360949854243592 0.031717793309124276 0.1303466423340873 -0.15074541371598366 0.091341721719388522 0.0237795861385681 0.00146347321176839 -0.17748793809064389 0.050203585928974975 -0.11308966342639085 0.16080080611979841 -0.011247467408714157 0.045830814780897344 -0.088960451885572125 -0.069877080263223132 -0.12792150306879976 0.12056984992326683 -0.14540377466554857 0.057937913046096329 0.14410624523279966 -0.20699278443589464 0.031658799234324055 0.084558306967260119 0.0046009004730158632 -0.17138729849969722 -0.011103307279639452
leaf_weight=127.02359376429013 104.32777100038948 25.814413354732096 7.7485954500734797 1.9990484118461598 65.776479547275812 519.26880171074299 5.6895208913192628 39.871769713521644 5.9530895839925497 480.96747241808407 7382.2138766171374 33.555832886893768 28.336065163020976 74.715180099537974 15.283343786351905 170.93718768511098 15.683747939488965 29.427344225703564 42.386360558586603 42.871417632552038 42.539003871996101 27.410922473503888 100.5864067976363 5.4556906022771718 5.7304269965679842 54.100813072480378 127.0988231850788 67.512750322814099 12.327134748687966 1208.9670977894784
leaf_count=116483 6226 1414 29 14 7921 4655 15 1794 77 6578 103402 5194 331 3488 60 8303 762 2526 3532 2620 855 1597 320 44 1093 362 261 328 84 7863
internal_value=0.00141646 0.000527164 0.0867906 0.00028744 -0.0117586 0.00198862 -0.109064 -0.0917241 -0.119296 0.000251372 -0.00109497 -0.0195577 -0.00620989 -0.0681888 0.00184528 -0.0325174 -0.106357 0.0150554 0.0206893 0.0166338 -0.0170014 0.0181613 0.0337545 -0.0973466 0.0552458 0.00880158 0.0480381 0.022312 -0.0225714 -0.00767377
internal_weight=10871.6 10759.5 112.076 10733.7 1328.26 9405.43 53.5134 51.5144 45.8249 8886.16 8405.2 1022.98 895.958 103.051 792.907 220.177 49.2396 572.73 543.303 528.02 178.108 135.237 349.911 32.8666 102.37 59.8312 307.525 180.426 79.8399 1274.74
internal_count=288231 281976 6255 280562 17684 262878 1900 1886 1871 258223 251645 148243 31760 3819 27941 14259 5956 13682 11156 11096 6571 3951 4525 1641 2310 1455 993 732 412 15784
cat_boundaries=0 1 2
cat_threshold=2 1
is_linear=0
shrinkage=0.1


Tree=71
num_leaves=31
num_cat=0
split_feature=2 12 0 4 33 32 32 32 27 38 0 31 39 11 8 8 9 34 33 32 11 1 34 28 27 40 9 39 33 1
split_gain=74.1393 23.2782 21.1696 77.3597 41.6227 37.0029 38.4042 44.1715 51.8609 50.885 44.9807 40.2825 50.7264 47.3169 35.1108 36.8679 31.9235 31.6305 34.0324 33.9639 38.7448 29.8437 40.1125 39.0641 32.465 44.8238 63.9765 38.6564 29.9485 29.3856
threshold=1.0000000180025095e-35 1.0000000180025095e-35 -466786.99999999994 0.061538647607608403 0.69309262166405039 4216863.5000000009 12627245.500000002 11706387.500000002 20.578063241106722 4.5000000000000009 -2321923.9999999995 11.500000000000002 0.0035661779813956356 -1.0000000180025095e-35 18.500000000000004 22.500000000000004 105.50000000000001 25.500000000000004 0.29745817245817252 8870704.5000000019 -0.53575820019861131 -0.85700958006157901 55.500000000000007 6.9455485086806723 35.369318181818194 23.500000000000004 60.500000000000007 0.12582739548899899 0.11796331435800128 -0.99019110593706128
decision_type=2 2 2 2 8 2 2 2 8 2 2 2 2 8 2 2 2 2 10 2 10 2 2 10 10 2 2 2 8 2
left_child=1 2 3 4 -1 -5 7 8 17 -9 -10 -12 13 -13 -8 -16 -17 -7 -19 20 -20 22 23 28 -23 26 -26 -28 -4 -25
right_child=-2 -3 21 5 -6 6 14 9 10 -11 11 12 -14 -15 15 16 -18 18 19 -21 -22 24 -24 29 25 -27 27 -29 -30 -31
leaf_value=-0.14972258791310056 0.08595410105506239 0.10018557537566164 -0.25561966086069632 -0.11598554278183491 0.060401217610618001 0.050152556079972724 -0.15804422395457501 -0.27616407412089655 0.19361958543370611 0.13703614571447309 0.066163796677694647 -0.20952693294692357 -0.17314146810950293 0.063622690302080856 0.086581634507684094 -0.17649713752633853 0.11519870525781487 0.03132756308177824 -0.16891497533234434 -0.21391059470489654 0.019441310727606992 0.0011776069166643422 -0.1913612069355555 -0.14057738598464126 -0.20868891777837822 -0.093551046901955009 0.083193183841431609 -0.14547320273730474 -0.007046507887135206 0.067606984436830983
leaf_weight=59.233449066196044 102.43523745727725 23.362105342559516 5.2440614083170649 28.562049424777797 11.211474934625583 171.62908647404402 26.994464060328028 3.216772486732224 6.5005019366035404 40.552053121420613 16.072611914267327 8.6977449906589737 47.41081921676232 23.41328722173057 19.797481395580689 15.346065126919713 4.9659986965853014 79.742630862161604 14.959865174903824 12.4981078951605 40.448057181471086 9618.4714830778794 7.7476338529886553 7.0132125411146253 11.081631601948173 85.617997163310065 54.124877391383052 8.562473548052365 64.004018535531941 204.00595906289163
leaf_count=4714 6255 1414 263 2152 558 7671 7708 61 70 1336 726 172 5817 62 225 561 26 3130 4201 1382 462 226454 447 199 454 6020 58 192 2329 3112
internal_value=0.00128314 0.0004741 0.000256334 -0.0175079 -0.116281 -0.00510073 0.00084971 0.0110524 0.00112061 0.106668 -0.060919 -0.0782278 -0.107412 -0.0103639 -0.0698718 -0.0105302 -0.105182 0.0209589 -0.0129762 -0.0650025 -0.031414 0.00137037 0.0330964 0.0393012 0.000435854 -0.0443264 0.0128048 0.0519596 -0.0258706 0.060688
internal_weight=10822.9 10720.5 10697.1 631.253 70.4449 560.808 532.246 465.142 421.373 43.7688 102.095 95.5945 79.5219 32.111 67.104 40.1095 20.3121 319.278 147.649 67.906 55.4079 10065.9 288.015 280.267 9777.86 159.387 73.769 62.6874 69.2481 211.019
internal_count=288231 281976 280562 41034 5272 35762 33610 25090 23693 1397 6847 6777 6051 234 8520 812 587 16846 9175 6045 4663 239528 6350 5903 233178 6724 704 250 2592 3311
is_linear=0
shrinkage=0.1


Tree=72
num_leaves=31
num_cat=2
split_feature=2 38 12 4 33 17 9 8 9 33 25 34 29 11 27 8 34 29 40 36 40 9 8 29 36 40 9 39 39 32
split_gain=65.8106 22.7168 21.0761 20.2685 32.7386 31.081 25.7582 23.0485 70.5127 97.6928 58.1007 49.8542 45.7318 51.2506 42.7528 89.6261 166.907 42.3867 40.4906 64.6425 42.6922 53.8502 53.0623 55.0712 64.2218 56.3187 47.0746 43.8733 43.072 41.9545
threshold=1.0000000180025095e-35 1.5000000000000002 1.0000000180025095e-35 26.453578322043423 0.41223155929038285 11.500000000000002 47.500000000000007 6.5000000000000009 46.500000000000007 0.11215932914046123 1.0000000180025095e-35 46.500000000000007 0.091750841750841763 -1.2033436875137513 16.753787878787882 18.500000000000004 48.500000000000007 0.075134408602150551 56.500000000000007 0 50.500000000000007 49.500000000000007 30.500000000000004 0.036038961038961044 1 41.500000000000007 60.500000000000007 0.41939959343418526 0.19335412583554443 6318319.0000000009
decision_type=2 2 2 2 8 2 2 2 2 8 2 2 10 8 10 2 2 10 2 1 2 2 2 10 1 2 2 2 2 2
left_child=2 -2 3 7 5 -5 -6 8 -1 -10 11 -11 13 -9 -15 16 -16 -18 20 -20 22 -22 23 24 26 27 -17 28 -25 -26
right_child=1 -3 -4 4 6 -7 -8 12 9 10 -12 -13 -14 14 15 18 17 -19 19 -21 21 -23 -24 25 29 -27 -28 -29 -30 -31
leaf_value=-0.0012620700371332701 0.098906649910351238 -0.079970781103859787 0.10016812223243504 -0.28566914284607459 -0.027363841989033494 0.018097027327226688 -0.22515295767395657 0.047804750495379952 0.038240034210187984 -0.16788224068612764 -0.10070459727136168 0.11100599997014815 -0.0038019987644846661 0.020106875078097493 -0.11288254818611987 -0.26638613000708294 0.081335608416519406 -0.20004756568270687 -0.14584808902566918 -0.0021558255529989219 0.40128503983174757 0.061617891612898379 0.035389006262346 0.034940920007743709 -0.0088626163736204196 -0.16156841231359081 0.045145860812845183 0.20346878179333175 -0.12610877221400876 -0.18793975271082838
leaf_weight=4044.184352909062 86.722463223733939 7.7326892726123324 21.142403032630682 3.6265208358745431 11.564371290969577 47.31289837456643 15.289716975505142 377.95199088743539 94.041334505560371 8.5880922122159955 214.13672938587843 25.270530158653855 3199.850209847802 1429.8395975193343 174.91274942513701 5.453139860299415 74.672359540287289 5.7668906103499458 39.996595368364069 144.11565018363035 4.8868759978795415 103.95051844790578 354.1739604940667 133.1272318882402 17.889292706473498 16.886540618725121 43.886093558379798 13.420208744253612 18.973131433100207 48.691997856178205
leaf_count=211875 6226 29 1414 85 256 476 307 3585 1469 198 15324 79 26990 8524 3503 50 389 211 1189 1497 20 704 1604 289 159 317 211 219 340 692
internal_value=0.00115795 0.0842626 0.000423902 0.000226307 -0.0506306 -0.00352894 -0.139978 0.000599734 -0.00494938 -0.0485475 -0.0814578 0.0402672 0.00452014 0.0133713 0.00842416 -0.00548686 -0.058056 0.0611625 0.00871128 -0.0333716 0.018888 0.0768692 0.00921678 -0.0218548 -0.0757508 0.0123963 0.0107143 0.0301443 0.0148514 -0.139825
internal_weight=10788.1 94.4552 10693.6 10672.5 77.7935 50.9394 26.8541 10594.7 4386.22 342.037 247.995 33.8586 6208.45 3008.59 2630.64 1200.8 255.352 80.4393 945.451 184.112 761.339 108.837 652.502 298.328 115.921 182.407 49.3392 165.521 152.1 66.5813
internal_count=288231 6255 281976 280562 1124 561 563 279438 228945 17070 15601 277 50493 23503 19918 11394 4103 600 7291 2686 4605 724 3881 2277 1112 1165 261 848 629 851
cat_boundaries=0 1 2
cat_threshold=4 4
is_linear=0
shrinkage=0.1


Tree=73
num_leaves=31
num_cat=2
split_feature=2 38 6 4 38 19 5 39 28 17 8 11 20 8 40 39 36 28 27 34 31 28 38 33 28 38 32 27 17 34
split_gain=58.9935 20.5392 19.985 25.8084 53.6367 26.2042 20.3458 29.3616 41.003 43.339 33.6554 30.2945 25.6905 25.6659 50.1016 71.8897 50.2573 52.0935 70.8076 52.9466 45.0869 66.8563 41.0076 39.9312 35.5407 58.1574 58.1016 84.8903 48.8121 71.2509
threshold=1.0000000180025095e-35 1.5000000000000002 1.0000000180025095e-35 0.99429833694012848 1.5000000000000002 0 1.0000000180025095e-35 0.28884534460187605 5.2546103872124741 28.500000000000004 7.5000000000000009 -0.21689423252479087 1.0000000180025095e-35 -1.0000000180025095e-35 36.500000000000007 0.30747976713161412 1 12.028585452233687 9.4224433768016489 42.500000000000007 10.500000000000002 5.9421206210113526 1.5000000000000002 0.22111111111111112 6.5425723715645558 2.5000000000000004 5507850.0000000009 3.010869565217392 30.500000000000004 19.500000000000004
decision_type=2 2 2 2 2 1 2 2 8 2 2 10 2 2 2 2 1 10 10 2 2 10 2 10 10 2 2 10 2 2
left_child=2 -2 6 4 -4 -6 13 8 -8 10 11 -10 -11 14 16 22 20 18 24 -19 21 -1 -16 -23 25 -18 27 -26 -27 -30
right_child=1 -3 3 -5 5 -7 7 -9 9 12 -12 -13 -14 -15 15 -17 17 19 -20 -21 -22 23 -24 -25 26 28 -28 -29 29 -31
leaf_value=0.062480562526821215 0.098781282221488922 -0.070138426302076312 0.071662052170201496 0.079888107133211803 -0.23411001341496293 -0.002911210767789915 0.077041993478162429 0.099649005039510283 -0.093919277956976716 -0.037268617309947787 0.0378742626108916 -0.65279754923251776 -0.34221263554161402 0.0013055467857066856 -0.36895621552557967 -0.1158056907088168 0.029423624136364186 -0.026116963686020546 -0.15037177301014715 0.13758063655994215 -0.11892118303105799 0.0046103624636626272 0.023572236128904678 -0.20108014287940501 0.09226689987401393 -0.1031597056514711 0.044398753858416524 -0.13241334273148633 0.055492086819003576 -0.16972460434072814
leaf_weight=45.314144378557103 78.564406763704028 7.924218736588954 29.619243499822915 70.42586596226829 11.972373699645686 8.3014740717189852 50.887417053138051 48.806375969041255 15.45663893709934 4.6497494621216884 45.262963344401214 1.034840034320953 6.8072996686096303 8979.6898794463723 2.6760638216510406 41.388139204513209 86.888697469177714 37.312738634449488 42.324856319602986 41.997989837112982 102.11801423959332 16.070455379849591 488.17312515597041 22.868791504093679 24.782453210013045 136.81871221292386 170.74987986313499 52.314154980660533 54.822996772387341 18.886419892696722
leaf_count=1689 6226 29 143 499 436 98 268 891 340 157 111 10 94 81302 23 53031 453 4893 15885 1632 16688 564 68111 2255 323 14787 5685 4895 3637 3076
internal_value=0.0010486 0.0833046 0.000381122 0.0409058 -0.0141191 -0.139442 -8.15693e-05 0.033939 0.00809611 -0.0398264 -0.00668642 -0.128989 -0.218454 -0.000649077 -0.0133173 0.0107602 -0.0283359 -0.0155063 -0.0257744 0.060567 -0.0742448 -0.0200955 0.0214322 -0.11619 -0.0161028 -0.0394088 0.0118646 -0.0601906 -0.0678172 -0.00221475
internal_weight=10744.9 86.4886 10658.4 120.319 49.8931 20.2738 10538.1 172.905 124.099 73.2115 61.7544 16.4915 11.457 10365.2 1385.51 532.237 853.27 666.899 587.588 79.3107 186.371 84.2534 490.849 38.9392 545.263 297.417 247.846 77.0966 210.528 73.7094
internal_count=288231 6255 281976 1176 677 534 280800 1871 980 712 461 350 251 278929 197627 121165 76462 55266 48741 6525 21196 4508 68134 2819 32856 21953 10903 5218 21500 6713
cat_boundaries=0 1 2
cat_threshold=2 2
is_linear=0
shrinkage=0.1


Tree=74
num_leaves=31
num_cat=1
split_feature=2 32 40 9 11 27 11 0 31 11 11 22 8 39 32 8 29 7 38 28 31 11 9 8 11 39 30 9 39 32
split_gain=52.8154 19.5764 31.673 37.4093 84.4768 74.6179 29.1072 30.6308 28.3923 36.7366 30.2306 55.1278 32.9797 29.3081 28.2679 26.7664 26.5568 31.159 26.5054 33.3979 26.1976 44.7222 25.1111 24.9906 24.2507 23.2184 22.8097 55.4925 35.9096 61.3775
threshold=1.0000000180025095e-35 25423982.000000004 85.500000000000014 44.500000000000007 0.16225657108394378 22.465476190476192 -0.50367004698981277 -101984.49999999999 38.500000000000007 2.0005789650905945 0.55265752664486911 0 40.500000000000007 0.009033318762431743 28452399.000000004 -7.4999999999999991 0.046693313953488379 1.0000000180025095e-35 4.5000000000000009 4.1267469143898809 31.500000000000004 -0.78331470463868291 57.500000000000007 25.500000000000004 -0.46972405191988648 0.011059972489753657 0.078461538461538485 27.500000000000004 0.013468347194281362 6991482.0000000009
decision_type=2 2 2 2 8 10 8 2 2 10 8 1 2 2 2 2 10 2 2 10 2 8 2 2 8 2 10 2 2 2
left_child=1 8 3 5 -5 6 -3 -8 15 10 11 25 -12 -11 -6 -1 22 -18 19 -13 26 -22 -16 24 -23 -10 27 -17 -29 -30
right_child=-2 2 -4 4 14 -7 7 -9 9 13 12 18 -14 -15 16 20 17 -19 -20 -21 21 23 -24 -25 -26 -27 -28 28 29 -31
leaf_value=-0.10063065392063264 0.082262419991384464 -0.14964206988317016 0.012164848296954665 -0.19813333665615279 0.0021824119788056043 0.1358261737536246 -0.25409818225061487 0.046479268625762064 -0.021091138033309573 -0.79232649439596603 0.09837192633391241 0.065486803209665198 -0.2569024497855909 -0.12778969119521261 -0.29924243268585005 0.074539209846259599 -0.19546583271401605 0.086756620501133253 0.10240251044704957 -0.24442813164339175 -0.15920082864153468 -0.21031797786416387 0.073181365747272603 0.025144027428570997 -0.035906351680693803 -0.15275414941935686 0.0032477509523055922 0.0049281691111124799 -0.0045839354018219706 -0.063324279986295195
leaf_weight=26.149685124815733 79.283955523802433 21.750306221256324 172.41479939843703 39.591289376628993 85.617367286940862 30.479856463844044 3.9425524085017996 24.206354722307879 42.668533055115404 0.80157282872823898 85.142708974664856 9.7288206797093135 2.6956037359777829 3.8574738500101375 2.1360719512886126 71.468372419316438 24.756573642851439 4.6462068110704413 61.583771605990478 5.4113416653126469 25.714872241453122 8.9698514485789911 11.877273860911371 74.083714450767729 71.670053822410409 19.521841311907338 8488.0528952277127 484.1273057563194 406.89865228772396 316.05214323371183
leaf_count=152129 6255 5755 5978 1632 494 769 176 202 437 10 659 18 43 86 117 650 690 6 1649 53 1524 236 104 350 655 2550 89060 2006 5347 8591
internal_value=0.000946923 0.000340203 -0.0207812 -0.0435936 -0.0703543 0.0125468 -0.0627558 0.00438021 0.00121245 0.0358404 0.0415516 0.012517 0.0874692 -0.242121 -0.031148 0.000408968 -0.0968761 -0.150869 0.0648121 -0.0452819 0.00067459 -0.0370819 0.0164123 -0.0167859 -0.0553068 -0.0537741 0.00137214 -0.0110797 -0.016149 -0.0302634
internal_weight=10705.3 10626 421.419 249.004 168.625 80.3791 49.8992 28.1489 10204.6 231.412 226.753 138.914 87.8383 4.65905 129.033 9973.19 43.4161 29.4028 76.7239 15.1402 9947.04 180.438 14.0133 154.724 80.6399 62.1904 9766.6 1278.55 1207.08 722.951
internal_count=288231 281976 15923 9945 3043 6902 6133 378 266053 5505 5409 4707 702 96 1411 260548 917 696 1720 71 108419 2765 221 1241 891 2987 105654 16594 15944 13938
cat_boundaries=0 1
cat_threshold=4
is_linear=0
shrinkage=0.1


Tree=75
num_leaves=31
num_cat=1
split_feature=12 8 2 38 32 40 27 9 1 39 28 34 33 8 30 0 1 8 40 11 23 17 1 39 11 9 1 32 9 29
split_gain=48.6394 22.0868 26.4907 21.726 37.9915 39.9821 37.3884 44.0406 46.6009 37.873 34.5168 54.8823 40.608 40.5402 32.8423 32.0935 39.0406 37.1786 38.167 36.4578 32.9039 53.81 38.2589 31.4561 49.4638 30.8215 39.1908 30.7127 55.3674 42.4847
threshold=1.0000000180025095e-35 -10.499999999999998 1.0000000180025095e-35 7.5000000000000009 24390925.500000004 69.500000000000014 30.786458333333339 75.500000000000014 0.085449720623579709 0.36540597674335024 14.521687835155843 51.500000000000007 0.11215932914046123 38.500000000000007 0.27614241659657984 1185975.5000000002 2.8092855982734464 -5.4999999999999991 5.5000000000000009 -1.173429068752345 0 24.500000000000004 -0.99019110593706128 0.07351394618042785 -0.43566207249326355 78.500000000000014 -0.18941749079018452 10372043.500000002 35.500000000000007 0.37797619047619052
decision_type=2 2 2 2 2 2 10 2 2 2 8 2 10 2 10 2 2 2 2 8 1 2 2 2 10 2 2 2 2 10
left_child=1 -1 3 4 15 -6 7 9 25 -5 13 12 14 -8 -12 17 19 18 -3 -17 21 -19 -22 24 -23 -9 -27 -24 -29 -30
right_child=-2 2 -4 6 5 -7 10 8 -10 -11 11 -13 -14 -15 -16 16 -18 20 -20 -21 22 23 27 -25 -26 26 -28 28 29 -31
leaf_value=-0.10665571336450708 0.10012077958130866 0.15003531362288225 0.080874481942741439 0.013988616877923353 -0.099250142687310389 -0.0095200350883024795 -0.14139667930195304 0.17858909184355765 0.014122859066016206 -0.10937425746396912 0.11810616206784766 0.33003794492191774 -0.12755575923930038 0.035778782048129142 -0.044089879772951895 -0.056689616251612285 0.0046466364096921431 -0.0065008739065008456 -0.12191638549651716 0.056026098766674727 -0.17189166235897657 -0.17881601626312163 0.0023791027895850767 -0.15075839674311592 0.02100148859951733 -0.16882705020447622 0.11487801646904222 -0.1552939124899666 -0.01519279434768254 0.077295880372399539
leaf_weight=19.239020200091545 49.13133167475462 5.8556881957338183 40.937240500526968 1008.5451015645976 79.68780887752655 131.77392315337784 45.452194017163492 44.591717825234809 72.338071413043508 25.515973756546373 24.679418869425717 4.9685214811470351 21.786388452725078 18.040440969540214 25.263375776024986 31.982937913853675 1185.9899717533262 232.99162216464174 43.478111267868371 279.22126898693386 13.08759385095618 18.080694681731984 5807.4686999703918 49.366370465766522 39.351239356328733 6.6154304265437558 18.445218878201558 27.346606229795725 1249.3110090820228 51.721762392000528
leaf_count=148097 4191 56 3461 47852 852 738 3970 409 1552 24407 320 10 2689 236 930 106 3222 1117 3005 611 168 105 29714 860 74 923 141 552 7754 109
internal_value=0.00085198 0.000392868 0.00058709 0.000275932 -0.00143515 -0.0433342 0.0122964 0.0181154 0.0703378 0.0109446 -0.0365187 0.00862807 -0.0136353 -0.091055 0.0360599 -0.000454543 0.0129185 -0.00311066 -0.089637 0.0444421 -0.00254065 -0.0324873 -0.00107034 -0.0922213 -0.041905 0.12872 0.0399865 -0.000758542 -0.0144758 -0.011516
internal_weight=10672.3 10623.1 10603.9 10563 9246.72 211.462 1316.24 1176.05 141.99 1034.06 140.19 76.6977 71.7292 63.4926 49.9428 9035.25 1497.19 7538.06 49.3338 311.204 7488.73 339.79 7148.94 106.798 57.4319 69.6524 25.0606 7135.85 1328.38 1301.03
internal_count=288231 284040 135943 132482 49043 1590 83439 75284 3025 72259 8155 3949 3939 4206 1250 47453 3939 43514 3061 717 40453 2156 38297 1039 179 1473 1064 38129 8415 7863
cat_boundaries=0 1
cat_threshold=1
is_linear=0
shrinkage=0.1


Tree=76
num_leaves=31
num_cat=1
split_feature=12 8 2 4 0 0 39 27 30 34 11 40 28 38 27 9 29 8 39 1 29 34 38 23 17 1 32 9 0 33
split_gain=44.0609 19.9195 23.4148 19.0787 44.8266 35.0119 31.9 31.1846 31.2446 30.8468 29.5509 36.8864 36.8908 26.3485 33.1044 36.9783 36.3845 40.0897 36.0715 32.7817 36.7674 31.7414 34.7587 31.1875 41.4466 31.0516 30.8735 47.3562 43.4113 41.3575
threshold=1.0000000180025095e-35 -10.499999999999998 1.0000000180025095e-35 6.2750918530288269 613337.50000000012 1279186.5000000002 0.011831586556072084 1.0000000180025095e-35 0.47673160173160178 56.500000000000007 -0.75360937138197526 24.500000000000004 11.203007328299714 7.5000000000000009 30.786458333333339 75.500000000000014 0.14909495077802479 38.500000000000007 0.36540597674335024 0.085449720623579709 0.10582306830907055 51.500000000000007 11.500000000000002 0 24.500000000000004 -0.99019110593706128 10372043.500000002 35.500000000000007 -438626.49999999994 0.14854215918045707
decision_type=2 2 2 2 2 2 2 8 10 2 8 2 8 2 10 2 10 2 2 2 8 2 2 1 2 2 2 2 2 8
left_child=1 -1 3 5 7 13 10 -5 -9 -8 11 12 -7 23 15 18 17 -16 -15 -17 -21 22 -18 24 -3 -25 -27 -28 29 -29
right_child=-2 2 -4 4 -6 6 9 8 -10 -11 -12 -13 -14 14 16 19 21 -19 -20 20 -22 -23 -24 25 -26 26 27 28 -30 -31
leaf_value=-0.10641682245612166 0.10010946684224167 -0.008509822057943036 0.079021718907112737 0.12201889367935698 -0.0073091269522092238 -0.02486353156465379 -0.011788049823852891 -0.1624559487322331 0.085834420017554092 -0.24353804930224313 0.046661507495974634 0.029399988262838524 -0.21630192930608111 0.017825398026353988 -0.13932489126288317 0.11988907698431638 -0.10997023047859396 0.0309787674752043 -0.11000660545954143 0.059509706401083301 -0.14256379607770658 0.25227349944128868 0.081752877040219038 -0.15391469983071507 -0.085049900876153745 0.0029777728451648843 -0.1447776096052758 0.0094803245201250351 -0.0066549801103300919 -0.13963530927901532
leaf_weight=17.445330702956198 44.460637404583395 223.47701475155918 37.86652534417226 5.4830425683758222 1272.4875102989809 61.726736074684595 131.82548380743719 39.394449335133686 5.8165262187249018 6.0050430493720333 426.6941007161513 159.96034580266496 12.027458439260952 703.28839298354615 43.327976547616345 67.380767500544607 16.43123632617062 20.297810786920309 22.789473174212617 39.938335821818328 11.62507882878708 5.7443261585431165 22.275852906717773 13.191934325179316 103.51924328378664 5667.7836404563641 26.921836119596264 30.002371459006099 1340.8295041563943 48.939506702077779
leaf_count=148097 4191 1197 3461 5 8055 245 989 1292 41 95 1399 1185 85 41506 5332 1473 523 482 24131 429 691 21 1167 179 1102 31256 671 168 7835 928
internal_value=0.000768459 0.000351173 0.000527438 0.000245146 -0.0109829 0.00185895 0.0218735 -0.103199 -0.130513 -0.021885 0.0310061 0.002424 -0.0560823 -4.12435e-05 0.0156148 0.0222799 -0.0364976 -0.0849949 0.0138131 0.0739643 0.0139518 0.0329193 0.000366037 -0.00204291 -0.0317691 -0.000633706 -0.000350377 -0.0133892 -0.0108978 -0.0829629
internal_weight=10629 10584.5 10567.1 10529.2 1323.18 9206 798.239 50.694 45.211 137.831 660.409 233.715 73.7542 8407.76 953.099 845.022 108.077 63.6258 726.078 118.944 51.5634 44.4514 38.7071 7454.67 326.996 7127.67 7114.48 1446.69 1419.77 78.9419
internal_count=288231 284040 135943 132482 9393 123089 3998 1338 1333 1084 2914 1515 330 119091 75755 68230 7525 5814 65637 2593 1120 1711 1690 43336 2299 41037 40858 9602 8931 1096
cat_boundaries=0 1
cat_threshold=1
is_linear=0
shrinkage=0.1


Tree=77
num_leaves=31
num_cat=0
split_feature=12 15 15 16 8 9 16 29 9 0 33 4 31 4 11 11 0 4 34 29 39 17 17 32 11 28 16 39 11 29
split_gain=39.9075 19.7284 246.8 26.5444 38.2103 44.4276 38.0707 36.5056 31.4672 32.2324 31.0855 38.6543 26.4101 25.4721 60.644 43.0504 24.5284 44.7944 53.8168 51.477 33.2774 42.2917 41.6916 59.1922 39.874 32.5505 31.2616 54.9217 36.2677 32.0224
threshold=1.0000000180025095e-35 0.99148550724637696 0.63641266141266151 0.31414473684210537 29.500000000000004 49.500000000000007 0.28919860627177701 0.1023024594453166 31.500000000000004 3376879.5000000005 0.25150602409638562 4.5970954355200826 20.500000000000004 10.950388405235239 -0.21689423252479087 0.10792626073760574 344181.50000000006 1.4948098901785494 28.500000000000004 0.14670014347202298 0.23926699250976302 4.5000000000000009 18.500000000000004 7110270.5000000009 -0.46972405191988648 9.7813095104790442 0.063508064516129045 0.076693608096733965 -1.521612492735527 0.15655637254901963
decision_type=2 2 2 2 2 2 2 8 2 2 8 2 2 2 8 8 2 2 2 8 2 2 2 2 8 8 2 2 8 10
left_child=1 2 3 6 5 7 8 -5 9 10 11 -1 -7 16 -15 -16 17 20 -19 -20 21 -10 -22 -24 -23 -25 27 29 -29 -18
right_child=-2 -3 -4 4 -6 12 -8 -9 13 -11 -12 -13 -14 14 15 -17 26 18 19 -21 22 24 23 25 -26 -27 -28 28 -30 -31
leaf_value=0.032898555532689631 0.10009918944188023 0.0022240419306001984 -0.14207165664954399 0.026945685216613599 -0.18007398399794827 0.11667331869365485 -0.12196103987247378 -0.1689796330546349 0.013956367831331482 0.1315711560943032 -0.13499214919951394 -0.30627789365479718 -0.084696726532973721 -0.26678876497561255 0.12860642081672177 -0.086811536574408155 -0.020477376623064356 -0.15868766686745642 -0.096351120158374423 0.068014932791182425 0.0045439569492052275 -0.1620313872177421 -0.12218626048788246 0.17402749935751499 -0.028945067164142142 -0.11074408547701198 0.030699146616767859 0.068131204493304329 -0.15247035262779629 0.11434060141680191
leaf_weight=29.097986759995365 40.233569111675024 8832.1763854687269 129.79386324702773 44.037749465180241 7.3756499011360566 76.696591317828279 26.318396396469325 12.129270921275745 217.93876059025206 7.97541506129346 43.655754468427403 3.7987109584100827 7.1173999515449387 11.622946678595325 14.720445247832686 25.088312778909312 50.048672716933652 39.624267926032189 38.504670849502872 37.71989475749433 113.98851066314455 28.663926836037717 9.4967028794344497 46.844726713330601 104.90161992323556 4.3900406093962365 514.56494824498441 9.2507026821658638 38.339088351007376 27.189159615489189
leaf_count=3044 4191 154583 104020 899 112 184 708 451 988 25 7684 299 166 139 16 176 170 728 628 150 4799 581 192 263 428 268 1495 353 469 22
internal_value=0.000694487 0.000315507 -0.0094797 0.00133647 0.0417659 0.0534548 -0.00278999 -0.0153644 -0.000577251 -0.059744 -0.0796756 -0.00626748 0.0995732 0.0031749 -0.0658287 -0.00715449 0.00594437 -0.0078618 -0.0641555 -0.0150142 0.00453131 -0.0131982 0.0401997 0.107123 -0.0575061 0.149627 0.0198084 -0.0250854 -0.109589 0.0269811
internal_weight=10593.3 10553.1 1720.89 1591.1 147.357 139.981 1443.74 56.167 1417.43 84.5279 76.5525 32.8967 83.814 1332.9 51.4317 39.8088 1281.47 642.073 115.849 76.2246 526.224 351.504 174.72 60.7315 133.566 51.2348 639.393 124.828 47.5898 77.2378
internal_count=288231 284040 129457 25437 1812 1700 23625 1350 22917 11052 11027 3343 350 11865 331 192 11534 9025 1506 778 7519 1997 5522 723 1009 531 2509 1014 822 192
is_linear=0
shrinkage=0.1


Tree=78
num_leaves=31
num_cat=0
split_feature=12 27 28 8 29 8 27 11 33 11 30 39 28 28 39 28 0 11 38 8 40 31 39 33 40 11 39 28 40 29
split_gain=36.1482 19.4181 35.7024 37.3833 61.299 37.8714 57.2049 87.3985 62.7886 54.5258 62.9752 47.8295 39.9593 51.4889 45.9328 39.3468 42.553 86.1037 57.1056 51.3336 39.3223 41.1412 37.6782 37.5713 37.4443 40.8021 40.3955 37.1499 39.2056 36.5371
threshold=1.0000000180025095e-35 18.419413919413923 13.565002504648662 37.500000000000007 0.040408163265306128 6.5000000000000009 7.779132791327914 -1.8399383468050641 0.10840188014101058 -0.50367004698981277 0.32805656363408836 0.10087460081544071 10.195850757407872 10.295756450147721 0.055767873860410384 9.6456669929182102 -30812.499999999996 -0.84771541225350167 1.5000000000000002 -4.4999999999999991 13.500000000000002 20.500000000000004 0.41771707585666951 0.11443452380952382 40.500000000000007 -0.69079425541176442 0.10927202653146546 4.0601723634431401 41.500000000000007 0.13867521367521371
decision_type=2 10 10 2 8 2 8 10 10 10 10 2 10 10 2 10 2 10 2 2 2 2 2 10 2 10 2 10 2 10
left_child=1 2 3 5 -5 6 15 8 -8 11 -11 12 -9 -14 -15 16 17 18 -1 -20 -13 -22 29 -21 25 -19 -27 -24 -29 -18
right_child=-2 -3 -4 4 -6 -7 7 9 -10 10 -12 20 13 14 -16 -17 22 24 19 23 21 -23 27 -25 -26 26 -28 28 -30 -31
leaf_value=-0.28629262700750174 0.10008986728953745 -0.0059141496653625321 0.061187995745805794 0.052580176849345295 -0.18686909574871888 0.011590928703136326 -0.027338907761319132 -0.046375206485106596 -0.12819183837267548 -0.23972249464489989 -0.011487032204300609 -0.04117880826284695 0.1180661338930708 0.0072772234326644886 -0.19177793945167823 0.039032207123046024 -0.0037807026545734141 -0.19616883753617717 -0.1150854185761378 -0.07106391041469115 0.048825158860723326 -0.13865913609937505 -0.08261636980041874 0.045977783905127821 -0.11821614071059182 0.009717271703521331 -0.079005945559420754 0.1068639558447721 -0.11266796256788301 0.029095886273357432
leaf_weight=6.1906317211687556 36.408056614920497 3420.4121773960887 104.8180030825406 18.054455499106552 26.214461970426782 2940.8326401933991 130.28761225526978 278.04877812163431 117.31604617202174 21.198086764685286 28.134682815718406 72.093992670808802 38.156599472484231 94.756392749131919 13.208382099393928 288.2107188496575 1457.1954071669679 15.446357133674608 25.567983585080583 30.851945793743653 285.37923095437873 12.204914398163963 15.021182683951336 247.0444417482322 81.949745576577698 121.42856647077133 88.876667170967266 87.481975893850176 8.9689191913785162 440.13483755267225
leaf_count=29 4191 89336 2174 88 751 20278 13129 1785 57156 289 193 932 63 549 220 5126 29840 371 31312 440 4638 787 2881 4063 2158 260 1417 3882 2918 6975
internal_value=0.000619357 0.000274958 0.00325862 0.00238998 -0.0892131 0.00297379 -0.00335345 -0.0228883 -0.0751236 -0.00754915 -0.109559 -0.00120988 -0.0241249 0.0182142 -0.0170751 0.00395801 0.000108756 -0.022853 0.0143749 0.0205085 0.025083 0.0411358 0.00716549 0.0329839 -0.0603173 -0.0392995 -0.0277779 0.0636676 0.0864498 0.00384587
internal_weight=10551.9 10515.5 7095.07 6990.26 44.2689 6945.99 4005.15 1090.78 247.604 843.181 49.3328 793.848 424.17 146.121 107.965 2914.37 2626.16 617.356 309.655 303.464 369.678 297.584 2008.8 277.896 307.701 225.752 210.305 111.472 96.4509 1897.33
internal_count=288231 284040 194704 192530 839 191691 171413 79741 70285 9456 482 8974 2617 832 769 91672 86546 40050 35844 35815 6357 5425 46496 4503 4206 2048 1677 9681 6800 36815
is_linear=0
shrinkage=0.1


Tree=79
num_leaves=31
num_cat=1
split_feature=2 38 6 4 38 19 5 33 34 17 8 40 39 39 33 28 33 31 32 39 9 40 29 28 28 8 27 33 0 34
split_gain=33.8024 19.3377 18.1796 22.639 43.7413 23.1297 17.6865 26.1848 25.6095 28.087 20.4359 38.9849 57.0173 42.6191 77.6702 54.5233 40.8275 38.5743 49.0103 38.4499 35.1766 35.1571 34.8981 37.3813 38.9963 36.7916 35.9974 34.7478 46.7931 44.933
threshold=1.0000000180025095e-35 1.5000000000000002 1.0000000180025095e-35 0.99429833694012848 1.5000000000000002 0 1.0000000180025095e-35 0.47395550732501363 41.500000000000007 21.500000000000004 -1.0000000180025095e-35 36.500000000000007 0.30747976713161412 0.10087460081544071 0.24283374283374287 12.647165151018202 0.033908045977011504 11.500000000000002 3817458.5000000005 0.18727117496336229 29.500000000000004 100.50000000000001 0.19836065573770495 10.261590403082382 1.8589028282731705 -4.4999999999999991 8.5047169811320771 0.11647286821705428 524187.00000000006 56.500000000000007
decision_type=2 2 2 2 2 1 2 8 2 2 2 2 2 2 10 10 8 2 2 2 2 2 10 10 10 2 10 10 2 2
left_child=2 -2 6 4 -4 -6 10 8 -8 -10 11 13 27 16 17 -16 -1 18 -15 -17 -19 -12 25 24 -24 -18 -27 28 -13 -29
right_child=1 -3 3 -5 5 -7 7 -9 9 -11 21 12 -14 14 15 19 22 20 -20 -21 -22 -23 23 -25 -26 26 -28 29 -30 -31
leaf_value=-0.22632429553319275 0.098072239690545571 -0.080548132161767705 0.068676828227949224 0.07696304875523742 -0.21990387278121126 0.00024259233600216719 0.071145042659221933 -0.053786184455940925 0.017704399779970219 -0.22390202004434268 0.0016158179678118099 0.10214305181745742 -0.11551009237854167 -0.070592556385386585 -0.057643346630770122 0.22001202696121941 -0.1328768068036128 0.058101357600955417 0.10568077368792446 -0.13676720559164837 -0.12764788584844869 -0.054943508171237977 0.0977569274880805 0.094154446776387915 -0.13738543826682501 -0.027854052837579014 -0.12606563354346456 0.012203853535530183 -0.14764029719199867 -0.16990050784440971
leaf_weight=12.284077972764861 50.92994774953695 6.8797204345464698 27.081859779078513 67.316143631194791 11.367227842003558 8.2263181875550799 112.01962964939958 29.546373818120628 21.615260814476645 6.1893429744668529 8734.5468923587305 74.452344855826595 34.24551921496186 18.604336089705612 184.58912452533787 12.362136064417429 50.42513489326484 20.685182915334735 103.64216321102504 3.9973455948438632 20.104288647726207 111.30233228900215 10.82092572781403 36.055801339589379 20.253484785569526 278.6394972865819 43.091987941395928 383.70302709289172 8.3400057346188969 14.045517597918659
leaf_count=892 6226 29 143 499 436 98 847 704 136 184 78398 6250 53031 1785 37813 335 15048 7315 3821 2464 3369 2904 83 606 1040 1136 755 55546 2680 3658
internal_value=0.000558805 0.0768153 0.000137338 0.0398543 -0.0136647 -0.127476 -0.00030028 0.0317489 0.0498234 -0.0360775 -0.0008337 -0.0123893 0.00915735 -0.0259897 -0.000527491 -0.0421363 -0.0465133 0.050757 0.0788543 0.132835 -0.0334506 0.000904164 -0.0414852 0.0248785 -0.0555027 -0.053456 -0.0410083 0.0180417 0.0769814 0.00577328
internal_weight=10517.4 57.8097 10459.6 113.992 46.6754 19.5935 10345.6 169.371 139.824 27.8046 10176.2 1330.34 514.786 815.555 363.985 200.949 451.571 163.036 122.246 16.3595 40.7895 8845.85 439.287 67.1302 31.0744 372.157 321.731 480.541 82.7924 397.749
internal_count=288231 6255 281976 1176 677 534 280800 1871 1167 320 278929 197627 121165 76462 56902 40612 19560 16290 5606 2799 10684 81302 18668 1729 1123 16939 1891 68134 8930 59204
cat_boundaries=0 1
cat_threshold=2
is_linear=0
shrinkage=0.1


Tree=80
num_leaves=31
num_cat=3
split_feature=12 30 17 17 0 28 38 11 1 0 0 33 28 28 11 22 32 27 20 11 19 29 29 39 28 40 39 33 36 11
split_gain=31.0037 17.7955 20.9725 38.1145 31.1563 20.739 18.2272 27.468 17.9628 46.7953 40.4583 43.093 43.7912 41.603 43.5851 40.1491 47.164 45.6113 45.4779 65.1543 48.4629 41.5019 44.2208 41.4299 37.3485 37.1543 35.003 44.1701 37.5013 37.2166
threshold=1.0000000180025095e-35 0.55684754521963831 12.500000000000002 20.500000000000004 597416.50000000012 6.4204989294655705 5.5000000000000009 -3.5611511255906634 2.8092855982734464 1072202.0000000002 630512.00000000012 0.26546556122448989 10.943885925783604 7.4650545936692652 -0.099431056323676478 0 13473874.000000002 34.406593406593416 1.0000000180025095e-35 -0.69079425541176442 1 0.21370023419203749 0.25723738626964437 0.038472415098611275 3.4124990035998404 99.500000000000014 0.062319588556741141 0.55338145896656543 2 -1.6674338433442526
decision_type=2 10 2 2 2 10 2 8 2 2 2 10 10 10 10 1 2 10 2 10 1 10 10 2 10 2 2 10 1 10
left_child=1 8 -3 -4 5 -5 -6 -8 9 -1 11 -10 13 14 -13 17 18 -12 20 21 -17 24 -23 -18 -20 -22 27 29 -28 -26
right_child=-2 2 3 4 6 -7 7 -9 10 -11 15 12 -14 -15 -16 16 23 -19 19 -21 25 22 -24 -25 26 -27 28 -29 -30 -31
leaf_value=7.7551053750453798e-05 0.10008930187524744 0.078953096639298448 -0.18684542797870468 0.011277717506544278 0.082816817315791574 -0.1340027496385949 0.10168250178418195 -0.19785470274713599 -0.11127542201538031 0.033043011919040757 0.036518943258659502 0.044932377742391505 0.049805320006586287 -0.14046160554449361 -0.10029260014977517 -0.13565363011162873 -0.031862279172790615 -0.32514002092767047 0.017660402895878446 0.025017799979648883 -0.016457848334453618 0.078850875038022961 -0.1251435401279937 -0.14738872397308739 -0.11695487653973487 -0.34113850771933363 -0.14900582153620237 -0.1590228271372699 0.053096346873966999 -0.026940312947297242
leaf_weight=7318.6510307514318 31.168640821240842 60.939381322474219 9.344275993998961 24.381194342402523 63.173490455170395 16.459144397738783 6.0268549516094936 6.2220077255587949 71.555471361352829 457.52936598967972 282.08705038731932 50.03123301069536 60.595286644007501 38.356768298285715 35.209714323380467 43.131055853717044 248.61342257450269 3.5308268197604766 128.66437053280606 760.21587790048216 250.85368655978527 69.056578191430162 12.55909215125939 35.471047958817508 57.128197043955879 3.5747139664235865 10.927779902733164 38.139275657329563 57.447779600859576 234.35517388323933
leaf_count=238813 4191 502 741 1184 87 1243 230 185 2799 4257 2981 1804 1102 1615 640 9950 2725 147 1001 1722 3052 278 147 1697 2599 169 384 708 642 636
internal_value=0.000502631 0.00020572 0.0308149 0.00746024 0.023077 -0.047272 0.0611702 -0.0504723 -0.000350397 0.00201715 -0.0077397 -0.0454169 -0.0198321 -0.0539727 -0.0150544 -0.00342979 -0.00858189 0.030964 -0.00220417 0.00549992 -0.0376357 -0.0188932 0.04746 -0.046287 -0.0291758 -0.0210196 -0.044317 -0.0578238 0.0207964 -0.0445824
internal_weight=10485.4 10454.2 186.546 125.607 116.263 40.8403 75.4224 12.2489 10267.7 7776.18 2491.5 255.748 184.193 123.598 85.2409 2235.76 1950.14 285.618 1666.05 1368.49 297.559 608.278 81.6157 284.084 526.663 254.428 397.998 329.623 68.3756 291.483
internal_count=288231 284040 4172 3670 2929 2427 502 415 279868 243070 36798 7960 5161 4059 2444 28838 25710 3128 21288 8117 13171 6395 425 4422 5970 3221 4969 3943 1026 3235
cat_boundaries=0 1 2 3
cat_threshold=2 2 4
is_linear=0
shrinkage=0.1


Tree=81
num_leaves=31
num_cat=3
split_feature=2 38 8 32 17 39 24 20 19 40 31 9 27 0 4 1 1 0 19 30 9 39 27 35 11 11 40 40 32 39
split_gain=28.5595 17.3765 16.8666 38.1722 26.2898 17.0742 16.1276 39.4609 179.754 32.8258 35.7732 41.8594 34.0285 27.6923 30.3286 28.2642 42.8764 44.9764 46.4545 42.2216 31.3176 29.4938 28.1674 27.4949 27.9977 61.2309 50.7042 29.7688 26.6 41.423
threshold=1.0000000180025095e-35 1.5000000000000002 60.500000000000007 15348325.000000002 31.500000000000004 0.025182143888875023 1.0000000180025095e-35 1.0000000180025095e-35 0 60.500000000000007 28.500000000000004 62.500000000000007 -1.0000000180025095e-35 303570.50000000006 2.1217135768267021 0.85547279190410541 0.085449720623579709 28806.000000000004 1 0.4369318181818182 49.500000000000007 0.21113453450672401 18.419413919413923 2 -1.173429068752345 -0.56697825006027025 29.500000000000004 41.500000000000007 11061262.500000002 1.0000000180025095e-35
decision_type=2 2 2 2 2 2 2 2 1 2 2 2 8 2 2 2 2 2 1 10 2 2 8 1 8 8 2 2 2 2
left_child=2 -2 6 4 5 -4 7 8 -1 13 11 12 -11 14 15 16 17 18 19 -10 -18 -20 -22 24 27 -26 -27 -15 29 -28
right_child=1 -3 3 -5 -6 -7 -8 -9 9 10 -12 -13 -14 23 -16 -17 20 -19 21 -21 22 -23 -24 -25 25 26 28 -29 -30 -31
leaf_value=-0.11962586037332015 0.097784697237280352 -0.071580433627390791 0.032652939566191606 -0.54880588002948982 -0.28398806947034977 -0.13682772773343391 0.017181560215662733 0.0018164882006802244 -0.16649119095983089 0.095520521840320338 0.014069322533037672 -0.013968858682845288 -0.15824794840202958 -0.1147749064683225 -0.17315723329749819 0.084916184554964622 -0.17161063154373404 0.14894483851392423 0.031739279682672414 0.040713792625589426 0.023420339140029871 -0.061520440181040872 -0.16146527648885667 0.032980624278401531 -0.24162484414104213 0.035653615954262127 -0.63713312289287383 0.10086294603529469 -0.0067673418545402056 -0.13822342918789418
leaf_weight=150.70972743013954 44.504647315916372 7.0122775211930266 21.707322659887726 1.5820813337195421 4.0930611931835292 8.185912548331542 538.22188873555569 8575.8438044173399 31.924270393959887 5.8558023595505801 73.074792488034291 57.333048602529743 54.118715231332317 8.0613857621592597 11.983558788126173 28.034095300636181 27.999183033458394 18.558086235610972 141.70096766697498 14.212022225003237 27.044253312395085 44.579824680920865 11.851262784774006 385.38504103544801 13.489023642512619 68.51380807442365 1.8123831462799014 31.099723157756671 15.054042467134421 20.34995832455752
leaf_count=126091 6226 29 72 39 123 230 7199 113705 4438 64 2328 760 8668 724 777 434 2725 133 1190 595 224 5767 396 3819 153 229 32 715 55 291
internal_value=0.000459183 0.0747314 9.10022e-05 -0.0686533 -0.046302 -0.0137574 0.000327091 -0.000596814 -0.0172504 -0.00312171 -0.0408525 -0.0750651 -0.13347 0.00484508 -0.0167569 -0.0113385 -0.0198275 -0.000866369 -0.0128285 -0.102663 -0.0909659 0.00942081 -0.0329134 0.0190627 -0.0158831 -0.040983 -0.0153852 0.0564735 -0.109346 -0.179023
internal_weight=10443.9 51.5169 10392.4 35.5684 33.9863 29.8932 10356.8 9818.59 1242.74 1092.04 190.382 117.308 59.9745 901.653 357.888 345.904 317.87 250.975 232.417 46.1363 66.8947 186.281 38.8955 543.765 158.38 119.219 105.73 39.1611 37.2164 22.1623
internal_count=288231 6255 281976 464 425 302 281512 274313 160608 34517 11820 9492 8732 22697 16679 15902 15468 12123 11990 5033 3345 6957 620 6018 2199 760 607 1439 378 323
cat_boundaries=0 1 2 3
cat_threshold=2 1 4
is_linear=0
shrinkage=0.1


Tree=82
num_leaves=31
num_cat=0
split_feature=12 27 8 11 17 11 40 34 39 0 27 28 32 32 8 38 1 17 32 17 8 9 27 9 0 0 38 39 34 34
split_gain=26.6334 15.5659 33.0882 118.567 83.706 68.5784 50.5922 50.4261 53.2178 58.703 47.5357 46.6957 46.2061 40.6516 42.1279 67.4788 39.4057 62.0538 38.8493 38.4944 35.8296 38.8631 36.4564 57.9434 35.7964 33.8524 35.2542 58.2134 64.3764 67.9876
threshold=1.0000000180025095e-35 18.419413919413923 17.500000000000004 -0.6010374120535048 25.500000000000004 -1.173429068752345 87.500000000000014 39.500000000000007 0.010048812425669964 1677991.5000000002 21.14396551724138 12.703272715754546 7204860.5000000009 6172397.5000000009 12.500000000000002 5.5000000000000009 -0.47665691405939664 19.500000000000004 11625260.500000002 8.5000000000000018 10.500000000000002 66.500000000000014 28.754310344827591 61.500000000000007 259963.50000000003 -1120376.4999999998 4.5000000000000009 0.027765599897217611 31.500000000000004 14.500000000000002
decision_type=2 10 2 8 2 10 2 2 2 2 10 10 2 2 2 2 2 2 2 2 2 2 10 2 2 2 2 2 2 2
left_child=1 -1 3 4 6 -4 7 8 9 -3 -10 13 -11 -6 -15 -16 18 -18 19 -12 22 -22 23 -9 -8 -7 -27 -28 29 -29
right_child=-2 2 5 -5 11 25 24 20 10 12 16 -13 -14 14 15 -17 17 -19 -20 -21 21 -23 -24 -25 -26 26 27 28 -30 -31
leaf_value=0.0028532751921221122 0.10008582718504566 -0.17448558518941357 0.060592142382586714 -0.13392541531510049 0.040562008949610318 -0.16630053509279441 -0.15382464037125493 -0.13381161872420796 -0.15228545705369687 -0.42199669827604142 -0.1848146306826671 -0.11758424685105773 0.011683875280995992 -0.11243521194411332 -0.18457390702473045 0.0622361396381272 0.0071610020451096743 -0.13685366934968785 -0.14965072056482961 0.10203720480947842 0.067417993220268535 -0.17165433850114553 0.039277369238021664 0.08044842214877089 0.11508720810173696 -0.013297521516618026 -0.011852049729208107 -0.060600576682817375 -0.0074980590142834386 0.095861481575536214
leaf_weight=6974.4322219834703 26.736524272244424 44.067101158545483 181.19138233983904 83.649739187872001 57.681107001750206 12.702897878767542 5.4112788364545841 41.285571552803049 20.419632828086833 2.6044607059920954 4.997810031323751 88.036170955857415 43.314274121710696 70.791355566104357 14.686742908437735 45.076475540678075 170.11054190835603 36.304957259717412 7.8515320772476107 73.163158734998433 173.80094935437955 7.0763785576200453 66.966969120863723 18.179684776681825 58.090429448826399 1232.5379706659587 437.11653567817848 32.174742924362363 161.82130501178835 202.97097484450933
leaf_count=194704 4191 1794 1440 3715 2635 451 2137 5655 3646 130 399 13141 406 15103 155 791 5678 5043 1845 2902 971 227 2889 75 1091 5410 2121 1774 4901 2811
internal_value=0.000407377 0.000150343 -0.00540386 -0.0193468 -0.0102181 0.00158804 0.00665518 -0.00099182 -0.0242663 -0.0920375 -0.00477296 -0.0574682 -0.012914 -0.0293525 -0.0602418 0.00158285 0.00552753 -0.0181687 0.0623945 0.0836952 0.0295173 0.0580649 -0.0113237 -0.0683082 0.092172 -0.00355355 -0.00255319 0.0133239 0.0410461 0.0744529
internal_weight=10395.3 10368.5 3394.08 1133.57 1049.92 2260.52 773.645 710.143 402.833 89.9858 312.848 276.272 45.9187 188.236 130.555 59.7632 292.428 206.415 86.0125 78.161 307.31 180.877 126.432 59.4653 63.5017 2079.32 2066.62 834.084 396.967 235.146
internal_count=288231 284040 89336 70428 66713 18908 34888 31660 21843 2330 19513 31825 536 18684 16049 946 15867 10721 5146 3301 9817 1198 8619 5730 3228 17468 17017 11607 9486 4585
is_linear=0
shrinkage=0.1


Tree=83
num_leaves=31
num_cat=1
split_feature=2 6 17 16 40 33 39 1 32 28 4 9 9 8 15 15 16 9 28 27 17 11 8 39 30 1 9 36 1 1
split_gain=24.6411 16.3496 20.699 18.0532 33.3679 31.8255 25.3994 24.5652 23.646 37.2698 27.2385 33.5791 25.7007 80.4617 23.5885 51.2903 171.772 50.8308 44.063 41.5238 38.7719 39.0978 34.7569 32.662 37.2755 30.5552 48.3985 30.339 29.4757 37.0676
threshold=1.0000000180025095e-35 1.0000000180025095e-35 29.500000000000004 0.063508064516129045 9.5000000000000018 0.44151846785225723 0.18727117496336229 -0.68940578919593654 6201246.0000000009 7.4351182182540017 2.5936963462464671 75.500000000000014 57.500000000000007 35.500000000000007 0.46154970760233921 0.99583333333333346 0.47809523809523818 42.500000000000007 12.647165151018202 5.9157801418439728 18.500000000000004 0.4027772563492808 25.500000000000004 0.12902412571471464 0.44782214156079864 17.721307950192578 45.500000000000007 0 -0.33582038336788189 0.1253822285526599
decision_type=2 2 2 2 2 8 2 2 2 10 2 2 2 2 2 2 2 2 8 8 2 8 2 2 10 2 2 1 2 2
left_child=1 3 -3 4 -1 6 8 -7 -6 -10 12 -12 -11 -14 25 16 17 19 20 -16 21 23 -20 -19 -25 -5 -27 -23 -22 -30
right_child=-2 2 -4 14 5 7 -8 -9 9 10 11 -13 13 -15 15 -17 -18 18 22 -21 28 27 -24 24 -26 26 -28 -29 29 -31
leaf_value=-0.099723970869164014 0.07304382796531883 0.056737693721684149 -0.066748448366118637 0.021361166900095489 0.073422215901699561 0.068306632697694922 -0.097059945081742149 -0.11851299493200487 -0.11448049133804634 0.081013790607609715 -0.1773818204042939 0.062754380546253236 -0.23848774468318165 0.080069669495879431 -0.021973290075046462 0.0011825647401476399 -0.14401118579968405 0.048843641855640892 -0.18478252949438184 -0.13746334650440864 -0.14706432252519472 -0.1789054844196073 -0.011379485011066412 -0.15523330188520168 0.085776415923497606 0.0039011707027071865 -0.52768777069538475 -0.025593143535286939 0.15685166648592172 0.041708972576292178
leaf_weight=48.974599439452504 46.438869226112729 92.63746501640162 15.904648409203217 631.16220071266071 54.049346456802596 8.6033774883944698 21.684477991182575 38.693811462957456 25.257454675152985 62.413284102629405 13.893825686731363 10.02449259161949 11.844845546758732 23.98328342102468 109.57050800957495 8584.1641927650362 106.49303221070568 125.19199425665647 18.395664181474785 43.488268061370036 6.2130283954538745 17.154463717277395 31.103676906102919 18.230846458423915 9.903341665012702 4.9236302362769484 2.6262359305983409 52.138807548764817 39.68340710926168 94.632259023299412
leaf_count=1926 6255 756 420 6476 137 294 4660 2200 382 415 225 19 91 28 2500 152718 102416 307 657 3283 276 133 270 478 42 35 37 264 134 397
internal_value=0.00036393 3.69745e-05 0.0386433 -0.000373267 -0.0237721 -0.0100183 0.00577471 -0.0845304 0.0168431 -0.00390115 0.018962 -0.0767375 0.0422614 -0.025246 0.000382071 -0.000900474 -0.0275014 -0.00556871 0.0126874 -0.0547872 0.0247518 -0.00120902 -0.075822 0.0269639 -0.070397 0.018969 -0.181013 -0.0635476 0.0658777 0.0757277
internal_weight=10369.5 10323 108.542 10214.5 319.423 270.448 223.151 47.2972 201.467 147.417 122.16 23.9183 98.2414 35.8281 9895.08 9256.36 672.199 565.706 412.647 153.059 363.148 222.619 49.4993 153.326 28.1342 638.712 7.54987 69.2933 140.529 134.316
internal_count=288231 281976 1176 280800 10377 8451 5957 2494 1297 1160 778 244 534 119 270423 263875 111157 8741 2958 5783 2031 1224 927 827 520 6548 72 397 807 531
cat_boundaries=0 1
cat_threshold=2
is_linear=0
shrinkage=0.1


Tree=84
num_leaves=31
num_cat=0
split_feature=12 38 32 8 31 0 9 32 33 30 32 11 29 30 30 39 38 38 39 28 39 17 29 28 39 27 29 0 39 39
split_gain=23.1819 16.0435 27.7348 27.9275 52.0215 39.4443 39.5631 37.6975 37.5473 54.1853 48.5646 68.3128 40.3508 72.9914 43.3362 43.2267 42.8608 41.8914 39.8196 43.4014 47.7652 45.3184 45.0846 37.4781 36.5291 61.279 39.8305 35.8702 37.444 89.2757
threshold=1.0000000180025095e-35 7.5000000000000009 26939105.000000004 1.0000000180025095e-35 24.500000000000004 -803183.99999999988 40.500000000000007 15059847.500000002 0.26953601953601958 0.37807807807807814 7450416.0000000009 -0.36986187258157427 0.081799933087989302 1.0000000180025095e-35 0.29745817245817252 0.052503480979866381 2.5000000000000004 5.5000000000000009 0.084703366916279679 9.1949068196553192 0.0069119034517247527 24.500000000000004 0.043961352657004842 8.565775386792895 0.44604102800448536 19.023477812177507 0.10063291139240509 1279186.5000000002 0.034736829262521807 0.045729203756284011
decision_type=2 2 2 2 2 2 2 2 8 10 2 8 8 8 8 2 2 2 2 10 2 2 10 10 2 10 10 2 2 2
left_child=1 2 3 4 5 -1 7 8 18 10 12 -12 15 -14 16 17 -15 -10 19 20 22 -21 -7 -11 27 26 -26 -5 -29 -30
right_child=-2 -3 -4 24 -6 6 -8 -9 9 23 11 -13 13 14 -16 -17 -18 -19 -20 21 -22 -23 -24 -25 25 -27 -28 28 29 -31
leaf_value=-0.15375358084772331 0.10007530613801174 0.01071681818476009 -0.042980293173226991 -0.0022414540299286858 -0.16085867187509353 -0.16397061573719238 -0.14117845204495585 0.16736679798727916 0.0055547621368038959 -0.16333136186489514 0.034141095473701061 -0.20591066789477869 0.11951398604859623 0.014890691317891662 0.0044553058446795187 -0.10939844671341883 -0.11766526182394461 -0.17655683775100367 0.038922877876904911 0.067665623003031958 -0.12635569680544245 -0.14007366406107336 0.029592788895705591 -0.033791463186166937 0.090572159998485197 -0.091432305542909667 -0.024869799018143662 0.025301543129172606 -0.14357588770461302 0.022858954274051806
leaf_weight=19.047000235166706 23.245315480511636 1250.5453725967491 157.37488809759088 6153.8922035332835 23.471996102058256 14.656064497699843 22.259951951587936 12.316755351144819 93.280529496390955 41.873908409417709 252.06669303255694 12.439795845604747 39.714233486458397 36.227979638468241 188.07795283539781 104.25428999098403 74.667288548900615 14.609688694359646 277.41135202540136 73.188913185262209 53.769392826947296 12.260277297940773 67.240115070584579 47.862550707821356 138.18176218678855 28.92613659179915 38.135781286517158 911.30088699283078 46.58829519955907 104.56422771199141
leaf_count=1317 4191 224555 1345 26815 708 86 2042 22 234 1119 2082 321 198 233 2452 3309 2040 223 4308 185 466 82 151 740 2372 2272 1543 2262 271 287
internal_value=0.000324219 9.93209e-05 -0.00136626 -0.000630605 -0.0131701 -0.0107913 -0.00889789 -0.00681828 -0.00834677 -0.0204854 -0.012368 0.0228514 -0.0292802 -0.00785956 -0.0247793 -0.0634782 -0.074361 -0.0191054 0.0136909 -0.0179652 -0.0531263 0.0378591 -0.00504714 -0.0942389 0.00187118 0.0434713 0.0656032 0.000688011 0.0176559 -0.0284397
internal_weight=10333.5 10310.2 9059.66 8902.29 1480.7 1457.22 1438.18 1415.92 1403.6 905.075 815.338 264.506 550.832 338.687 298.973 212.145 110.895 107.89 498.526 221.115 135.666 85.4492 81.8962 89.7365 7421.59 205.244 176.318 7216.35 1062.45 151.153
internal_count=288231 284040 59485 58140 22318 21610 20293 18251 18229 12951 11092 2403 8689 4923 4725 3766 2273 457 5278 970 703 267 237 1859 35822 6187 3915 29635 2820 558
is_linear=0
shrinkage=0.1


Tree=85
num_leaves=31
num_cat=0
split_feature=12 4 11 34 29 31 33 8 37 27 8 11 0 32 28 1 32 0 32 11 39 34 11 39 29 39 31 20 9 9
split_gain=20.9838 14.7701 38.201 30.5478 30.5508 25.07 26.8605 24.97 23.8171 30.2334 23.1721 22.3409 20.5047 23.9619 27.1427 20.8851 41.8385 40.5515 33.8492 30.5813 37.5196 39.305 56.8374 34.8858 32.2355 40.1986 32.211 53.2804 49.4335 64.8885
threshold=1.0000000180025095e-35 13.47680427031535 2.0005789650905945 48.500000000000007 0.11978260869565219 7.5000000000000009 0.51449579831932779 25.500000000000004 1.0000000180025095e-35 25.520138888888891 34.500000000000007 -1.4057885745531939 2182617.5000000005 3635004.5000000005 1.0000000180025095e-35 2.8092855982734464 31235931.500000004 722538.50000000012 5507850.0000000009 0.16225657108394378 0.093995396827574032 27.500000000000004 3.0380138637577887 0.46760268628074853 0.1115257048092869 0.011831586556072084 15.500000000000002 1.0000000180025095e-35 66.500000000000014 47.500000000000007
decision_type=2 2 10 2 10 2 8 2 2 8 2 10 2 2 8 2 2 2 2 10 2 2 10 2 8 2 2 2 2 2
left_child=1 12 5 4 -4 -3 8 -5 9 11 -8 -7 15 14 -14 17 19 -1 -19 23 21 -21 -23 26 -24 -26 27 -17 29 -28
right_child=-2 2 3 7 -6 6 10 -9 -10 -11 -12 -13 13 -15 -16 16 -18 18 -20 20 -22 22 24 -25 25 -27 28 -29 -30 -31
leaf_value=-0.00072935028436484604 0.10006821087319753 -0.28936701170094931 -0.006559359564039133 -0.81016445003311799 -0.18442088670418771 -0.19674709693479125 -0.05853527424219912 -0.23342810914178497 0.038343767695642197 -0.29870149786693406 -0.47257615111154083 0.00084499688100599926 -1.1663011035145296 0.023673696808409826 -0.16349370305977182 -0.082913871995078145 -0.22663289417447874 0.060871990926693466 0.012366411292531821 0.045940403070640547 -0.05312478345489402 0.0039969712381646575 -0.077481958462168821 0.093244837174160475 -0.76650914544956172 -0.20829937388086397 -0.020226509267986907 0.0052503615321594296 0.014711248648969215 -0.10194460343830487
leaf_weight=6772.0146109995385 21.034646429121494 3.098621121775067 24.294300340236077 0.91684624469780729 16.02927427249233 6.3093647715295438 46.360995370388991 4.1424358232889062 129.93064170901653 4.0532997690497714 1.3922918336684222 61.48410647235869 0.3157959138261498 431.6083437325251 1.8575551934445682 78.274047797568528 8.8674498359196132 175.10406872942076 806.51205177185966 268.94201032030105 82.812840516538927 235.14362597752915 11.012402938402376 27.403893822137434 1.7582012731581915 4.8453345057023398 216.52229257276031 551.54182617308288 127.7476155128079 176.27956552356591
leaf_count=235348 4191 129 222 18 322 563 941 147 1499 249 32 275 6 4490 163 7428 603 1989 9010 802 1428 825 69 1743 25 49 9037 3785 672 2171
internal_value=0.000291175 8.6946e-05 -0.0218504 -0.106323 -0.0772622 -0.00667558 -0.00316518 -0.337945 0.0127958 -0.0334061 -0.070607 -0.0175444 0.000742111 0.0220059 -0.309205 -0.000224264 -0.00995671 0.00202401 0.021019 -0.00887868 0.00940512 0.0193309 -0.00898228 -0.0182632 -0.182234 -0.356924 -0.0209195 -0.00570676 -0.0393256 -0.0568995
internal_weight=10297.6 10276.6 298.012 45.3829 40.3236 252.629 249.531 5.05928 201.777 71.8468 47.7533 67.7935 9978.56 433.782 2.17335 9544.78 1791.15 7753.63 981.616 1782.28 604.514 521.702 252.76 1177.77 17.6159 6.60354 1150.37 629.816 520.549 392.802
internal_count=288231 284040 4397 709 544 3688 3559 165 2586 1087 973 838 279643 4659 169 274984 28637 246347 10999 28034 3198 1770 968 24836 143 74 23093 11213 11880 11208
is_linear=0
shrinkage=0.1


Tree=86
num_leaves=31
num_cat=1
split_feature=2 20 19 32 17 32 32 0 28 29 39 9 40 8 11 11 33 29 4 29 32 27 39 34 39 39 39 0 38 29
split_gain=19.5516 16.2317 22.9406 14.2038 24.0456 21.9129 30.266 43.8387 74.5766 33.3863 88.8874 58.306 32.7125 27.4751 35.7706 89.5281 29.2469 28.1963 32.0998 26.6698 29.9857 27.5848 35.7419 30.9757 29.087 33.7834 32.6067 26.9798 26.1229 25.9178
threshold=1.0000000180025095e-35 1.0000000180025095e-35 0 2451523.0000000005 28.500000000000004 3573227.5000000005 4389318.0000000009 143962.50000000003 12.288696882511141 0.081190947044605596 0.17729937798499204 68.500000000000014 31.500000000000004 1.5000000000000002 -1.0851005408925143 -1.1151207970746626 0.84807692307692317 0.15655637254901963 0.2484467867018034 0.17192118226600989 3482920.0000000005 3.9101010101010103 0.24699182176478948 22.500000000000004 0.031048519012524593 0.14339493266938824 0.1635089551718085 -438626.49999999994 1.5000000000000002 0.057417582417582429
decision_type=2 2 1 2 2 2 2 2 8 10 2 2 2 2 8 10 10 10 2 10 2 8 2 2 2 2 2 2 2 10
left_child=3 2 -2 4 -1 19 7 8 13 10 29 -11 -10 -7 15 -15 17 -16 -19 20 21 -5 24 -24 27 -26 -27 -23 -25 -9
right_child=1 -3 -4 5 -6 6 -8 9 12 11 -12 -13 -14 14 16 -17 -18 18 -20 -21 -22 22 23 28 25 26 -28 -29 -30 -31
leaf_value=0.053817473778554871 -0.27145351977699272 0.10101085546138514 0.069782255081406716 0.011478039039056635 -0.063267056056351537 -0.093141698889868896 -0.001108467303460354 0.049347380397423514 0.10586707858186449 0.065411164636103761 -0.16091219664506212 -0.31968761676825086 -0.16765362116431207 -0.026645061357954025 -0.077593052943470589 0.59749885787250856 0.12091475917604276 -0.25383411915290494 0.040594531797000066 0.02577903967638099 -0.16374053062469135 -0.36926035069017393 0.0611835691280345 0.075263326648880843 -0.2371704154471499 0.037581591480922952 -0.14283368769442062 -0.011023571182291105 -0.12801021219950157 -0.067804876568311037
leaf_weight=102.19634778729596 3.090313437220173 32.717416442465037 5.4351157620549202 104.0155514086282 21.174496353010909 64.998761921719961 8954.2229265381175 142.29977183267329 57.788891993261132 280.13321645072392 27.353754088793721 3.9875616823173905 4.7304617322633922 7.7819575552930473 84.355843748329789 3.2613815040967875 11.959526531980371 4.0252009746327522 46.244988234626362 85.370740978065442 17.708953898671098 2.2062184646965752 39.723468086111097 8.7519893646240252 20.587928889015529 15.047063294367033 29.96976437628291 44.639939375207177 22.770639946226765 21.77364970295821
leaf_count=1729 24 5324 907 2479 1488 7348 250069 1303 700 2761 1605 94 799 156 976 11 54 49 175 1619 1020 36 1289 35 974 155 1124 736 2610 582
internal_value=0.000273221 0.0689868 -0.0539095 -3.82648e-06 0.0337219 -0.000415551 0.00051839 0.0196683 -0.0113334 0.0382575 0.00597725 0.0600064 0.0851714 -0.0384344 -0.0158757 0.157681 -0.0289509 -0.0422642 0.0170192 -0.0236329 -0.0374444 -0.0296708 -0.0529707 0.00244579 -0.0880812 -0.131058 -0.0825291 -0.0278947 -0.071573 0.0338005
internal_weight=10270.3 41.2428 8.52543 10229.1 123.371 10105.7 9714.92 760.695 285.147 475.548 191.427 284.121 62.5194 222.628 157.629 11.0433 146.586 134.626 50.2702 390.792 305.422 287.713 183.697 71.2461 112.451 65.6048 45.0168 46.8462 31.5226 164.073
internal_count=288231 6255 931 281976 3217 278759 266682 16613 10268 6345 3490 2855 1499 8769 1421 167 1254 1200 224 12077 10458 9438 6959 3934 3025 2253 1279 772 2645 1885
cat_boundaries=0 1
cat_threshold=2
is_linear=0
shrinkage=0.1


Tree=87
num_leaves=31
num_cat=2
split_feature=12 6 5 38 24 5 32 38 38 39 34 34 0 4 4 17 36 11 27 8 11 32 28 39 0 23 28 32 33 9
split_gain=18.0814 13.8899 19.2312 35.1465 18.6675 14.8759 24.3917 29.7173 47.2548 98.9904 22.1742 18.6655 16.2137 82.4282 74.9413 76.5037 94.3327 58.3502 62.2437 59.5266 46.0746 44.1527 40.2804 36.8434 41.8994 71.1009 90.7513 44.1674 60.6999 50.1199
threshold=1.0000000180025095e-35 1.0000000180025095e-35 1.0000000180025095e-35 1.5000000000000002 1.0000000180025095e-35 1.0000000180025095e-35 9499860.0000000019 1.5000000000000002 2.5000000000000004 0.031048519012524593 11.500000000000002 63.500000000000007 129335.00000000001 1.4571289015627806 1.1002336198476952 30.500000000000004 0 -1.9318931259379131 33.153116531165317 4.5000000000000009 -0.84771541225350167 10305617.500000002 6.2958100084098154 0.4516456975855368 326354.00000000006 1 3.7957982182526777 11924366.000000002 0.31311274509803927 66.500000000000014
decision_type=2 2 2 2 2 2 2 2 2 2 2 2 2 2 2 2 1 10 10 2 10 2 10 2 2 1 10 2 10 2
left_child=1 5 -3 -4 -5 12 7 -7 9 -9 -10 -8 14 -14 -1 17 20 19 22 -16 -17 -20 -19 24 25 26 -15 29 -29 -28
right_child=-2 2 3 4 -6 6 11 8 10 -11 -12 -13 13 23 15 16 -18 18 21 -21 -22 -23 -24 -25 -26 -27 27 28 -30 -31
leaf_value=-0.00048281376997462606 0.10006100689494868 0.073884284479330195 0.069078458529846953 -0.15870510121264991 0.064115894937208914 0.081817694864425528 0.075414655549276358 0.050374516358817983 -0.25498890857320283 -0.36057555064499486 0.054171562630921849 -0.20327015653316668 0.041834541275104539 -0.13578874983575981 -0.1380364723905379 -0.12346634366739802 -0.074617352923813135 -0.17110605411254326 0.12569784507514753 0.094394960435659758 0.11276139192425932 -0.17842077203042642 -0.079334342763181256 0.052046551317690481 0.001358380573637156 -0.093325646083614752 -0.0014505902789764878 -0.063004640097343662 0.097035436691956523 -0.093381605074358678
leaf_weight=3177.8414444571463 18.116126862354577 59.19533722043434 24.448004587553442 16.21952382557993 4.8944782927574115 24.317912431433797 81.483599124589091 11.539378926157953 2.5229581684470785 11.912903686112257 28.833093188304701 2.4763730143240528 486.19705321849597 53.687491906817741 15.509075868385478 9.2769908075915719 63.465548982498149 63.292493625689531 21.132540722930575 38.054117479234264 75.063562531060597 6.1670094577639238 195.73658468586291 127.9140519141265 4841.1345185014043 112.56691045231491 487.60821858556938 32.386561317543965 88.348572730181331 67.515804494685653
leaf_count=149954 4191 420 76 549 11 53 620 13 277 79 689 65 7761 3032 10550 2301 4999 1080 69 407 458 151 3363 11443 67088 4112 10549 1287 1852 732
internal_value=0.000245241 6.84919e-05 0.0362946 -0.0125428 -0.107053 -0.000306282 0.0296513 -0.0101859 -0.0510069 -0.158373 0.029296 0.0671949 -0.000796668 0.00228112 -0.00608427 -0.0425834 0.0174773 -0.0687015 -0.086622 0.0270951 0.0867777 0.056997 -0.101758 -0.00102816 -0.00222273 -0.0228098 -0.0105061 -0.000709638 0.0541055 -0.0126315
internal_weight=10248.9 10230.7 104.757 45.562 21.114 10126 163.086 79.1262 54.8083 23.4523 31.3561 83.96 9962.9 6297.36 3665.54 487.698 147.806 339.892 286.329 53.5632 84.3406 27.2996 259.029 5811.16 5683.25 842.114 729.547 675.859 120.735 555.124
internal_count=288231 284040 1056 636 560 282984 1796 1111 1058 92 966 685 281188 107856 173332 23378 7758 15620 4663 10957 2759 220 4443 100095 88652 21564 17452 14420 3139 11281
cat_boundaries=0 1 2
cat_threshold=4 10
is_linear=0
shrinkage=0.1


Tree=88
num_leaves=31
num_cat=3
split_feature=2 20 19 24 20 19 11 40 17 39 32 40 27 35 38 17 33 17 0 0 11 32 40 39 17 0 33 33 34 17
split_gain=16.8025 14.9174 19.8736 13.656 31.2325 157.03 31.4659 36.3518 29.4185 35.6856 26.7488 57.0271 27.3387 26.9427 32.4544 30.7303 26.5636 26.2754 33.8169 48.3075 28.8674 26.6715 26.2135 54.5785 34.4632 33.2016 26.1878 35.7152 26.124 24.7289
threshold=1.0000000180025095e-35 1.0000000180025095e-35 0 1.0000000180025095e-35 1.0000000180025095e-35 1 2.2633294854292729 20.500000000000004 21.500000000000004 0.0049106210412997462 9398171.5000000019 79.500000000000014 34.641071428571436 2 4.5000000000000009 29.500000000000004 0.074537037037037054 39.500000000000007 318744.00000000006 -617020.49999999988 -0.93530783698239117 5998840.5000000009 45.500000000000007 0.042005861145353658 24.500000000000004 -182929.99999999997 0.50238095238095248 0.6049571603427174 56.500000000000007 29.500000000000004
decision_type=2 2 1 2 2 1 10 2 2 2 2 2 8 1 2 2 10 2 2 2 10 2 2 2 2 2 8 8 2 2
left_child=3 2 -2 4 5 -1 10 -8 9 -9 11 13 22 14 15 -7 -5 18 19 -15 -19 29 24 25 -12 -24 -20 -28 -23 -21
right_child=1 -3 -4 16 -6 6 7 8 -10 -11 12 -13 -14 17 -16 -17 -18 20 26 21 -22 28 23 -25 -26 -27 27 -29 -30 -31
leaf_value=-0.11936532697549306 -0.26417296270513002 0.10095359090845056 0.066411219225438647 -0.12490495200593409 0.0012372714519839751 0.011681347313946521 0.036917703165839241 -0.64322101879179849 -0.086814066353412545 -0.1677319368869491 0.0031875726782237043 -0.19579477247691321 -0.1719228601558607 0.075893125387359012 -0.10808848094069223 -0.12149425479530021 0.01915867094473226 -0.1663869682356077 0.038088992524437412 0.0071842118664402618 0.084495339795827795 -0.15071399075372036 -0.16565382862744574 -0.130791859407728 0.083970095847695561 0.034287285327569014 -0.26659029305377985 -0.0083595011628064871 0.062770634303568593 -0.13466940672218797
leaf_weight=130.97729120428812 2.8688297632033928 28.874427200760692 4.9669444048777223 13.123824226522627 8467.8588911549032 94.746190000601928 19.771955286880257 2.2154277863446614 32.026337454813074 5.4890544508980383 94.622549505379538 16.450883199626332 7.1720066475254489 28.641091113270704 51.473282601144092 21.204540138838638 517.20147340788571 4.9653875158601286 173.29237241411465 50.571615299547375 60.082195143178978 44.553865223409048 8.8779419871225382 28.434832679337887 119.51269614324156 128.76125224811767 6.5742742696074847 28.901680883845984 6.5783340041016336 16.234247641202273
leaf_count=126306 24 5324 907 692 113892 476 96 22 460 121 1870 2371 1115 916 6974 200 6516 1061 1711 1790 185 3658 360 5993 1856 1043 387 582 169 1154
internal_value=0.000213768 0.067746 -0.0546221 -2.97534e-05 -0.000888349 -0.0161146 -0.00324924 -0.0738806 -0.129019 -0.304459 0.000988903 -0.0121611 0.0215014 -0.00702188 -0.0396403 -0.0126732 0.0155936 0.00675086 -0.00378489 -0.0406009 0.0653443 -0.0688913 0.02515 -0.00466561 0.0482737 0.0213908 0.0220641 -0.0562139 -0.123248 -0.0272871
internal_weight=10217 36.7102 7.83577 10180.3 9649.99 1182.13 1051.15 59.5028 39.7308 7.70448 991.651 604.27 387.381 587.819 167.424 115.951 530.325 420.395 355.347 146.579 65.0476 117.938 380.209 166.074 214.135 137.639 208.768 35.476 51.1322 66.8059
internal_count=288231 6255 931 281976 274768 160876 34570 699 603 143 33871 21634 12237 19263 7650 676 7208 11613 10367 7687 1246 6771 11122 7396 3726 1403 2680 969 3827 2944
cat_boundaries=0 1 2 3
cat_threshold=2 2 4
is_linear=0
shrinkage=0.1


Tree=89
num_leaves=31
num_cat=0
split_feature=12 38 39 1 9 9 27 29 8 27 9 8 30 11 1 32 1 28 0 28 9 9 27 30 27 39 33 39 11 39
split_gain=15.6083 14.0054 24.0703 23.7411 36.6005 38.8419 27.6216 28.7613 36.6362 27.5452 25.5148 24.3127 27.4276 23.1883 24.9818 22.9327 31.0756 51.8292 50.9209 68.2116 64.1474 35.1085 44.0429 41.454 37.2813 51.7498 35.887 40.3059 34.7381 34.5624
threshold=1.0000000180025095e-35 7.5000000000000009 0.42120207719345876 2.2310600940574998 32.500000000000007 33.500000000000007 30.786458333333339 0.14909495077802479 38.500000000000007 2.9386733416770969 75.500000000000014 40.500000000000007 0.34641025641025647 -0.50367004698981277 1.1385982131125878 12952582.500000002 1.2375727763858408 12.8441604465217 -191716.99999999997 11.498272102696582 78.500000000000014 81.500000000000014 27.469987995198082 0.30320054477357855 30.786458333333339 0.031048519012524593 0.3551971326164875 0.013468347194281362 1.1263299856527016 0.42313505250873645
decision_type=2 2 2 2 2 2 10 10 2 10 2 2 8 10 2 2 2 8 2 10 2 2 10 8 8 2 10 2 10 2
left_child=1 15 3 6 -5 -6 10 8 -8 -7 13 12 -9 -3 -15 -1 18 21 19 -17 -21 22 28 -23 25 -24 27 -25 -18 -20
right_child=-2 2 -4 4 5 9 7 11 -10 -11 -12 -13 -14 14 -16 16 17 -19 29 20 -22 23 24 26 -26 -27 -28 -29 -30 -31
leaf_value=0.0004102113546367998 0.100054153113131 0.029838057525167022 -0.11117254866161652 -0.1393351855995382 0.13856305408260713 -0.16468819101327412 -0.14072855346139931 0.077849119074558104 0.031407447581878287 -0.0048213949094119326 0.071485692172957416 -0.41755384974994669 -0.15673170503134531 -0.042827219286985102 0.042523285465101188 -0.18313663419588178 -0.013555458321649887 -0.13169694805989671 0.020278507730407968 0.058610536495352465 -0.22066987076058917 0.061229713574284077 -0.69276794340219083 -1.0344891829832368 -0.064637828668529795 -0.16183081454433978 -0.038211677552883246 -0.18403387124056828 -0.10933363270550085 -0.10090494392144965
leaf_weight=7971.810335995101 15.625538277439771 503.03770747532826 16.169016014400768 20.680062385804376 18.505240086352387 11.178432066317326 34.287139963186291 35.157417437621916 19.337513356731506 300.70892013508637 109.89421017392306 1.1708843660744594 5.807633226503639 103.15149842731898 51.372726880981645 33.071516137942126 235.3005047362567 50.048647024843376 422.89365791309137 40.253002703651873 10.336097094725117 69.174038958968595 2.8490143045783025 0.90187564492225591 10.571165801127792 5.1619219414424151 5.1568325686967 1.4584451264818197 45.131171307461045 24.92213009617808
leaf_count=52709 4191 116083 56429 21413 579 610 7066 1911 323 10145 1701 67 780 6468 980 951 1006 322 2066 182 155 138 24 13 47 40 30 37 337 1428
internal_value=0.000185982 3.23827e-05 0.0100342 0.0116482 -0.0102774 -0.00219935 0.0205654 -0.0300751 -0.0786548 -0.0105512 0.0268841 0.0317502 0.0445925 0.0194301 -0.0144518 -0.00134591 -0.0159709 -0.0361019 0.000155538 -0.071458 0.00154944 -0.0233674 -0.0388488 0.0369934 -0.187942 -0.350654 -0.186033 -0.508992 -0.0289695 0.0135343
internal_weight=10175.1 10159.5 1230.46 1214.29 351.073 330.393 863.217 95.7606 53.6247 311.887 767.456 42.1359 40.9651 657.562 154.524 8929.04 957.23 425.754 531.476 83.6606 50.5891 375.705 299.014 76.6912 18.5821 8.01094 7.51715 2.36032 280.432 447.816
internal_count=288231 284040 224555 168126 32747 11334 135379 10147 7389 10755 125232 2758 2691 123531 7448 59485 6776 1994 4782 1288 337 1672 1454 218 111 64 80 50 1343 3494
is_linear=0
shrinkage=0.1


Tree=90
num_leaves=31
num_cat=3
split_feature=2 27 0 1 8 30 0 38 27 4 9 30 35 30 40 23 32 1 0 33 23 39 15 32 32 8 27 30 11 17
split_gain=14.4925 14.0382 33.2119 51.3028 37.5983 35.2624 53.2252 33.7183 32.9443 29.3909 28.1223 63.1513 49.6492 45.7702 42.464 35.2348 34.9007 62.8985 62.1513 54.9507 50.0275 46.7171 46.2095 44.2629 63.0376 56.5 56.4638 37.6115 37.2821 36.1772
threshold=1.0000000180025095e-35 5.1479974968710893 154210.00000000003 0.38384914272050547 25.500000000000004 0.38516483516483524 1108110.0000000002 6.5000000000000009 5.0622234513274345 1.9732121895782397 60.500000000000007 0.27346041055718479 0 0.26975051975051983 7.5000000000000009 1 4389318.0000000009 0.58480776568141557 565092.00000000012 0.55338145896656543 2 0.21411150379538327 0.53872496898812705 28084672.000000004 10305617.500000002 1.5000000000000002 15.543775649794803 0.26726190476190481 -1.5795652589638265 29.500000000000004
decision_type=2 10 2 2 2 10 2 2 10 2 2 10 1 10 2 1 2 2 2 10 1 2 2 2 2 2 10 10 8 2
left_child=1 2 8 7 5 -5 -7 -4 9 -1 11 13 -13 16 -12 -14 19 20 29 -3 27 22 -22 24 25 -20 -26 -18 -24 -19
right_child=-2 10 3 4 -6 6 -8 -9 -10 -11 14 12 15 -15 -16 -17 17 18 23 -21 21 -23 28 -25 26 -27 -28 -29 -30 -31
leaf_value=-0.010918296927536663 0.066523413952316646 -0.03205552250533289 0.096182386090679139 0.015930151037952988 -0.1000231401785453 -0.15159684817408089 0.018724733729121028 -0.21782012146499763 0.07515400289204488 -0.19075082797560081 -0.21816113110490032 -0.067901487566713936 0.0085053054633205758 -0.14238430897075499 0.0054911417719369264 -0.021749817174862282 -0.039488241805637619 -0.1426308232220985 -0.12726893248355062 0.06626106238288075 -0.24295192253049613 -0.10109870727153712 -0.13334368782129466 0.05791881307856437 -0.057978923732346102 -0.0060786857193288269 -0.22461683599030483 0.13055419287571798 0.060334927431251531 -0.045876510361312378
leaf_weight=903.20434736541756 32.812921239587013 121.58278856927245 94.698815527553961 1471.5070853860416 30.263443410007312 32.1566914463383 42.725117392622451 3.5479151845192964 44.748369904294123 9.1805333117254104 8.512142373248933 90.775344739040975 2333.5918165775033 32.237930922429769 3169.1604874582317 450.96297267137697 291.1139324513465 96.780273538754045 44.456481068593348 106.77209633367147 5.4772791522900652 24.642884621935082 10.435770645471164 49.027885968239389 57.041994598119345 285.64011334861607 31.597747793404778 13.616264187619889 208.7363551515682 64.334266625522105
leaf_count=43490 6255 4113 152 24008 524 1506 516 754 1539 507 73 27181 63080 2012 27799 15176 31096 7491 5132 1936 246 9259 2851 774 1838 1480 1828 225 1060 4330
internal_value=0.000172526 -4.24277e-05 0.00624057 0.0147322 0.0103634 0.0125237 -0.0544169 0.084843 -0.0086191 -0.0127278 -0.0022484 -0.00750213 0.00106572 -0.0245686 0.00489204 0.00354515 -0.0218773 -0.0287868 -0.0504302 0.0139145 -0.00421905 0.0284639 0.0439433 -0.0319803 -0.0425061 -0.0224002 -0.117381 -0.030877 0.051113 -0.103996
internal_weight=10161.3 10128.5 2632.03 1674.9 1576.65 1546.39 74.8818 98.2467 957.133 912.385 7496.5 4318.82 2875.33 1443.49 3177.67 2784.55 1411.26 1182.9 628.879 228.355 554.022 249.292 224.649 467.764 418.736 330.097 88.6397 304.73 219.172 161.115
internal_count=288231 281976 72996 27460 26554 26030 2022 906 45536 43997 208980 181108 105437 75671 27872 78256 73659 67610 22873 6049 44737 13416 4157 11052 10278 6612 3666 31321 3911 11821
cat_boundaries=0 1 2 3
cat_threshold=1 10 8
is_linear=0
shrinkage=0.1


Tree=91
num_leaves=31
num_cat=1
split_feature=12 27 8 11 17 11 38 34 31 23 28 1 27 11 33 38 9 32 27 40 39 34 17 30 33 8 27 27 11 38
split_gain=13.7165 13.3335 26.6953 91.6747 70.3988 54.6533 44.1139 41.0569 61.7607 51.5709 47.5319 49.5923 44.3491 76.6399 43.382 40.0477 39.512 35.9165 33.4031 33.0744 35.2332 31.0845 61.3703 66.0602 29.0662 29.05 28.4026 28.2494 27.5592 27.9973
threshold=1.0000000180025095e-35 18.419413919413923 17.500000000000004 -0.6010374120535048 30.500000000000004 -1.173429068752345 5.5000000000000009 37.500000000000007 24.500000000000004 0 12.893134441291034 1.4915277831221159 23.310096153846157 -0.75360937138197526 0.55612829324169544 3.5000000000000004 52.500000000000007 11202609.500000002 33.153116531165317 38.500000000000007 0.031048519012524593 22.500000000000004 12.500000000000002 0.15301003344481609 0.28281378178835115 14.500000000000002 26.23582887700535 28.754310344827591 -1.1151207970746626 4.5000000000000009
decision_type=2 10 2 8 2 10 2 2 2 1 10 2 10 10 10 2 2 2 10 2 2 2 2 10 10 2 10 10 10 2
left_child=1 -1 3 4 7 -4 -6 8 9 -3 -9 27 13 -11 15 -14 18 -18 -8 20 -5 24 -23 -24 -17 -26 -13 -12 -7 -30
right_child=-2 2 5 19 6 28 16 10 -10 12 11 26 14 -15 -16 21 17 -19 -20 -21 -22 22 23 -25 25 -27 -28 -29 29 -31
leaf_value=0.0025451118840819015 0.10005103828994395 -0.10908222517448729 0.054701740788727915 0.022116863414633554 -0.1631723791923064 -0.21341760495278855 -0.12940687154108343 0.048692668629338083 -0.13633579175905267 -0.14042135899956365 -0.070542681300425958 -0.018688875278808095 -0.11278334746615185 0.075712877904539067 -0.15226622319243172 0.090915925809213358 0.069682721428611594 -0.13727364218973789 0.12358297951770483 -0.19732622442738257 -0.14939272209077942 0.061989432621379986 0.11422629646492788 -0.13429018281300895 -0.1307906517740707 0.079367664845964025 -0.20862626922961991 0.045691894512244043 -0.012425398179865604 0.011486500301711909
leaf_weight=6804.6442387225761 13.724878813838584 35.032756582360889 175.10241989950737 22.963027085967951 40.603183895053917 6.2355169229158482 45.934283756580044 267.17134155309577 41.103058237069945 47.802633674973549 29.981857605145706 13.246044330177936 18.824289383919677 24.979262419001316 13.904894950650485 119.3240868507346 38.409585048952977 10.727725736540377 5.8878864969769884 33.058252931901734 25.037709196210926 76.919695041163322 14.116920360059337 44.142058886685845 13.091329529014731 13.218833487262598 19.408720631949109 69.097685658672162 1224.7410142149165 815.81485886260998
leaf_count=194704 4191 3367 1440 93 680 108 14786 8944 8381 5986 2158 291 196 148 2092 3369 1034 1614 2730 2654 968 1156 103 4238 1956 72 889 2523 5459 11901
internal_value=0.000149529 1.3914e-05 -0.00519617 -0.0180616 -0.00979398 0.00108043 -0.0751472 0.000946607 -0.0193301 -0.00791627 0.0244538 -0.0247052 0.00397831 -0.0662426 0.0204054 0.0284184 -0.0397458 0.0244997 -0.100663 -0.120355 -0.0673444 0.0378838 0.00335028 -0.0740714 0.0699381 -0.0252023 -0.13158 0.0105189 -0.00350686 -0.00286541
internal_weight=10124.3 10110.5 3305.88 1083.99 1002.93 2221.89 141.563 861.365 462.46 421.357 398.906 131.734 386.324 72.7819 313.542 299.637 100.959 49.1373 51.8222 81.059 48.0007 280.813 135.179 58.259 145.634 26.3102 32.6548 99.0795 2046.79 2040.56
internal_count=288231 284040 89336 70428 66713 18908 20844 45869 31064 22683 14805 5861 19316 6134 13182 11090 20164 2648 17516 3715 1061 10894 5497 4341 5397 2028 1180 4681 17468 17360
cat_boundaries=0 1
cat_threshold=4
is_linear=0
shrinkage=0.1


Tree=92
num_leaves=31
num_cat=2
split_feature=6 4 38 19 30 11 11 29 28 1 39 27 0 39 39 33 39 38 35 29 39 38 8 11 17 9 32 28 38 1
split_gain=13.2702 15.8526 28.8328 19.3662 14.6912 14.0952 41.3769 25.5828 25.3943 51.9968 24.4184 20.1624 16.6064 16.4179 76.6042 37.2235 42.9268 35.5134 36.4296 43.1507 29.8126 31.2639 29.6882 32.0913 27.4678 30.3165 27.0479 26.8971 27.0314 25.115
threshold=1.0000000180025095e-35 0.99429833694012848 1.5000000000000002 0 0.34580419580419586 -3.1774225482784755 -3.6898539048687904 0.052982456140350888 2.0569653479268633 -0.71436006341210112 0.14339493266938824 24.837121212121215 -11187.999999999998 0.36068691814843473 0.36540597674335024 0.41719409282700431 0.40746680269489616 3.5000000000000004 1 0.10582306830907055 0.34489682852514053 1.5000000000000002 31.500000000000004 -0.53575820019861131 18.500000000000004 29.500000000000004 24390925.500000004 4.7878896362726904 1.5000000000000002 -0.32760418899704097
decision_type=2 2 2 1 10 8 10 10 10 2 2 10 2 2 2 10 2 2 1 10 2 2 2 10 2 2 2 8 2 2
left_child=5 2 -2 -4 -5 6 8 10 -1 11 -8 -10 -9 20 22 24 -17 18 19 29 -7 -22 23 -15 27 -26 -27 -16 -29 -18
right_child=1 -3 3 4 -6 13 7 12 9 -11 -12 -13 -14 14 15 16 17 -19 -20 -21 21 -23 -24 -25 25 26 -28 28 -30 -31
leaf_value=0.051606607626771654 0.062962234234822015 0.069465218150781244 -0.19506582799416167 -0.25525845249135432 0.081059773034185989 -0.0014215291804705711 0.12770204968857593 0.053213775018042142 -0.12383891336804137 -0.12048107878255261 -0.14739484304630043 0.16135942136769649 -0.13838895521589398 0.12254688360686694 0.046655091027893683 -0.10594120294647946 -0.11452914062755067 -0.10383965192446659 -0.056488172290549782 -0.08648736903802634 0.092598291009039158 -0.11671724220674112 0.27123945729610088 -0.1369696980861056 -0.11515596739806513 0.047292844733766715 -0.099611457149872795 0.080696458889696898 -0.11194188320612586 0.10485088328816819
leaf_weight=31.739876898250259 23.189309393520489 59.18988574820105 10.355012022960182 1.633050000056756 6.3465405172100873 9107.3297270104849 57.348375485289125 11.77261245578393 3.1596397598232207 39.652314290095546 3.4189719629539459 11.504504918324526 7.3460990434086844 37.922712133671666 27.855220974611257 54.600397991900536 5.6405624092949429 28.71380330678403 37.561919869443955 17.349539228576759 8.6710945798558878 40.300463510048758 11.407591492934442 5.449681480641174 12.925258173880136 298.97860038402678 13.081666089232383 8.921517839189617 39.691287850961999 69.726170843783621
leaf_count=4604 143 499 436 61 37 99001 1246 6320 14657 88119 2860 3049 6192 882 1015 4776 361 14040 1401 709 183 3340 75 184 7597 15486 3024 565 6543 826
internal_value=0.000117749 0.0362351 -0.0111324 -0.104846 0.0122311 -0.000246291 0.0286552 0.0804823 -0.0194558 -0.0609811 0.112224 0.0999086 -0.0204069 -0.000734377 0.0143785 0.0042859 -0.0294412 -0.00316992 0.0190181 0.0502776 -0.00183995 -0.079655 0.127694 0.089939 0.0222303 0.0349186 0.0411346 -0.0316942 -0.0765885 0.0884321
internal_weight=10092.8 100.714 41.5239 18.3346 7.97959 9992.07 165.942 79.8861 86.0563 54.3165 60.7673 14.6641 19.1187 9826.13 669.826 615.046 213.592 158.992 130.278 92.7163 9156.3 48.9716 54.78 43.3724 401.454 324.986 312.06 76.468 48.6128 75.3667
internal_count=288231 1176 677 534 98 287055 127047 16618 110429 105825 4106 17706 12512 160008 57484 56343 22113 17337 3297 1896 102524 3523 1141 1066 34230 26107 18510 8123 7108 1187
cat_boundaries=0 1 2
cat_threshold=2 5
is_linear=0
shrinkage=0.1


Tree=93
num_leaves=31
num_cat=0
split_feature=30 8 27 8 34 0 11 11 8 27 32 38 27 32 8 29 27 27 0 9 4 17 29 8 28 1 0 39 32 39
split_gain=12.8929 15.5143 17.7822 19.1167 22.6587 16.6877 14.4885 24.3231 23.7542 19.0933 23.1555 22.1033 32.708 17.2327 16.3375 44.2042 63.7683 52.5936 56.3765 42.8392 30.0312 28.6474 28.4039 38.1777 51.826 37.4805 48.5956 36.1325 35.9172 31.9304
threshold=0.55684754521963831 -3.4999999999999996 12.850168350168351 15.500000000000002 3.5000000000000004 -11187.999999999998 -6.5761281972369998 -3.1774225482784755 -4.4999999999999991 29.659863945578234 9239330.5000000019 8.5000000000000018 6.462146892655368 4117503.5000000005 5.5000000000000009 0.037386443046820407 6.5735930735930745 6.462146892655368 -358883.49999999994 58.500000000000007 12.077551203737496 29.500000000000004 0.14017543859649126 39.500000000000007 18.718000911861779 7.3418944431424844 565092.00000000012 0.034736829262521807 3690933.5000000005 0.076693608096733965
decision_type=10 2 10 2 2 2 8 8 2 8 2 2 10 2 2 10 10 10 2 2 2 2 10 2 8 2 2 2 2 2
left_child=6 -2 5 4 -4 -3 13 8 -8 10 11 12 -10 -1 15 16 17 20 -19 -17 -9 -21 28 -24 25 26 -25 -26 -16 -30
right_child=1 2 3 -5 -6 -7 7 14 9 -11 -12 -13 -14 -15 22 19 -18 18 -20 21 -22 -23 23 24 27 -27 -28 -29 29 -31
leaf_value=0.068752019015460769 -0.14784122090733751 -0.09690650805849424 0.07684964078956219 0.031465321707501048 -0.16986379691280551 0.062797381106926772 -0.078087861772890732 -0.012410360979903544 0.067613352815610553 -0.13153341263259483 0.10774205048013136 0.11158827385863784 -0.12288151569519652 -0.14864441992510144 -0.046229489384391989 0.0018553298162094041 -0.076674873179566561 0.52870583989397202 0.054336066350235079 -0.13542310412887601 -0.18487778536318844 0.036512623218653811 -0.0046007629117952083 -0.09298959003823011 -0.71298942733785475 -0.20695169790251022 0.042399590097085271 -0.12636780376470924 0.014055621989052381 -0.0037840441212362639
leaf_weight=5.0196815475837893 4.9048695099809256 6.9531218944539424 5.2101005153963369 28.714828373736964 13.038980059227468 110.87942821273828 14.616124620928529 645.03148629658608 18.147522178580402 5.13831399663104 60.629138400816373 16.903298147729402 17.907578818776528 13.32665074404076 126.21951272087608 2636.1735209197432 192.3560125358299 3.5810595090406414 8.340078011440708 37.536982401676141 10.256740938079018 13.06301318653095 1524.5074978955035 57.20922613179755 2.0142576210200778 13.526805981407049 49.406610833881132 2.1932889452436939 2893.3551680330947 1535.8866205120994
leaf_count=3162 2935 244 31 156 427 452 72462 19193 82 641 1594 1065 684 45587 1640 67088 12774 16 129 919 276 475 15426 1119 17 308 173 28 10644 28484
internal_value=8.8886e-05 0.0274191 0.0326354 -0.0193965 -0.0994273 0.0533735 -0.000379485 -0.000214688 0.0422059 0.0570151 0.0655444 0.0172346 -0.0270002 -0.0891633 -0.000794797 -0.00620898 -0.0259476 -0.011323 0.196835 0.000105912 -0.0151099 -0.0910358 0.0022999 -0.00894658 -0.0622254 -0.050144 -0.0302492 -0.407198 0.00637059 0.00786953
internal_weight=10072 169.701 164.796 46.9639 18.2491 117.833 9902.35 9884 133.342 118.726 113.588 52.9584 36.0551 18.3463 9750.66 3546.34 859.565 667.209 11.9211 2686.77 655.288 50.6 6204.32 1648.86 124.35 120.143 106.616 4.20755 4555.46 4429.24
internal_count=288231 4245 1310 614 458 696 283986 235237 76528 4066 3425 1831 766 48749 158709 100870 32388 19614 145 68482 19469 1394 57839 17071 1645 1600 1292 45 40768 39128
is_linear=0
shrinkage=0.1


Tree=94
num_leaves=31
num_cat=3
split_feature=2 20 19 0 31 1 16 0 39 17 32 23 17 17 39 0 11 34 11 1 39 36 29 31 9 8 0 11 33 8
split_gain=12.8269 13.7753 16.7631 12.2071 27.1183 25.592 35.3762 29.4303 49.1699 27.2022 26.8205 25.4959 29.2786 30.2048 27.7791 23.5572 43.7131 23.5148 25.197 24.9381 23.5031 22.5446 40.1722 23.314 28.2105 33.1684 21.9749 47.5084 33.9565 39.2909
threshold=1.0000000180025095e-35 1.0000000180025095e-35 0 1677991.5000000002 7.5000000000000009 2.8092855982734464 0.14907407407407405 1185975.5000000002 0.0056199697954482661 44.500000000000007 31235931.500000004 1 39.500000000000007 41.500000000000007 0.036597125351631628 1072202.0000000002 -1.6083918585847752 80.500000000000014 -0.33324588557734375 -0.85700958006157901 0.13252112875689073 2 0.076556776556776576 15.500000000000002 70.500000000000014 9.5000000000000018 630512.00000000012 -0.72187214778354725 0.27346041055718479 16.500000000000004
decision_type=2 2 1 2 2 2 2 2 2 2 2 1 2 2 2 2 8 2 10 2 2 1 10 2 2 2 2 8 10 2
left_child=3 2 -2 5 -5 9 7 8 -7 15 11 12 14 -14 21 17 -17 -1 -19 -20 -21 22 -8 -23 25 -25 27 -13 29 -29
right_child=1 -3 -4 4 -6 6 10 -9 -10 -11 -12 26 13 -15 -16 16 -18 18 19 20 -22 23 -24 24 -26 -27 -28 28 -30 -31
leaf_value=0.0011059249338421357 -0.26220746609939766 0.10094773713143788 0.061471449959974771 -0.19030188237688173 0.011381996776484021 -0.68547475956943149 -0.043708700922778503 -0.01482055197982177 -0.11569061308865905 -0.12988051770017986 -0.19447275753699989 -0.15002066513917675 0.11798753866713629 -0.24432551094344312 -0.1433591831305637 -0.13448247238179153 0.036948160231112845 -0.10421946359992057 -0.2185106354091817 0.010330523379305772 -0.12621057057266291 0.047726301698120983 -0.38285540693585923 -0.11659346021637125 0.04044878637910948 -0.60129381837338736 0.0014566173665478421 -0.20116652326911605 0.012242440401217034 -0.019639556737746464
leaf_weight=6948.9696369887915 2.5662958871689652 23.658556310343556 4.249447442824021 6.7097638009668108 1042.251942315987 1.5758581899322042 13.858163035643885 37.386436247445999 38.918358340841223 15.821984367978073 7.804616390134469 30.089790179199554 15.213668685811173 2.7109723190442301 37.918495255486505 15.662868978190543 295.41256047688648 41.497265834183054 5.7397895915146355 110.05007312630187 14.237605091137082 32.633248531390564 4.669434113260194 5.5025317434228764 6.8681536633157521 1.8990662178257478 1092.4110768956766 18.256617360902055 133.43370247404437 34.373385246856742
leaf_count=232868 24 5324 907 386 11862 24 190 331 1054 2054 522 4180 94 120 1608 2106 1282 3943 95 290 633 194 167 234 32 33 15137 556 1497 484
internal_value=8.22186e-05 0.0648611 -0.0604017 -0.000114956 0.0100919 -0.0013095 -0.0131549 -0.0787973 -0.137864 0.001101 -0.00959885 -0.00858974 -0.0506188 0.0631903 -0.0752555 0.00137986 0.0283165 0.000203069 -0.0363743 -0.014722 -0.00531076 -0.0357879 -0.129182 0.00110476 -0.105513 -0.240956 -0.00427511 -0.0334403 -0.0145872 -0.0826087
internal_weight=10042.4 30.4743 6.81574 10011.9 1048.96 8962.92 1515.52 77.8807 40.4942 7447.39 1437.64 1429.84 121.274 17.9246 103.349 7431.57 311.075 7120.49 171.525 130.027 124.288 65.4306 18.5276 46.903 14.2698 7.4016 1308.56 216.153 186.064 52.63
internal_count=288231 6255 931 281976 12248 269728 26457 1409 1078 243271 25048 24526 2672 214 2458 241217 3388 237829 4961 1018 923 850 357 493 299 267 21854 6717 2537 1040
cat_boundaries=0 1 2 3
cat_threshold=2 2 4
is_linear=0
shrinkage=0.1


Tree=95
num_leaves=31
num_cat=1
split_feature=32 8 17 39 32 32 0 28 1 39 40 1 8 11 34 16 33 32 38 11 39 17 39 27 8 23 11 0 39 34
split_gain=12.525 19.9923 17.1133 19.139 15.7793 23.9952 32.9397 61.4256 28.1957 35.2445 25.1187 23.2529 22.4228 26.1775 45.9531 21.5822 21.085 24.1666 31.9118 27.6982 23.3316 19.9857 19.8756 19.7415 45.0606 42.1844 39.3288 48.9356 59.2102 38.4391
threshold=2451523.0000000005 26.500000000000004 28.500000000000004 0.045729203756284011 3573227.5000000005 4389318.0000000009 143962.50000000003 12.288696882511141 1.3041015200879211 0.20301992371167196 31.500000000000004 4.4836458911387647 1.5000000000000002 -1.0851005408925143 41.500000000000007 0.18393234672304448 0.84807692307692317 3998406.5000000005 1.5000000000000002 0.16225657108394378 0.10927202653146546 43.500000000000007 0.58870144277227243 5.1479974968710893 6.5000000000000009 0 -1.0851005408925143 -219693.99999999997 0.031048519012524593 56.500000000000007
decision_type=2 2 2 2 2 2 2 8 2 2 2 2 2 8 2 2 10 2 2 8 2 2 2 8 2 1 10 2 2 2
left_child=1 2 -1 -4 11 6 7 12 22 15 -9 -2 -6 14 -14 -10 17 -15 -19 -20 -21 -11 -8 -7 25 26 -25 -28 -29 -27
right_child=4 -3 3 -5 5 23 8 10 9 21 -12 -13 13 16 -16 -17 -18 18 19 20 -22 -23 -24 24 -26 29 27 28 -30 -31
leaf_value=0.057351256558228696 -0.013912261738479113 -0.1881116466899857 0.091893443020133012 -0.1154937844340319 -0.083873891294561173 0.0078913160323580544 0.057695707727917857 0.097678873896218557 -0.16528027831326367 -0.14248474535082031 -0.15672183175733834 -0.11608198695292729 -0.15139478581929819 0.0016815557520743188 0.26296628354643375 0.029672499213337245 0.10747304126793851 0.05702346103108713 -0.055371903162778839 -0.40895117680610593 -0.15198920292188883 0.10091692179062871 0.24427054715606278 -0.12683811794749877 0.0014122686928826813 -0.0091981400560122491 0.10676265013221019 -0.0031113545738933354 -0.18632451842380796 -0.098554563414884777
leaf_weight=95.726933634636225 355.67826191069162 3.979810764465582 6.7525650275165416 13.049761649825085 63.095482211906528 1955.4919758385022 188.33971204148747 56.417391567603772 5.8236787836758586 20.201752868582847 4.1678658216023896 23.764036820129149 3.975332048990821 74.973131846672914 8.1913680141733476 227.85801527312287 11.079559251887984 12.668010193970984 26.719380650851242 4.589047476460105 15.362406858752363 4.049679734088385 5.8882197171833459 66.600847298764165 4995.8145055215073 1612.6926519427698 21.309153809677809 53.195586130321317 26.390203787152132 49.623123650721936
leaf_count=1764 11522 158 177 1299 7514 52000 1934 745 83 1410 815 1079 150 683 36 2659 63 217 312 37 269 26 233 15310 47826 131702 220 169 461 7358
internal_value=7.53549e-05 0.032255 0.0398463 -0.044775 -0.000313342 0.000484173 0.0178611 -0.00901078 0.0345751 0.0129057 0.0801778 -0.020311 -0.0334994 -0.0133266 0.127578 0.024814 -0.0251178 -0.0360554 -0.0837351 -0.121942 -0.211093 -0.10184 0.0633519 -0.000967152 -0.00350504 -0.0169304 -0.0634108 -0.0278273 -0.0638638 -0.0117946
internal_weight=10013.5 119.509 115.529 19.8023 9893.96 9514.52 733.4 281.239 452.161 257.933 60.5853 379.442 220.654 157.558 12.1667 233.682 145.392 134.312 59.3388 46.6708 19.9515 24.2514 194.228 8781.12 6825.63 1829.81 167.496 100.895 79.5858 1662.32
internal_count=288231 3398 3240 1476 284833 272232 17186 10841 6345 4178 1560 12601 9281 1767 186 2742 1581 1518 835 618 306 1436 2167 255046 203046 155220 16160 850 630 139060
cat_boundaries=0 1
cat_threshold=2
is_linear=0
shrinkage=0.1


Tree=96
num_leaves=31
num_cat=0
split_feature=6 17 5 39 28 17 8 0 32 30 28 32 39 9 11 37 8 38 27 11 0 33 38 27 28 8 0 39 0 31
split_gain=12.3181 14.5294 13.2595 19.6947 27.3041 24.4769 20.5341 20.292 22.154 17.6469 15.3234 15.0511 31.0208 25.0494 70.266 67.4706 31.757 52.3509 30.7116 29.8101 24.841 28.5961 23.0956 30.1847 40.4957 23.2887 31.4119 22.6279 25.2586 22.3048
threshold=1.0000000180025095e-35 29.500000000000004 1.0000000180025095e-35 0.28884534460187605 5.2546103872124741 28.500000000000004 7.5000000000000009 -23045.999999999996 2969653.5000000005 0.34833164812942369 9.1949068196553192 25423982.000000004 0.1046639412153479 44.500000000000007 0.55265752664486911 1.0000000180025095e-35 3.5000000000000004 4.5000000000000009 2.9386733416770969 1.0075081551481448 -178044.49999999997 0.34178433889602061 15.500000000000002 17.035714285714288 11.203007328299714 16.500000000000004 1038507.5000000001 0.00078551984227365212 -122320.49999999999 37.500000000000007
decision_type=2 2 2 2 8 2 2 2 2 10 8 2 2 2 8 2 2 2 10 10 2 10 2 10 10 2 2 2 2 2
left_child=2 -2 11 4 -4 6 7 -6 -9 -7 -10 29 13 16 15 20 17 -13 -19 -16 -15 -22 23 25 -25 26 -21 -20 -29 -1
right_child=1 -3 3 -5 5 9 -8 8 10 -11 -12 12 -14 14 19 -17 -18 18 27 22 21 -23 -24 24 -26 -27 -28 28 -30 -31
leaf_value=-0.00070549537762586644 0.052016501678930939 -0.055794376464132878 0.068603237941837633 0.087199502184308719 0.066416118984491498 -0.24071600363710877 0.032238596532426132 0.08973803238749728 -0.36252945257393532 0.039013078558076147 -0.10716092139976714 -0.31509848258504675 -0.11431502362829637 0.084392103773964999 0.05445557239204827 -0.19795901381740719 0.091941567619833811 -0.21781772738542882 -0.17697124722859733 -0.32046851031150148 0.009360864091638086 -0.2102888180082946 0.072012768492959359 -0.34630811857429061 -0.057895509484898834 0.038492216732792919 0.022463805815597811 -0.178322722314843 0.071179251408845415 0.031803299788776877
leaf_weight=9143.7795173747108 81.987223152078514 14.749101900646563 44.408694787796776 41.955563678902763 5.2623211953941782 8.3638624655668519 41.914285798236961 2.5931654271589677 4.9112933799788125 3.0878567699746773 4.5052091395955367 5.3948405468836418 32.128331342274578 15.541918202987288 75.081276292869006 40.027223394748944 45.197650449637877 5.4266698165029075 4.7893840350907331 4.9336995249032025 15.115359787589115 9.7506358544123923 16.099011377573333 7.4477103548124459 14.056839020107871 27.77204303513281 5.8240817429032177 4.4320157113279484 48.019915820744245 216.0426104953749
leaf_count=263126 756 420 268 891 27 178 111 14 156 73 153 28 11954 106 126 404 169 380 802 38 77 154 50 53 44 51 17 340 1153 6112
internal_value=6.78334e-05 0.0355789 -0.000279373 0.0285501 0.00716167 -0.0314654 -0.00557232 -0.0973288 -0.169078 -0.165289 -0.240352 -0.000744234 -0.0203334 -0.011579 -0.0304229 -0.105937 0.0269619 -0.0161883 0.0095437 0.00974536 -0.0147828 -0.0767698 -0.034347 -0.0628688 -0.157782 -0.00989511 -0.134811 0.0310983 0.0500972 4.48698e-05
internal_weight=9990.6 96.7363 9893.86 157.002 115.047 70.638 59.1863 17.272 12.0097 11.4517 9.4165 9736.86 377.039 344.91 231.65 80.4351 113.26 68.0628 62.668 151.215 40.4079 24.866 76.1334 60.0344 21.5045 38.5298 10.7578 57.2413 52.4519 9359.82
internal_count=288231 1176 287055 1871 980 712 461 350 323 251 309 285184 15946 3992 1120 741 2872 2703 2675 379 337 231 253 203 97 106 55 2295 1493 269238
is_linear=0
shrinkage=0.1


Tree=97
num_leaves=31
num_cat=2
split_feature=7 36 17 9 39 27 8 11 34 34 30 40 33 30 11 32 19 27 27 34 39 8 9 9 11 31 32 28 11 40
split_gain=12.508 59.5344 28.8909 25.2164 15.5724 14.4451 30.9241 71.9659 48.7629 51.473 44.5602 42.7586 58.1861 50.3673 35.4903 51.0296 44.4366 35.5899 54.797 43.5367 53.4697 61.8837 42.0747 37.9073 36.8434 39.6515 35.7172 35.1478 104.844 34.7693
threshold=1.0000000180025095e-35 0 29.500000000000004 35.500000000000007 0.014205335454280212 7.6530100334448177 7.5000000000000009 -4.7698911538083246 56.500000000000007 44.500000000000007 0.42705167173252284 13.500000000000002 0.57212205270457706 0.23145604395604399 -1.2033436875137513 14618229.500000002 1 24.186147186147192 23.950588235294124 14.500000000000002 0.039543833129663426 19.500000000000004 64.500000000000014 63.500000000000007 3.0380138637577887 10.500000000000002 26939105.000000004 11.498272102696582 -0.6622241006420494 72.500000000000014
decision_type=2 1 2 2 2 10 2 10 2 2 10 2 10 10 8 2 1 10 10 2 2 2 2 2 10 2 2 8 10 2
left_child=5 4 3 -3 -2 -1 7 -7 9 -9 11 12 -11 -13 15 16 -8 18 22 20 21 -19 -16 -20 25 -24 -27 28 -21 -28
right_child=1 2 -4 -5 -6 6 14 8 -10 10 -12 13 -14 -15 17 -17 -18 19 23 27 -22 -23 24 -25 -26 26 29 -29 -30 -31
leaf_value=0.0044882852113038883 -0.6092582465929296 -0.20757987311010645 -0.10035549952315875 0.090220093323081965 -0.16294312700479058 -0.12933933448306009 -0.17188090567442738 -0.019484945575281905 -0.13381273696545967 -0.15366719519730765 -0.10513765605829324 -0.19635374516770593 0.083300560955488684 0.060903978481288756 -0.01022347449416413 -0.10257170298099445 0.038630273473338757 -0.30734018521632134 0.12164866131718338 -0.16044661372717364 -0.13460240119904451 0.0066087288767796978 -0.12818668033042052 -0.057798358551401641 -0.045969968232576985 0.02873370349886353 -0.20754389775530147 -0.014514974475007237 0.053341040639207353 -0.0058333955039312421
leaf_weight=3853.0731468453077 0.85963626775446833 2.9500546834678962 10.035373373283617 78.629988635674636 8.6294731244215637 53.98894624843706 10.253078641653701 1051.821998786686 31.946415396570046 24.987975342269237 23.803768328198203 7.8563535082157605 17.702910387561133 243.17763826099781 1197.5603747774421 29.066998429398154 455.64735505759745 6.7620602953102198 63.12186801509597 25.965065455231525 63.275228640924979 87.805574717545824 17.227107967853954 14.470763500074098 85.949622082064707 953.5126826528649 12.296758413714995 1318.2227003259341 196.84855389969016 28.012877846460469
leaf_count=109638 37 538 481 361 604 56745 332 60040 4219 857 2066 1342 144 7124 11003 1206 5177 93 190 444 2285 372 333 114 1131 6896 269 12764 1032 394
internal_value=6.52859e-05 0.0350595 0.0597555 0.0794512 -0.203376 -0.000293023 -0.00335262 -0.0160466 -0.0116817 -0.00883242 0.0264544 0.0371187 -0.0554022 0.0528528 0.000693232 0.0259775 0.0339976 -0.0023809 0.00553173 -0.0134293 -0.063449 -0.0158402 0.00273683 0.0881824 0.0168852 0.0222285 0.0248359 -0.00830601 0.0284278 -0.0673667
internal_weight=9975.46 101.105 91.6154 81.58 9.48911 9874.36 6021.28 1455.29 1401.3 1369.35 317.529 293.725 42.6909 251.034 4566 494.967 465.9 4071.03 2372.15 1698.88 157.843 94.5676 2294.56 77.5926 1097 1011.05 993.822 1541.04 222.814 40.3096
internal_count=288231 2021 1380 899 641 286210 176572 132537 75792 71573 11533 9467 1001 8466 44035 6715 5509 37320 20330 16990 2750 465 20026 304 9023 7892 7559 14240 1476 663
cat_boundaries=0 1 2
cat_threshold=1 4
is_linear=0
shrinkage=0.1


Tree=98
num_leaves=31
num_cat=2
split_feature=30 17 17 0 28 38 11 24 20 19 21 40 29 29 31 1 0 0 0 17 39 38 11 32 1 9 2 17 0 34
split_gain=12.447 15.4658 26.5152 23.4048 14.6545 14.163 17.2019 13.5991 29.7612 143.424 25.2331 45.3903 45.9664 32.0242 27.284 23.3854 41.0278 38.9937 66.9074 41.6403 23.7497 38.3055 27.8018 32.1465 41.0008 24.3142 21.5617 21.5462 20.531 20.4681
threshold=0.55684754521963831 12.500000000000002 20.500000000000004 565092.00000000012 6.4204989294655705 5.5000000000000009 -3.5611511255906634 1.0000000180025095e-35 1.0000000180025095e-35 0 1 43.500000000000007 0.21103238866396765 0.1306379520520114 14.500000000000002 -0.43909614025464427 -82286.999999999985 -395944.99999999994 -968856.99999999988 14.500000000000002 0.24071298925050191 8.5000000000000018 -0.26047384478338809 4721764.0000000009 -0.010081986362059215 86.500000000000014 1.0000000180025095e-35 23.500000000000004 917223.50000000012 34.500000000000007
decision_type=10 2 2 2 10 2 8 2 2 1 1 2 10 8 2 2 2 2 2 2 2 2 10 2 2 2 2 2 2 2
left_child=7 -2 -3 4 -4 -5 -7 8 9 -1 29 13 -13 -12 -14 17 -17 18 -9 -19 22 28 23 -18 -25 27 -10 -26 -22 -11
right_child=1 2 3 5 -6 6 -8 15 26 10 11 12 14 -15 -16 16 20 19 -20 -21 21 -23 -24 24 25 -27 -28 -29 -30 -31
leaf_value=-0.12193733245959493 0.071500260814286815 -0.1683628937185366 0.0055119854135904055 0.074641550517416569 -0.1270500477135173 0.093236834721906969 -0.16268754001492355 0.085627741229073281 0.00054759865872837659 -0.0099752851931509817 0.011860304005299128 -0.15463859725370585 0.13131925706868924 -0.13170870075460642 -0.16206077618026415 -0.14914689163817835 0.083725861410765295 -0.26448233688158401 -0.2330212009057378 0.1048403367725437 -0.11239786878690655 0.11054236404547789 0.047009624705950548 0.066221586257831533 -0.046630436138122781 0.10416136449380249 0.10091455236788005 -0.15544243792152018 0.11187498693648823 0.022774953800067776
leaf_weight=115.87161277982705 53.547263428744827 8.0838466460636464 21.28075054786359 56.05940492443915 13.713223546082189 4.6595533769523172 6.0189204166508699 15.750419537363998 8145.9860982853115 441.63944659503704 129.55429607296219 48.035231095890595 10.737775289607724 17.653759299641024 4.4976688793017265 16.697227358732562 28.396357565899962 3.1750762428855515 11.329211920777196 79.288924011283598 41.077458668458348 12.021688828163859 184.76540903211571 29.714475825354384 49.898101060442059 7.3268321296200147 21.460721587063745 28.644139663594615 4.5322050071990807 336.02800658294973
leaf_count=124532 509 750 1193 102 1259 240 192 267 112198 15526 2896 6036 144 1636 374 821 118 190 861 742 1245 1370 405 109 714 5 5228 731 22 7816
internal_value=6.20022e-05 0.0274374 0.00595191 0.0198034 -0.0464356 0.0545357 -0.0510149 -0.00039508 -0.00127171 -0.0166818 -0.00433942 -0.034178 -0.106636 -0.00535705 0.0447103 0.0154601 0.00432545 0.056431 -0.0476843 0.0906205 0.0109577 -0.0482562 0.0213384 -0.0116048 -0.0350255 -0.0700615 0.000811322 -0.0863139 -0.090112 0.00412299
internal_weight=9947.45 163.363 109.816 101.732 34.994 66.7379 10.6785 9784.08 9271.46 1104.02 988.146 210.479 63.2707 147.208 15.2354 512.618 403.074 109.544 27.0796 82.464 386.377 57.6314 328.745 143.98 115.584 85.8691 8167.45 78.5422 45.6097 777.667
internal_count=288231 4245 3736 2986 2452 534 432 283986 276386 158960 34428 11086 6554 4532 518 7600 5540 2060 1128 932 4719 2637 2082 1677 1559 1450 117426 1445 1267 23342
cat_boundaries=0 1 2
cat_threshold=2 9
is_linear=0
shrinkage=0.1


Tree=99
num_leaves=31
num_cat=1
split_feature=38 8 35 25 28 8 28 32 32 27 33 0 1 0 4 30 34 39 32 0 28 32 30 4 1 32 33 27 8 0
split_gain=12.8473 21.126 46.4547 36.5953 32.7689 42.9417 35.5455 35.7247 30.4629 29.8409 28.6972 37.637 44.8314 42.6802 36.1226 31.5426 42.6882 52.9288 40.8153 27.1121 51.83 46.4689 37.5211 30.3197 29.3706 28.7594 35.6109 25.1107 45.0755 33.2693
threshold=7.5000000000000009 -1.0000000180025095e-35 0 1.0000000180025095e-35 7.1039731622734026 -3.4999999999999996 8.1050285138608 4721764.0000000009 3690933.5000000005 10.252906976744187 0.11796331435800128 -545836.99999999988 -0.63103781714801688 -380644.99999999994 3.148303337072615 0.20169491525423733 8.5000000000000018 0.011831586556072084 11490149.000000002 813796.50000000012 12.478602481519617 4803207.5000000009 0.22305140961857381 1.2576828185870628 11.126369028348011 5823644.0000000009 0.27718676122931446 18.419413919413923 3.5000000000000004 129335.00000000001
decision_type=2 2 1 2 10 2 10 2 2 8 8 2 2 2 2 8 2 2 2 2 8 2 10 2 2 2 10 10 2 2
left_child=1 2 3 9 8 -6 7 -7 -4 -1 14 -12 13 -13 -5 16 17 -14 19 20 21 -17 -21 -22 -24 26 -23 29 -29 -3
right_child=-2 27 4 10 5 6 -8 -9 -10 -11 11 12 15 -15 -16 18 -18 -19 -20 22 23 25 24 -25 -26 -27 -28 28 -30 -31
leaf_value=-0.19309511779764468 0.0099337842228530236 -0.0059261091609634012 0.0067913417015570444 0.063142157631554383 -0.1469675503999259 -0.20124017641817185 -0.046363981138182908 0.088579460046028041 -0.12250220127137008 0.087802685333165431 -0.14599431888756423 -0.17453256858299837 0.038780065428227678 0.085792404104873141 -0.10758304941078618 -0.1415462624928823 0.052368879675813162 -0.1633920714150649 -0.21114403678181867 -0.24532011781288407 0.10428046162012992 0.099266237417393544 0.030863388387382163 -0.092683373243099554 -0.18586581498408286 -0.070187964346006146 -0.060799560839023541 -0.1422777699334202 -0.0062363622483045831 0.010768134083652391
leaf_weight=16.955393041359457 1161.3375148454452 1890.9614160127794 23.212483213488667 113.12452758318523 22.974486096262353 4.6612922873318885 66.708916953358312 48.576731882243621 84.776110023410638 4.867690587234395 19.023982643711861 6.8533272242293597 27.93606555518636 77.707137705159766 13.917962053480549 56.804918455105508 128.71694206669781 24.138481533726008 11.916179679288687 5.5065342466441498 32.242185161794623 28.635998083076629 134.25747435170342 10.315959659110375 6.5582995147560714 88.436715456968159 27.007872770819631 24.594437589123118 2507.8971217864346 3237.600005571192
leaf_count=512 224558 17131 531 1159 2186 61 719 253 4236 51 1234 424 63 672 190 1914 1188 853 357 86 346 182 522 283 71 1789 718 737 14391 10814
internal_value=5.15457e-05 -0.00126053 -0.0143145 -0.00261689 -0.0510986 -0.021722 0.00226742 0.0632041 -0.0947102 -0.13044 0.000781622 -0.00730267 -0.00334714 0.064694 0.0444386 -0.013225 0.0214617 -0.0549342 -0.028837 -0.0232634 -0.0437107 -0.0649484 0.0107558 0.0565371 0.0207695 -0.0347491 0.0215751 0.000589667 -0.00755754 0.00461277
internal_weight=9908.22 8746.89 1085.83 834.924 250.91 142.921 119.947 53.238 107.989 21.8231 813.101 686.058 667.034 84.5605 127.042 582.474 180.791 52.0745 401.682 389.766 243.444 200.886 146.322 42.5581 140.816 144.081 55.6439 7661.05 2532.49 5128.56
internal_count=288231 63673 20600 12614 7986 3219 1033 314 4767 563 12051 10702 9468 1096 1349 8372 2104 916 6268 5911 5232 4603 679 629 593 2689 900 43073 15128 27945
cat_boundaries=0 1
cat_threshold=12
is_linear=0
shrinkage=0.1


end of trees

feature_importances:
score_margin_to_second=284
days_to_due=235
days_to_due_zscore=229
amount_diff_abs=215
rank_in_payment=210
debtor_mean_payment_delay=149
debtor_open_invoice_amount=143
days_since_creation=114
amount_diff_rel=107
debtor_std_payment_delay=101
amount_ratio=100
label_length=98
debtor_payment_count=95
debtor_grouping_rate=90
debtor_ref_citation_rate=89
n_candidates=87
debtor_partial_payment_rate=85
debtor_open_invoice_count=69
amount_exact_match=66
ref_exact_in_label=66
iban_route=66
iban_matches_invoice_debtor=63
name_jaro_winkler=48
name_token_set_ratio=43
is_typical_discount=24
same_agreement=23
payment_type=21
market=21
is_bank_fee_gap=17
product=17
is_retention_gap=7
recourse=6
channel=5
assignor_active_at_value_date=4
bankroll_code=2
label_has_no_alpha=1

parameters:
[boosting: gbdt]
[objective: binary]
[metric: auc,binary_logloss]
[tree_learner: serial]
[device_type: cpu]
[data_sample_strategy: bagging]
[data: ]
[valid: ]
[num_iterations: 500]
[learning_rate: 0.1]
[num_leaves: 31]
[num_threads: 8]
[seed: 42]
[deterministic: 0]
[force_col_wise: 0]
[force_row_wise: 0]
[histogram_pool_size: -1]
[max_depth: -1]
[min_data_in_leaf: 20]
[min_sum_hessian_in_leaf: 0.001]
[bagging_fraction: 1]
[pos_bagging_fraction: 1]
[neg_bagging_fraction: 1]
[bagging_freq: 0]
[bagging_seed: 400]
[bagging_by_query: 0]
[feature_fraction: 1]
[feature_fraction_bynode: 1]
[feature_fraction_seed: 30056]
[extra_trees: 0]
[extra_seed: 12879]
[early_stopping_round: 0]
[early_stopping_min_delta: 0]
[first_metric_only: 0]
[max_delta_step: 0]
[lambda_l1: 0]
[lambda_l2: 0]
[linear_lambda: 0]
[min_gain_to_split: 0]
[drop_rate: 0.1]
[max_drop: 50]
[skip_drop: 0.5]
[xgboost_dart_mode: 0]
[uniform_drop: 0]
[drop_seed: 17869]
[top_rate: 0.2]
[other_rate: 0.1]
[min_data_per_group: 100]
[max_cat_threshold: 32]
[cat_l2: 10]
[cat_smooth: 10]
[max_cat_to_onehot: 4]
[top_k: 20]
[monotone_constraints: ]
[monotone_constraints_method: basic]
[monotone_penalty: 0]
[feature_contri: ]
[forcedsplits_filename: ]
[refit_decay_rate: 0.9]
[cegb_tradeoff: 1]
[cegb_penalty_split: 0]
[cegb_penalty_feature_lazy: ]
[cegb_penalty_feature_coupled: ]
[path_smooth: 0]
[interaction_constraints: ]
[verbosity: -1]
[saved_feature_importance_type: 0]
[use_quantized_grad: 0]
[num_grad_quant_bins: 4]
[quant_train_renew_leaf: 0]
[stochastic_rounding: 1]
[linear_tree: 0]
[max_bin: 255]
[max_bin_by_feature: ]
[min_data_in_bin: 3]
[bin_construct_sample_cnt: 200000]
[data_random_seed: 175]
[is_enable_sparse: 1]
[enable_bundle: 1]
[use_missing: 1]
[zero_as_missing: 0]
[feature_pre_filter: 1]
[pre_partition: 0]
[two_round: 0]
[header: 0]
[label_column: ]
[weight_column: ]
[group_column: ]
[ignore_column: ]
[categorical_feature: 19,21,22,23,35,36]
[forcedbins_filename: ]
[precise_float_parser: 0]
[parser_config_file: ]
[objective_seed: 16083]
[num_class: 1]
[is_unbalance: 0]
[scale_pos_weight: 23.3438]
[sigmoid: 1]
[boost_from_average: 1]
[reg_sqrt: 0]
[alpha: 0.9]
[fair_c: 1]
[poisson_max_delta_step: 0.7]
[tweedie_variance_power: 1.5]
[lambdarank_truncation_level: 30]
[lambdarank_norm: 1]
[label_gain: ]
[lambdarank_position_bias_regularization: 0]
[eval_at: ]
[multi_error_top_k: 1]
[auc_mu_weights: ]
[num_machines: 1]
[local_listen_port: 12400]
[time_out: 120]
[machine_list_filename: ]
[machines: ]
[gpu_platform_id: -1]
[gpu_device_id: -1]
[gpu_device_id_list: ]
[gpu_use_dp: 0]
[num_gpu: 1]

end of parameters

pandas_categorical:[["ASSIGNOR", "DEBTOR_DIRECT", "TECHNICAL_ACCOUNT"], ["CONFIDENTIEL", "SOUS_PARTICIPATION", "STANDARD", "TECHNIQUE"], ["CHEQUE", "LCR", "SEPA", "SWIFT"], ["LCR", "PRELEVEMENT", "REMISE_CHEQUE", "VIREMENT"], ["BTP", "COMMERCE", "INDUSTRIE", "SERVICES"], ["CLASSIQUE", "CONFIDENTIEL", "INVERSE"]]
